{"cameraMode":{"drawMode":0,"name":"Shaded","section":"Shading Mode"},"sceneLighting":false,"audioPlay":false,"sceneViewState":{"m_AlwaysRefresh":false,"showFog":true,"showSkybox":true,"showFlares":true,"showImageEffects":true,"showParticleSystems":true,"showVisualEffectGraphs":true,"m_FxEnabled":true},"in2DMode":false,"pivot":{"x":-0.13886141777038575,"y":-6.64295768737793,"z":-21.56776237487793},"rotation":{"x":0.002377999247983098,"y":0.9948714375495911,"z":-0.09852324426174164,"w":0.02415594458580017},"size":12.603935241699219,"orthographic":false}