{"cameraMode":{"drawMode":0,"name":"Shaded","section":"Shading Mode"},"sceneLighting":false,"audioPlay":false,"sceneViewState":{"m_AlwaysRefresh":false,"showFog":true,"showSkybox":true,"showFlares":true,"showImageEffects":true,"showParticleSystems":true,"showVisualEffectGraphs":true,"m_FxEnabled":true},"in2DMode":false,"pivot":{"x":-15.910503387451172,"y":-3.0212464332580568,"z":-26.483659744262697},"rotation":{"x":0.00501144677400589,"y":-0.9896540641784668,"z":0.03565170615911484,"w":0.1389654278755188},"size":4.865499496459961,"orthographic":false}