{"cameraMode":{"drawMode":0,"name":"Shaded","section":"Shading Mode"},"sceneLighting":false,"audioPlay":false,"sceneViewState":{"m_AlwaysRefresh":false,"showFog":true,"showSkybox":true,"showFlares":true,"showImageEffects":true,"showParticleSystems":true,"showVisualEffectGraphs":true,"m_FxEnabled":true},"in2DMode":false,"pivot":{"x":-2.7718279361724855,"y":-4.732865810394287,"z":1.2793278694152833},"rotation":{"x":0.0016294029774144292,"y":-0.9975037574768066,"z":0.06624120473861695,"w":0.02455000765621662},"size":3.052349805831909,"orthographic":false}