{"cameraMode":{"drawMode":0,"name":"Shaded","section":"Shading Mode"},"sceneLighting":false,"audioPlay":false,"sceneViewState":{"m_AlwaysRefresh":false,"showFog":true,"showSkybox":true,"showFlares":true,"showImageEffects":true,"showParticleSystems":true,"showVisualEffectGraphs":true,"m_FxEnabled":true},"in2DMode":false,"pivot":{"x":-16.560274124145509,"y":-54.626651763916019,"z":-20.891576766967775},"rotation":{"x":0.1489800363779068,"y":0.7510071992874146,"z":-0.18148528039455415,"w":0.6172353029251099},"size":14.530847549438477,"orthographic":false}