{"cameraMode":{"drawMode":0,"name":"Shaded","section":"Shading Mode"},"sceneLighting":false,"audioPlay":false,"sceneViewState":{"m_AlwaysRefresh":false,"showFog":true,"showSkybox":true,"showFlares":true,"showImageEffects":true,"showParticleSystems":true,"showVisualEffectGraphs":true,"m_FxEnabled":true},"in2DMode":false,"pivot":{"x":-1.1978752613067628,"y":-3.542452812194824,"z":-30.74859046936035},"rotation":{"x":0.003184573957696557,"y":0.9943212866783142,"z":-0.031041940674185754,"w":0.10204993188381195},"size":5.917326927185059,"orthographic":false}