{"cameraMode":{"drawMode":0,"name":"Shaded","section":"Shading Mode"},"sceneLighting":false,"audioPlay":false,"sceneViewState":{"m_AlwaysRefresh":false,"showFog":true,"showSkybox":true,"showFlares":true,"showImageEffects":true,"showParticleSystems":true,"showVisualEffectGraphs":true,"m_FxEnabled":true},"in2DMode":false,"pivot":{"x":497.9299621582031,"y":95.13626098632813,"z":-597.5537109375},"rotation":{"x":0.013497733511030674,"y":-0.016497565433382989,"z":0.00022271824127528816,"w":0.9997730255126953},"size":14.192208290100098,"orthographic":false}