{"cameraMode":{"drawMode":0,"name":"Shaded","section":"Shading Mode"},"sceneLighting":false,"audioPlay":false,"sceneViewState":{"m_AlwaysRefresh":false,"showFog":true,"showSkybox":true,"showFlares":true,"showImageEffects":true,"showParticleSystems":true,"showVisualEffectGraphs":true,"m_FxEnabled":true},"in2DMode":false,"pivot":{"x":0.18634214997291566,"y":-0.1831439733505249,"z":-24.403377532958986},"rotation":{"x":0.0005325668607838452,"y":-0.9994792342185974,"z":0.025201760232448579,"w":0.020997852087020875},"size":4.662095546722412,"orthographic":false}