{"cameraMode":{"drawMode":0,"name":"Shaded","section":"Shading Mode"},"sceneLighting":false,"audioPlay":false,"sceneViewState":{"m_AlwaysRefresh":false,"showFog":true,"showSkybox":true,"showFlares":true,"showImageEffects":true,"showParticleSystems":true,"showVisualEffectGraphs":true,"m_FxEnabled":true},"in2DMode":false,"pivot":{"x":-1.9683321714401246,"y":2.144484758377075,"z":-2.341108798980713},"rotation":{"x":0.0070781344547867779,"y":0.9718791246414185,"z":-0.2335232049226761,"w":0.029457736760377885},"size":0.7877944111824036,"orthographic":false}