{"cameraMode":{"drawMode":0,"name":"Shaded","section":"Shading Mode"},"sceneLighting":false,"audioPlay":false,"sceneViewState":{"m_AlwaysRefresh":false,"showFog":true,"showSkybox":true,"showFlares":true,"showImageEffects":true,"showParticleSystems":true,"showVisualEffectGraphs":true,"m_FxEnabled":true},"in2DMode":false,"pivot":{"x":3.0317890644073488,"y":-10.764869689941407,"z":-29.278902053833009},"rotation":{"x":0.07896652817726135,"y":-0.9192466139793396,"z":0.30107176303863528,"w":0.24110323190689088},"size":4.176214218139648,"orthographic":false}