{"cameraMode":{"drawMode":0,"name":"Shaded","section":"Shading Mode"},"sceneLighting":false,"audioPlay":false,"sceneViewState":{"m_AlwaysRefresh":false,"showFog":true,"showSkybox":true,"showFlares":true,"showImageEffects":true,"showParticleSystems":true,"showVisualEffectGraphs":true,"m_FxEnabled":true},"in2DMode":false,"pivot":{"x":-2.4473400115966799,"y":-339.50396728515627,"z":196.0335235595703},"rotation":{"x":-0.49912041425704958,"y":0.00935195479542017,"z":-0.005394055042415857,"w":-0.866481602191925},"size":249.61097717285157,"orthographic":false}