{"cameraMode":{"drawMode":0,"name":"Shaded","section":"Shading Mode"},"sceneLighting":false,"audioPlay":false,"sceneViewState":{"m_AlwaysRefresh":false,"showFog":true,"showSkybox":true,"showFlares":true,"showImageEffects":true,"showParticleSystems":true,"showVisualEffectGraphs":true,"m_FxEnabled":true},"in2DMode":false,"pivot":{"x":-13.017006874084473,"y":463.9508056640625,"z":-21.714082717895509},"rotation":{"x":0.09096893668174744,"y":0.20025116205215455,"z":-0.01867777854204178,"w":0.9753405451774597},"size":221.41282653808595,"orthographic":false}