{"cameraMode":{"drawMode":0,"name":"Shaded","section":"Shading Mode"},"sceneLighting":false,"audioPlay":false,"sceneViewState":{"m_AlwaysRefresh":false,"showFog":true,"showSkybox":true,"showFlares":true,"showImageEffects":true,"showParticleSystems":true,"showVisualEffectGraphs":true,"m_FxEnabled":true},"in2DMode":false,"pivot":{"x":3.505465269088745,"y":0.29720014333724978,"z":-13.163619995117188},"rotation":{"x":0.007521036081016064,"y":-0.9921651482582092,"z":0.10004890710115433,"w":0.07455076277256012},"size":5.382509231567383,"orthographic":false}