{"cameraMode":{"drawMode":0,"name":"Shaded","section":"Shading Mode"},"sceneLighting":false,"audioPlay":false,"sceneViewState":{"m_AlwaysRefresh":false,"showFog":true,"showSkybox":true,"showFlares":true,"showImageEffects":true,"showParticleSystems":true,"showVisualEffectGraphs":true,"m_FxEnabled":true},"in2DMode":false,"pivot":{"x":6.903453826904297,"y":-6.750229835510254,"z":-53.164939880371097},"rotation":{"x":-0.0019639867823570968,"y":-0.9977567195892334,"z":0.038944490253925326,"w":-0.05593542754650116},"size":23.464052200317384,"orthographic":false}