{"cameraMode":{"drawMode":0,"name":"Shaded","section":"Shading Mode"},"sceneLighting":false,"audioPlay":false,"sceneViewState":{"m_AlwaysRefresh":false,"showFog":true,"showSkybox":true,"showFlares":true,"showImageEffects":true,"showParticleSystems":true,"showVisualEffectGraphs":true,"m_FxEnabled":true},"in2DMode":false,"pivot":{"x":5.556323528289795,"y":0.12979674339294434,"z":-23.507041931152345},"rotation":{"x":0.0007679966511204839,"y":-0.9992331862449646,"z":0.029985377565026284,"w":0.025484811514616014},"size":6.882204532623291,"orthographic":false}