{"cameraMode":{"drawMode":0,"name":"Shaded","section":"Shading Mode"},"sceneLighting":false,"audioPlay":false,"sceneViewState":{"m_AlwaysRefresh":false,"showFog":true,"showSkybox":true,"showFlares":true,"showImageEffects":true,"showParticleSystems":true,"showVisualEffectGraphs":true,"m_FxEnabled":true},"in2DMode":false,"pivot":{"x":8.298651695251465,"y":-4.711241722106934,"z":-26.58871078491211},"rotation":{"x":0.0018432269571349025,"y":-0.9976645112037659,"z":0.029948551207780839,"w":0.06144024059176445},"size":4.332464694976807,"orthographic":false}