{"cameraMode":{"drawMode":0,"name":"Shaded","section":"Shading Mode"},"sceneLighting":false,"audioPlay":false,"sceneViewState":{"m_AlwaysRefresh":false,"showFog":true,"showSkybox":true,"showFlares":true,"showImageEffects":true,"showParticleSystems":true,"showVisualEffectGraphs":true,"m_FxEnabled":true},"in2DMode":false,"pivot":{"x":-0.48066574335098269,"y":-3.209618091583252,"z":-25.496896743774415},"rotation":{"x":0.00036362570244818926,"y":-0.9995489120483398,"z":0.027003979310393335,"w":0.01350112073123455},"size":8.69109058380127,"orthographic":false}