Unity Editor version:    2022.3.10f1 (ff3792e53c62)
Branch:                  2022.3/staging
Build type:              Release
Batch mode:              YES
System name:             Linux
Distro version:          #1 SMP PREEMPT_DYNAMIC Fri, 31 Oct 2025 22:12:26 +0000
Kernel version:          6.11.11-valve26-1-neptune-611-gb3afa9aa9ae7
Architecture:            x86_64
Available memory:        14809 MB
Using pre-set license
Pro License: YES

(Unity:29263): Gtk-CRITICAL **: 17:34:39.264: gtk_window_set_default_icon: assertion 'GDK_IS_PIXBUF (icon)' failed

(Unity:29263): GLib-GObject-CRITICAL **: 17:34:39.264: g_object_unref: assertion 'G_IS_OBJECT (object)' failed
Desktop is 1920 x 1080 @ 60 Hz
Initialize udev device monitor.

COMMAND LINE ARGUMENTS:
Unity
-adb2
-batchMode
-noUpm
-name
AssetImportWorker0
-projectPath
/home/deck/overworked
-logFile
Logs/AssetImportWorker0.log
-srvPort
36745
Successfully changed project path to: /home/deck/overworked
/home/deck/overworked
[UnityMemory] Configuration Parameters - Can be set up in boot.config
    "memorysetup-bucket-allocator-granularity=16"
    "memorysetup-bucket-allocator-bucket-count=8"
    "memorysetup-bucket-allocator-block-size=33554432"
    "memorysetup-bucket-allocator-block-count=8"
    "memorysetup-main-allocator-block-size=16777216"
    "memorysetup-thread-allocator-block-size=16777216"
    "memorysetup-gfx-main-allocator-block-size=16777216"
    "memorysetup-gfx-thread-allocator-block-size=16777216"
    "memorysetup-cache-allocator-block-size=4194304"
    "memorysetup-typetree-allocator-block-size=2097152"
    "memorysetup-profiler-bucket-allocator-granularity=16"
    "memorysetup-profiler-bucket-allocator-bucket-count=8"
    "memorysetup-profiler-bucket-allocator-block-size=33554432"
    "memorysetup-profiler-bucket-allocator-block-count=8"
    "memorysetup-profiler-allocator-block-size=16777216"
    "memorysetup-profiler-editor-allocator-block-size=1048576"
    "memorysetup-temp-allocator-size-main=16777216"
    "memorysetup-job-temp-allocator-block-size=2097152"
    "memorysetup-job-temp-allocator-block-size-background=1048576"
    "memorysetup-job-temp-allocator-reduction-small-platforms=262144"
    "memorysetup-allocator-temp-initial-block-size-main=262144"
    "memorysetup-allocator-temp-initial-block-size-worker=262144"
    "memorysetup-temp-allocator-size-background-worker=32768"
    "memorysetup-temp-allocator-size-job-worker=262144"
    "memorysetup-temp-allocator-size-preload-manager=33554432"
    "memorysetup-temp-allocator-size-nav-mesh-worker=65536"
    "memorysetup-temp-allocator-size-audio-worker=65536"
    "memorysetup-temp-allocator-size-cloud-worker=32768"
    "memorysetup-temp-allocator-size-gi-baking-worker=262144"
    "memorysetup-temp-allocator-size-gfx=262144"
Player connection [140698310804288] Host "[IP] 192.168.1.160 [Port] 0 [Flags] 2 [Guid] 4000831509 [EditorId] 4000831509 [Version] 1048832 [Id] LinuxEditor(16,192.168.1.160) [Debug] 1 [PackageName] LinuxEditor [ProjectName] Editor" joined multi-casting on [225.0.0.222:54997]...

Player connection [140698310804288] Host "[IP] 192.168.1.160 [Port] 0 [Flags] 2 [Guid] 4000831509 [EditorId] 4000831509 [Version] 1048832 [Id] LinuxEditor(16,192.168.1.160) [Debug] 1 [PackageName] LinuxEditor [ProjectName] Editor" joined alternative multi-casting on [225.0.0.222:34997]...

[Physics::Module] Initialized MultithreadedJobDispatcher with 7 workers.
Refreshing native plugins compatible for Editor in 21.40 ms, found 1 plugins.
Preloading 0 native plugins for Editor in 0.00 ms.
Initialize engine version: 2022.3.10f1 (ff3792e53c62)
[Subsystems] Discovering subsystems at path /home/deck/Unity/Hub/Editor/2022.3.10f1/Editor/Data/Resources/UnitySubsystems
[Subsystems] Discovering subsystems at path /home/deck/overworked/Assets
GLX Extensions: GLX_ARB_context_flush_control GLX_ARB_create_context GLX_ARB_create_context_no_error GLX_ARB_create_context_profile GLX_ARB_create_context_robustness GLX_ARB_fbconfig_float GLX_ARB_framebuffer_sRGB GLX_ARB_get_proc_address GLX_ARB_multisample GLX_EXT_buffer_age GLX_EXT_create_context_es2_profile GLX_EXT_create_context_es_profile GLX_EXT_fbconfig_packed_float GLX_EXT_framebuffer_sRGB GLX_EXT_no_config_context GLX_EXT_swap_control GLX_EXT_swap_control_tear GLX_EXT_texture_from_pixmap GLX_EXT_visual_info GLX_EXT_visual_rating GLX_INTEL_swap_event GLX_MESA_copy_sub_buffer GLX_MESA_gl_interop GLX_MESA_query_renderer GLX_MESA_swap_control GLX_OML_sync_control GLX_SGIS_multisample GLX_SGIX_fbconfig GLX_SGIX_pbuffer GLX_SGIX_visual_select_group GLX_SGI_make_current_read GLX_SGI_swap_control GLX_SGI_video_sync 
Renderer: AMD Custom GPU 0405 (radeonsi, vangogh, LLVM 18.1.8, DRM 3.59, 6.11.11-valve26-1-neptune-611-gb3afa9aa9ae7)
Vendor:   AMD
Version:  4.6 (Core Profile) Mesa 24.3.4 (git-8d0948917e)
GLES:     0
 GL_AMD_conservative_depth GL_AMD_depth_clamp_separate GL_AMD_draw_buffers_blend GL_AMD_framebuffer_multisample_advanced GL_AMD_gpu_shader_int64 GL_AMD_multi_draw_indirect GL_AMD_performance_monitor GL_AMD_pinned_memory GL_AMD_query_buffer_object GL_AMD_seamless_cubemap_per_texture GL_AMD_shader_stencil_export GL_AMD_shader_trinary_minmax GL_AMD_texture_texture4 GL_AMD_vertex_shader_layer GL_AMD_vertex_shader_viewport_index GL_ANGLE_texture_compression_dxt3 GL_ANGLE_texture_compression_dxt5 GL_ARB_ES2_compatibility GL_ARB_ES3_1_compatibility GL_ARB_ES3_2_compatibility GL_ARB_ES3_compatibility GL_ARB_arrays_of_arrays GL_ARB_base_instance GL_ARB_bindless_texture GL_ARB_blend_func_extended GL_ARB_buffer_storage GL_ARB_clear_buffer_object GL_ARB_clear_texture GL_ARB_clip_control GL_ARB_color_buffer_float GL_ARB_compressed_texture_pixel_storage GL_ARB_compute_shader GL_ARB_compute_variable_group_size GL_ARB_conditional_render_inverted GL_ARB_conservative_depth GL_ARB_copy_buffer GL_ARB_copy_image GL_ARB_cull_dist
ance GL_ARB_debug_output GL_ARB_depth_buffer_float GL_ARB_depth_clamp GL_ARB_derivative_control GL_ARB_direct_state_access GL_ARB_draw_buffers GL_ARB_draw_buffers_blend GL_ARB_draw_elements_base_vertex GL_ARB_draw_indirect GL_ARB_draw_instanced GL_ARB_enhanced_layouts GL_ARB_explicit_attrib_location GL_ARB_explicit_uniform_location GL_ARB_fragment_coord_conventions GL_ARB_fragment_layer_viewport GL_ARB_fragment_shader GL_ARB_framebuffer_no_attachments GL_ARB_framebuffer_object GL_ARB_framebuffer_sRGB GL_ARB_get_program_binary GL_ARB_get_texture_sub_image GL_ARB_gl_spirv GL_ARB_gpu_shader5 GL_ARB_gpu_shader_fp64 GL_ARB_gpu_shader_int64 GL_ARB_half_float_pixel GL_ARB_half_float_vertex GL_ARB_indirect_parameters GL_ARB_instanced_arrays GL_ARB_internalformat_query GL_ARB_internalformat_query2 GL_ARB_invalidate_subdata GL_ARB_map_buffer_alignment GL_ARB_map_buffer_range GL_ARB_multi_bind GL_ARB_multi_draw_indirect GL_ARB_occlusion_query2 GL_ARB_parallel_shader_compile GL_ARB_pipeline_statistics_query GL_ARB_pixel
_buffer_object GL_ARB_point_sprite GL_ARB_polygon_offset_clamp GL_ARB_post_depth_coverage GL_ARB_program_interface_query GL_ARB_provoking_vertex GL_ARB_query_buffer_object GL_ARB_robust_buffer_access_behavior GL_ARB_robustness GL_ARB_sample_shading GL_ARB_sampler_objects GL_ARB_seamless_cube_map GL_ARB_seamless_cubemap_per_texture GL_ARB_separate_shader_objects GL_ARB_shader_atomic_counter_ops GL_ARB_shader_atomic_counters GL_ARB_shader_ballot GL_ARB_shader_bit_encoding GL_ARB_shader_clock GL_ARB_shader_draw_parameters GL_ARB_shader_group_vote GL_ARB_shader_image_load_store GL_ARB_shader_image_size GL_ARB_shader_objects GL_ARB_shader_precision GL_ARB_shader_stencil_export GL_ARB_shader_storage_buffer_object GL_ARB_shader_subroutine GL_ARB_shader_texture_image_samples GL_ARB_shader_texture_lod GL_ARB_shader_viewport_layer_array GL_ARB_shading_language_420pack GL_ARB_shading_language_include GL_ARB_shading_language_packing GL_ARB_sparse_buffer GL_ARB_sparse_texture GL_ARB_sparse_texture2 GL_ARB_sparse_texture_
clamp GL_ARB_spirv_extensions GL_ARB_stencil_texturing GL_ARB_sync GL_ARB_tessellation_shader GL_ARB_texture_barrier GL_ARB_texture_border_clamp GL_ARB_texture_buffer_object GL_ARB_texture_buffer_object_rgb32 GL_ARB_texture_buffer_range GL_ARB_texture_compression_bptc GL_ARB_texture_compression_rgtc GL_ARB_texture_cube_map_array GL_ARB_texture_filter_anisotropic GL_ARB_texture_filter_minmax GL_ARB_texture_float GL_ARB_texture_gather GL_ARB_texture_mirror_clamp_to_edge GL_ARB_texture_multisample GL_ARB_texture_non_power_of_two GL_ARB_texture_query_levels GL_ARB_texture_query_lod GL_ARB_texture_rectangle GL_ARB_texture_rg GL_ARB_texture_rgb10_a2ui GL_ARB_texture_stencil8 GL_ARB_texture_storage GL_ARB_texture_storage_multisample GL_ARB_texture_swizzle GL_ARB_texture_view GL_ARB_timer_query GL_ARB_transform_feedback2 GL_ARB_transform_feedback3 GL_ARB_transform_feedback_instanced GL_ARB_transform_feedback_overflow_query GL_ARB_uniform_buffer_object GL_ARB_vertex_array_bgra GL_ARB_vertex_array_object GL_ARB_vertex
_attrib_64bit GL_ARB_vertex_attrib_binding GL_ARB_vertex_buffer_object GL_ARB_vertex_shader GL_ARB_vertex_type_10f_11f_11f_rev GL_ARB_vertex_type_2_10_10_10_rev GL_ARB_viewport_array GL_ATI_blend_equation_separate GL_ATI_meminfo GL_ATI_texture_float GL_ATI_texture_mirror_once GL_EXT_EGL_image_storage GL_EXT_EGL_image_storage_compression GL_EXT_EGL_sync GL_EXT_abgr GL_EXT_blend_equation_separate GL_EXT_debug_label GL_EXT_demote_to_helper_invocation GL_EXT_depth_bounds_test GL_EXT_draw_buffers2 GL_EXT_draw_instanced GL_EXT_framebuffer_blit GL_EXT_framebuffer_multisample GL_EXT_framebuffer_multisample_blit_scaled GL_EXT_framebuffer_object GL_EXT_framebuffer_sRGB GL_EXT_memory_object GL_EXT_memory_object_fd GL_EXT_packed_depth_stencil GL_EXT_packed_float GL_EXT_pixel_buffer_object GL_EXT_polygon_offset_clamp GL_EXT_provoking_vertex GL_EXT_semaphore GL_EXT_semaphore_fd GL_EXT_shader_image_load_formatted GL_EXT_shader_image_load_store GL_EXT_shader_integer_mix GL_EXT_shader_samples_identical GL_EXT_texture_array G
L_EXT_texture_compression_dxt1 GL_EXT_texture_compression_rgtc GL_EXT_texture_compression_s3tc GL_EXT_texture_filter_anisotropic GL_EXT_texture_filter_minmax GL_EXT_texture_integer GL_EXT_texture_mirror_clamp GL_EXT_texture_sRGB GL_EXT_texture_sRGB_R8 GL_EXT_texture_sRGB_RG8 GL_EXT_texture_sRGB_decode GL_EXT_texture_shadow_lod GL_EXT_texture_shared_exponent GL_EXT_texture_snorm GL_EXT_texture_storage GL_EXT_texture_swizzle GL_EXT_timer_query GL_EXT_transform_feedback GL_EXT_vertex_array_bgra GL_EXT_vertex_attrib_64bit GL_EXT_window_rectangles GL_IBM_multimode_draw_arrays GL_INTEL_blackhole_render GL_KHR_blend_equation_advanced GL_KHR_context_flush_control GL_KHR_debug GL_KHR_no_error GL_KHR_parallel_shader_compile GL_KHR_robust_buffer_access_behavior GL_KHR_robustness GL_KHR_shader_subgroup GL_KHR_texture_compression_astc_ldr GL_KHR_texture_compression_astc_sliced_3d GL_MESA_framebuffer_flip_y GL_MESA_pack_invert GL_MESA_shader_integer_functions GL_MESA_texture_const_bandwidth GL_MESA_texture_signed_rgba GL_
NVX_gpu_memory_info GL_NV_alpha_to_coverage_dither_control GL_NV_compute_shader_derivatives GL_NV_conditional_render GL_NV_copy_image GL_NV_depth_clamp GL_NV_packed_depth_stencil GL_NV_shader_atomic_int64 GL_NV_texture_barrier GL_NV_vdpau_interop GL_OES_EGL_image GL_S3_s3tc
OPENGL LOG: Creating OpenGL 4.6 graphics device ; Context level  <OpenGL 4.5> ; Context handle 807333776
Initialize mono
Mono path[0] = '/home/deck/Unity/Hub/Editor/2022.3.10f1/Editor/Data/Managed'
Mono path[1] = '/home/deck/Unity/Hub/Editor/2022.3.10f1/Editor/Data/MonoBleedingEdge/lib/mono/unityjit-linux'
Mono config path = '/home/deck/Unity/Hub/Editor/2022.3.10f1/Editor/Data/MonoBleedingEdge/etc'
Using monoOptions --debugger-agent=transport=dt_socket,embedding=1,server=y,suspend=n,address=127.0.0.1:56263
Begin MonoManager ReloadAssembly
Registering precompiled unity dll's ...
Register platform support module: /home/deck/Unity/Hub/Editor/2022.3.10f1/Editor/Data/PlaybackEngines/WebGLSupport/UnityEditor.WebGL.Extensions.dll
Register platform support module: /home/deck/Unity/Hub/Editor/2022.3.10f1/Editor/Data/PlaybackEngines/WindowsStandaloneSupport/UnityEditor.WindowsStandalone.Extensions.dll
Register platform support module: /home/deck/Unity/Hub/Editor/2022.3.10f1/Editor/Data/PlaybackEngines/LinuxStandaloneSupport/UnityEditor.LinuxStandalone.Extensions.dll
Registered in 0.025509 seconds.
- Loaded All Assemblies, in  0.810 seconds
Native extension for LinuxStandalone target not found
Native extension for WindowsStandalone target not found
Native extension for WebGL target not found
Mono: successfully reloaded assembly
- Finished resetting the current domain, in  0.605 seconds
Domain Reload Profiling: 1414ms
	BeginReloadAssembly (251ms)
		ExecutionOrderSort (0ms)
		DisableScriptedObjects (0ms)
		BackupInstance (0ms)
		ReleaseScriptingObjects (0ms)
		CreateAndSetChildDomain (1ms)
	RebuildCommonClasses (87ms)
	RebuildNativeTypeToScriptingClass (15ms)
	initialDomainReloadingComplete (150ms)
	LoadAllAssembliesAndSetupDomain (306ms)
		LoadAssemblies (254ms)
		RebuildTransferFunctionScriptingTraits (0ms)
		AnalyzeDomain (298ms)
			TypeCache.Refresh (296ms)
				TypeCache.ScanAssembly (267ms)
			ScanForSourceGeneratedMonoScriptInfo (1ms)
			ResolveRequiredComponents (1ms)
	FinalizeReload (606ms)
		ReleaseScriptCaches (0ms)
		RebuildScriptCaches (0ms)
		SetupLoadedEditorAssemblies (464ms)
			LogAssemblyErrors (0ms)
			InitializePlatformSupportModulesInManaged (93ms)
			SetLoadedEditorAssemblies (12ms)
			RefreshPlugins (0ms)
			BeforeProcessingInitializeOnLoad (3ms)
			ProcessInitializeOnLoadAttributes (259ms)
			ProcessInitializeOnLoadMethodAttributes (96ms)
			AfterProcessingInitializeOnLoad (0ms)
			EditorAssembliesLoaded (0ms)
		ExecutionOrderSort2 (0ms)
		AwakeInstancesAfterBackupRestoration (0ms)
========================================================================
Worker process is ready to serve import requests
Begin MonoManager ReloadAssembly
Symbol file LoadedFromMemory is not a mono symbol file
- Loaded All Assemblies, in  0.999 seconds
Refreshing native plugins compatible for Editor in 2.13 ms, found 1 plugins.
Native extension for LinuxStandalone target not found
Native extension for WindowsStandalone target not found
Native extension for WebGL target not found
Package Manager log level set to [2]
[Package Manager] Server::EnsureServerProcessIsRunning -- launch failed, reason: Unity was launched with the -noUpm command-line argument
[Package Manager] UpmClient::Send -- Unable to send message (not connected to UPM process).
[Package Manager] Cannot connect to Unity Package Manager local server
Mono: successfully reloaded assembly
- Finished resetting the current domain, in  0.820 seconds
Domain Reload Profiling: 1818ms
	BeginReloadAssembly (184ms)
		ExecutionOrderSort (0ms)
		DisableScriptedObjects (9ms)
		BackupInstance (0ms)
		ReleaseScriptingObjects (0ms)
		CreateAndSetChildDomain (39ms)
	RebuildCommonClasses (63ms)
	RebuildNativeTypeToScriptingClass (9ms)
	initialDomainReloadingComplete (54ms)
	LoadAllAssembliesAndSetupDomain (688ms)
		LoadAssemblies (485ms)
		RebuildTransferFunctionScriptingTraits (0ms)
		AnalyzeDomain (289ms)
			TypeCache.Refresh (252ms)
				TypeCache.ScanAssembly (222ms)
			ScanForSourceGeneratedMonoScriptInfo (29ms)
			ResolveRequiredComponents (7ms)
	FinalizeReload (820ms)
		ReleaseScriptCaches (0ms)
		RebuildScriptCaches (0ms)
		SetupLoadedEditorAssemblies (539ms)
			LogAssemblyErrors (0ms)
			InitializePlatformSupportModulesInManaged (42ms)
			SetLoadedEditorAssemblies (5ms)
			RefreshPlugins (0ms)
			BeforeProcessingInitializeOnLoad (85ms)
			ProcessInitializeOnLoadAttributes (371ms)
			ProcessInitializeOnLoadMethodAttributes (29ms)
			AfterProcessingInitializeOnLoad (7ms)
			EditorAssembliesLoaded (0ms)
		ExecutionOrderSort2 (0ms)
		AwakeInstancesAfterBackupRestoration (6ms)
Launched and connected shader compiler UnityShaderCompiler after 0.07 seconds
Refreshing native plugins compatible for Editor in 2.52 ms, found 1 plugins.
Preloading 0 native plugins for Editor in 0.00 ms.
Unloading 3206 Unused Serialized files (Serialized files now loaded: 0)
Unloading 38 unused Assets / (1.0 MB). Loaded Objects now: 3686.
Memory consumption went from 137.8 MB to 136.9 MB.
Total: 6.860692 ms (FindLiveObjects: 0.316210 ms CreateObjectMapping: 0.147010 ms MarkObjects: 4.836352 ms  DeleteObjects: 1.558830 ms)

AssetImportParameters requested are different than current active one (requested -> active):
  custom:container-demuxer-ogg: 62fdf1f143b41e24485cea50d1cbac27 -> 
  custom:video-decoder-ogg-theora: a1e56fd34408186e4bbccfd4996cb3dc -> 
  custom:CustomObjectIndexerAttribute: 306bfa6df2d96854e1ebb52f3ddacab7 -> 
  custom:container-demuxer-webm: 4f35f7cbe854078d1ac9338744f61a02 -> 
  custom:container-muxer-webm: aa71ff27fc2769a1b78a27578f13a17b -> 
  custom:video-decoder-webm-vp8: 9c59270c3fd7afecdb556c50c9e8de78 -> 
  custom:SearchIndexIgnoredProperties: e643bd26f0fe6173181afceb89e7c659 -> 
  custom:AudioImporter_EditorPlatform: 2f0ff77a95e0ac474e3e8eeba4e2f7cb -> 
  custom:video-encoder-webm-vp8: eb34c28f22e8b96e1ab97ce403110664 -> 
  custom:audio-decoder-ogg-vorbis: bf7c407c2cedff20999df2af8eb42d56 -> 
  custom:audio-encoder-webm-vorbis: bf7c407c2cedff20999df2af8eb42d56 -> 
========================================================================
Received Import Request.
  Time since last request: 24455.580680 seconds.
  path: Assets/Models/Floor.glb
  artifactKey: Guid(d4609535463cdf409a9753a7df100fa7) Importer(815301076,1909f56bfc062723c751e8b465ee728b)
Start importing Assets/Models/Floor.glb using Guid(d4609535463cdf409a9753a7df100fa7) Importer(815301076,1909f56bfc062723c751e8b465ee728b)  -> (artifact id: '31359e92375313483ae7bc8311b59c87') in 0.178095 seconds
Number of updated asset objects reloaded before import = 0
Number of asset objects unloaded after import = 7
========================================================================
Received Import Request.
  Time since last request: 13.724757 seconds.
  path: Assets/Scenes/Asset Testing.unity
  artifactKey: Guid(eaf2c45494e466cd4ac31d96d9d8c8f1) Importer(815301076,1909f56bfc062723c751e8b465ee728b)
Start importing Assets/Scenes/Asset Testing.unity using Guid(eaf2c45494e466cd4ac31d96d9d8c8f1) Importer(815301076,1909f56bfc062723c751e8b465ee728b)  -> (artifact id: '37f252bdba919aa4ebbac313bfc7a05d') in 0.000543 seconds
Number of updated asset objects reloaded before import = 0
Number of asset objects unloaded after import = 0
========================================================================
Received Import Request.
  Time since last request: 34.699043 seconds.
  path: Assets/Models/Floor.glb
  artifactKey: Guid(d4609535463cdf409a9753a7df100fa7) Importer(815301076,1909f56bfc062723c751e8b465ee728b)
Start importing Assets/Models/Floor.glb using Guid(d4609535463cdf409a9753a7df100fa7) Importer(815301076,1909f56bfc062723c751e8b465ee728b)  -> (artifact id: '07911a3b4c4151a191b7a8be1178d0c5') in 0.015038 seconds
Number of updated asset objects reloaded before import = 0
Number of asset objects unloaded after import = 7
========================================================================
Received Import Request.
  Time since last request: 77.285125 seconds.
  path: Assets/Models/Table
  artifactKey: Guid(83f864434ca677ca18a838888c9d2ec8) Importer(815301076,1909f56bfc062723c751e8b465ee728b)
Start importing Assets/Models/Table using Guid(83f864434ca677ca18a838888c9d2ec8) Importer(815301076,1909f56bfc062723c751e8b465ee728b)  -> (artifact id: '6b885aa52fa5acf2fff9452d1ad37dc9') in 0.001065 seconds
Number of updated asset objects reloaded before import = 0
Number of asset objects unloaded after import = 0
========================================================================
Received Import Request.
  Time since last request: 7.116591 seconds.
  path: Assets/Models/Floor
  artifactKey: Guid(23b48f8786936839096fc3781080a20b) Importer(815301076,1909f56bfc062723c751e8b465ee728b)
Start importing Assets/Models/Floor using Guid(23b48f8786936839096fc3781080a20b) Importer(815301076,1909f56bfc062723c751e8b465ee728b)  -> (artifact id: 'aabe912efd3c754cd5ffe4f2bb937da3') in 0.001083 seconds
Number of updated asset objects reloaded before import = 0
Number of asset objects unloaded after import = 0
========================================================================
Received Import Request.
  Time since last request: 11.491906 seconds.
  path: Assets/Models/Floor/Floor.mat
  artifactKey: Guid(93be3210f1f172da3bd490bfdbf79b47) Importer(815301076,1909f56bfc062723c751e8b465ee728b)
Start importing Assets/Models/Floor/Floor.mat using Guid(93be3210f1f172da3bd490bfdbf79b47) Importer(815301076,1909f56bfc062723c751e8b465ee728b)  -> (artifact id: '288c51f5fbeb95bd8e0068c862462060') in 0.039141 seconds
Number of updated asset objects reloaded before import = 0
Number of asset objects unloaded after import = 1
========================================================================
Received Import Request.
  Time since last request: 16.941145 seconds.
  path: Assets/Models/Floor/WoodTexture.png
  artifactKey: Guid(5ad81a1590c504f2b9ca2923ee3de3e6) Importer(815301076,1909f56bfc062723c751e8b465ee728b)
Start importing Assets/Models/Floor/WoodTexture.png using Guid(5ad81a1590c504f2b9ca2923ee3de3e6) Importer(815301076,1909f56bfc062723c751e8b465ee728b)  -> (artifact id: '230c89abb15336042ecd59f6cf8ec544') in 0.040876 seconds
Number of updated asset objects reloaded before import = 0
Number of asset objects unloaded after import = 2
========================================================================
Received Import Request.
  Time since last request: 77.459603 seconds.
  path: Assets/Models/Floor/Floor.prefab
  artifactKey: Guid(e80f7d2e23378f2419270c324fb9ecc0) Importer(815301076,1909f56bfc062723c751e8b465ee728b)
Start importing Assets/Models/Floor/Floor.prefab using Guid(e80f7d2e23378f2419270c324fb9ecc0) Importer(815301076,1909f56bfc062723c751e8b465ee728b)  -> (artifact id: '553e7d8e59de75a895d818c2368750da') in 0.011423 seconds
Number of updated asset objects reloaded before import = 0
Number of asset objects unloaded after import = 8
========================================================================
Received Import Request.
  Time since last request: 6.449522 seconds.
  path: Assets/Models/Floor/Floor.prefab
  artifactKey: Guid(e80f7d2e23378f2419270c324fb9ecc0) Importer(815301076,1909f56bfc062723c751e8b465ee728b)
Start importing Assets/Models/Floor/Floor.prefab using Guid(e80f7d2e23378f2419270c324fb9ecc0) Importer(815301076,1909f56bfc062723c751e8b465ee728b)  -> (artifact id: '2c19be5c6b5aaa1300dbb13e2a464435') in 0.003920 seconds
Number of updated asset objects reloaded before import = 0
Number of asset objects unloaded after import = 6
========================================================================
Received Import Request.
  Time since last request: 17.573098 seconds.
  path: Assets/Models/Floor/DO NOT USE.glb
  artifactKey: Guid(d4609535463cdf409a9753a7df100fa7) Importer(815301076,1909f56bfc062723c751e8b465ee728b)
Start importing Assets/Models/Floor/DO NOT USE.glb using Guid(d4609535463cdf409a9753a7df100fa7) Importer(815301076,1909f56bfc062723c751e8b465ee728b)  -> (artifact id: '3b615f5fee6ae18f58c79276f85bb254') in 0.013688 seconds
Number of updated asset objects reloaded before import = 0
Number of asset objects unloaded after import = 7
========================================================================
Received Import Request.
  Time since last request: 17.802575 seconds.
  path: Assets/Models/Floor/Floor.mat
  artifactKey: Guid(93be3210f1f172da3bd490bfdbf79b47) Importer(815301076,1909f56bfc062723c751e8b465ee728b)
Start importing Assets/Models/Floor/Floor.mat using Guid(93be3210f1f172da3bd490bfdbf79b47) Importer(815301076,1909f56bfc062723c751e8b465ee728b)  -> (artifact id: '8801506e9eee8a4f3d952ba8bbe76880') in 0.015108 seconds
Number of updated asset objects reloaded before import = 0
Number of asset objects unloaded after import = 2
========================================================================
Received Import Request.
  Time since last request: 158.632248 seconds.
  path: Assets/Scenes/Environment.unity
  artifactKey: Guid(c2975239c3739c7b2a2eae6dbece5b7e) Importer(815301076,1909f56bfc062723c751e8b465ee728b)
Start importing Assets/Scenes/Environment.unity using Guid(c2975239c3739c7b2a2eae6dbece5b7e) Importer(815301076,1909f56bfc062723c751e8b465ee728b)  -> (artifact id: '47837084cbfd921f184329c015b4885d') in 0.001197 seconds
Number of updated asset objects reloaded before import = 0
Number of asset objects unloaded after import = 0
========================================================================
Received Import Request.
  Time since last request: 33.028756 seconds.
  path: Assets/Scripts/LevelGenerator.cs
  artifactKey: Guid(954435e05ff95b3c58c15eed6f3b1df2) Importer(815301076,1909f56bfc062723c751e8b465ee728b)
Start importing Assets/Scripts/LevelGenerator.cs using Guid(954435e05ff95b3c58c15eed6f3b1df2) Importer(815301076,1909f56bfc062723c751e8b465ee728b)  -> (artifact id: '3cb7ca05746b7bb778d9cf2c325bf105') in 0.001233 seconds
Number of updated asset objects reloaded before import = 0
Number of asset objects unloaded after import = 0
========================================================================
Received Prepare
Begin MonoManager ReloadAssembly
Symbol file LoadedFromMemory is not a mono symbol file
- Loaded All Assemblies, in  0.496 seconds
Refreshing native plugins compatible for Editor in 2.32 ms, found 1 plugins.
Native extension for LinuxStandalone target not found
Native extension for WindowsStandalone target not found
Native extension for WebGL target not found
[Package Manager] Server::EnsureServerProcessIsRunning -- launch failed, reason: Unity was launched with the -noUpm command-line argument
[Package Manager] UpmClient::Send -- Unable to send message (not connected to UPM process).
[Package Manager] Cannot connect to Unity Package Manager local server
Mono: successfully reloaded assembly
- Finished resetting the current domain, in  0.951 seconds
Domain Reload Profiling: 1446ms
	BeginReloadAssembly (155ms)
		ExecutionOrderSort (0ms)
		DisableScriptedObjects (5ms)
		BackupInstance (0ms)
		ReleaseScriptingObjects (0ms)
		CreateAndSetChildDomain (50ms)
	RebuildCommonClasses (46ms)
	RebuildNativeTypeToScriptingClass (10ms)
	initialDomainReloadingComplete (35ms)
	LoadAllAssembliesAndSetupDomain (248ms)
		LoadAssemblies (288ms)
		RebuildTransferFunctionScriptingTraits (0ms)
		AnalyzeDomain (26ms)
			TypeCache.Refresh (11ms)
				TypeCache.ScanAssembly (0ms)
			ScanForSourceGeneratedMonoScriptInfo (9ms)
			ResolveRequiredComponents (5ms)
	FinalizeReload (951ms)
		ReleaseScriptCaches (0ms)
		RebuildScriptCaches (0ms)
		SetupLoadedEditorAssemblies (517ms)
			LogAssemblyErrors (0ms)
			InitializePlatformSupportModulesInManaged (58ms)
			SetLoadedEditorAssemblies (8ms)
			RefreshPlugins (0ms)
			BeforeProcessingInitializeOnLoad (85ms)
			ProcessInitializeOnLoadAttributes (327ms)
			ProcessInitializeOnLoadMethodAttributes (28ms)
			AfterProcessingInitializeOnLoad (9ms)
			EditorAssembliesLoaded (0ms)
		ExecutionOrderSort2 (0ms)
		AwakeInstancesAfterBackupRestoration (8ms)
Refreshing native plugins compatible for Editor in 2.77 ms, found 1 plugins.
Preloading 0 native plugins for Editor in 0.00 ms.
Unloading 3176 Unused Serialized files (Serialized files now loaded: 0)
Unloading 29 unused Assets / (1.0 MB). Loaded Objects now: 3736.
Memory consumption went from 133.7 MB to 132.8 MB.
Total: 6.417483 ms (FindLiveObjects: 0.415390 ms CreateObjectMapping: 0.098561 ms MarkObjects: 4.945511 ms  DeleteObjects: 0.955661 ms)

Prepare: number of updated asset objects reloaded= 0
AssetImportParameters requested are different than current active one (requested -> active):
  custom:container-demuxer-ogg: 62fdf1f143b41e24485cea50d1cbac27 -> 
  custom:video-decoder-ogg-theora: a1e56fd34408186e4bbccfd4996cb3dc -> 
  custom:CustomObjectIndexerAttribute: 306bfa6df2d96854e1ebb52f3ddacab7 -> 
  custom:container-demuxer-webm: 4f35f7cbe854078d1ac9338744f61a02 -> 
  custom:container-muxer-webm: aa71ff27fc2769a1b78a27578f13a17b -> 
  custom:video-decoder-webm-vp8: 9c59270c3fd7afecdb556c50c9e8de78 -> 
  custom:SearchIndexIgnoredProperties: e643bd26f0fe6173181afceb89e7c659 -> 
  custom:AudioImporter_EditorPlatform: 2f0ff77a95e0ac474e3e8eeba4e2f7cb -> 
  custom:video-encoder-webm-vp8: eb34c28f22e8b96e1ab97ce403110664 -> 
  custom:audio-decoder-ogg-vorbis: bf7c407c2cedff20999df2af8eb42d56 -> 
  custom:audio-encoder-webm-vorbis: bf7c407c2cedff20999df2af8eb42d56 -> 
========================================================================
Received Import Request.
  Time since last request: 10.405440 seconds.
  path: Assets/Scripts/LevelGenerator.cs
  artifactKey: Guid(954435e05ff95b3c58c15eed6f3b1df2) Importer(815301076,1909f56bfc062723c751e8b465ee728b)
Start importing Assets/Scripts/LevelGenerator.cs using Guid(954435e05ff95b3c58c15eed6f3b1df2) Importer(815301076,1909f56bfc062723c751e8b465ee728b)  -> (artifact id: '118cedc4668a4885164342900a1eb05c') in 0.002396 seconds
Number of updated asset objects reloaded before import = 0
Number of asset objects unloaded after import = 0
========================================================================
Received Prepare
Begin MonoManager ReloadAssembly
Symbol file LoadedFromMemory is not a mono symbol file
- Loaded All Assemblies, in  0.479 seconds
Refreshing native plugins compatible for Editor in 2.13 ms, found 1 plugins.
Native extension for LinuxStandalone target not found
Native extension for WindowsStandalone target not found
Native extension for WebGL target not found
[Package Manager] Server::EnsureServerProcessIsRunning -- launch failed, reason: Unity was launched with the -noUpm command-line argument
[Package Manager] UpmClient::Send -- Unable to send message (not connected to UPM process).
[Package Manager] Cannot connect to Unity Package Manager local server
Mono: successfully reloaded assembly
- Finished resetting the current domain, in  0.844 seconds
Domain Reload Profiling: 1323ms
	BeginReloadAssembly (142ms)
		ExecutionOrderSort (0ms)
		DisableScriptedObjects (6ms)
		BackupInstance (0ms)
		ReleaseScriptingObjects (0ms)
		CreateAndSetChildDomain (41ms)
	RebuildCommonClasses (44ms)
	RebuildNativeTypeToScriptingClass (9ms)
	initialDomainReloadingComplete (34ms)
	LoadAllAssembliesAndSetupDomain (249ms)
		LoadAssemblies (285ms)
		RebuildTransferFunctionScriptingTraits (0ms)
		AnalyzeDomain (25ms)
			TypeCache.Refresh (10ms)
				TypeCache.ScanAssembly (0ms)
			ScanForSourceGeneratedMonoScriptInfo (9ms)
			ResolveRequiredComponents (5ms)
	FinalizeReload (845ms)
		ReleaseScriptCaches (0ms)
		RebuildScriptCaches (0ms)
		SetupLoadedEditorAssemblies (468ms)
			LogAssemblyErrors (0ms)
			InitializePlatformSupportModulesInManaged (49ms)
			SetLoadedEditorAssemblies (13ms)
			RefreshPlugins (0ms)
			BeforeProcessingInitializeOnLoad (75ms)
			ProcessInitializeOnLoadAttributes (299ms)
			ProcessInitializeOnLoadMethodAttributes (25ms)
			AfterProcessingInitializeOnLoad (7ms)
			EditorAssembliesLoaded (0ms)
		ExecutionOrderSort2 (0ms)
		AwakeInstancesAfterBackupRestoration (6ms)
Refreshing native plugins compatible for Editor in 2.60 ms, found 1 plugins.
Preloading 0 native plugins for Editor in 0.00 ms.
Unloading 3176 Unused Serialized files (Serialized files now loaded: 0)
Unloading 29 unused Assets / (1.0 MB). Loaded Objects now: 3739.
Memory consumption went from 133.7 MB to 132.8 MB.
Total: 5.498802 ms (FindLiveObjects: 0.308020 ms CreateObjectMapping: 0.119540 ms MarkObjects: 4.294661 ms  DeleteObjects: 0.774841 ms)

Prepare: number of updated asset objects reloaded= 0
AssetImportParameters requested are different than current active one (requested -> active):
  custom:container-demuxer-ogg: 62fdf1f143b41e24485cea50d1cbac27 -> 
  custom:video-decoder-ogg-theora: a1e56fd34408186e4bbccfd4996cb3dc -> 
  custom:CustomObjectIndexerAttribute: 306bfa6df2d96854e1ebb52f3ddacab7 -> 
  custom:container-demuxer-webm: 4f35f7cbe854078d1ac9338744f61a02 -> 
  custom:container-muxer-webm: aa71ff27fc2769a1b78a27578f13a17b -> 
  custom:video-decoder-webm-vp8: 9c59270c3fd7afecdb556c50c9e8de78 -> 
  custom:SearchIndexIgnoredProperties: e643bd26f0fe6173181afceb89e7c659 -> 
  custom:AudioImporter_EditorPlatform: 2f0ff77a95e0ac474e3e8eeba4e2f7cb -> 
  custom:video-encoder-webm-vp8: eb34c28f22e8b96e1ab97ce403110664 -> 
  custom:audio-decoder-ogg-vorbis: bf7c407c2cedff20999df2af8eb42d56 -> 
  custom:audio-encoder-webm-vorbis: bf7c407c2cedff20999df2af8eb42d56 -> 
========================================================================
Received Prepare
Begin MonoManager ReloadAssembly
Symbol file LoadedFromMemory is not a mono symbol file
- Loaded All Assemblies, in  0.485 seconds
Refreshing native plugins compatible for Editor in 2.11 ms, found 1 plugins.
Native extension for LinuxStandalone target not found
Native extension for WindowsStandalone target not found
Native extension for WebGL target not found
[Package Manager] Server::EnsureServerProcessIsRunning -- launch failed, reason: Unity was launched with the -noUpm command-line argument
[Package Manager] UpmClient::Send -- Unable to send message (not connected to UPM process).
[Package Manager] Cannot connect to Unity Package Manager local server
Mono: successfully reloaded assembly
- Finished resetting the current domain, in  0.847 seconds
Domain Reload Profiling: 1332ms
	BeginReloadAssembly (152ms)
		ExecutionOrderSort (0ms)
		DisableScriptedObjects (6ms)
		BackupInstance (0ms)
		ReleaseScriptingObjects (0ms)
		CreateAndSetChildDomain (52ms)
	RebuildCommonClasses (44ms)
	RebuildNativeTypeToScriptingClass (10ms)
	initialDomainReloadingComplete (33ms)
	LoadAllAssembliesAndSetupDomain (245ms)
		LoadAssemblies (292ms)
		RebuildTransferFunctionScriptingTraits (0ms)
		AnalyzeDomain (13ms)
			TypeCache.Refresh (7ms)
				TypeCache.ScanAssembly (0ms)
			ScanForSourceGeneratedMonoScriptInfo (0ms)
			ResolveRequiredComponents (5ms)
	FinalizeReload (848ms)
		ReleaseScriptCaches (0ms)
		RebuildScriptCaches (0ms)
		SetupLoadedEditorAssemblies (471ms)
			LogAssemblyErrors (0ms)
			InitializePlatformSupportModulesInManaged (44ms)
			SetLoadedEditorAssemblies (7ms)
			RefreshPlugins (0ms)
			BeforeProcessingInitializeOnLoad (85ms)
			ProcessInitializeOnLoadAttributes (300ms)
			ProcessInitializeOnLoadMethodAttributes (27ms)
			AfterProcessingInitializeOnLoad (7ms)
			EditorAssembliesLoaded (0ms)
		ExecutionOrderSort2 (0ms)
		AwakeInstancesAfterBackupRestoration (7ms)
Refreshing native plugins compatible for Editor in 2.14 ms, found 1 plugins.
Preloading 0 native plugins for Editor in 0.00 ms.
Unloading 3176 Unused Serialized files (Serialized files now loaded: 0)
Unloading 29 unused Assets / (1.0 MB). Loaded Objects now: 3742.
Memory consumption went from 133.8 MB to 132.8 MB.
Total: 5.449282 ms (FindLiveObjects: 0.374700 ms CreateObjectMapping: 0.157610 ms MarkObjects: 4.121811 ms  DeleteObjects: 0.792891 ms)

Prepare: number of updated asset objects reloaded= 0
AssetImportParameters requested are different than current active one (requested -> active):
  custom:container-demuxer-ogg: 62fdf1f143b41e24485cea50d1cbac27 -> 
  custom:video-decoder-ogg-theora: a1e56fd34408186e4bbccfd4996cb3dc -> 
  custom:CustomObjectIndexerAttribute: 306bfa6df2d96854e1ebb52f3ddacab7 -> 
  custom:container-demuxer-webm: 4f35f7cbe854078d1ac9338744f61a02 -> 
  custom:container-muxer-webm: aa71ff27fc2769a1b78a27578f13a17b -> 
  custom:video-decoder-webm-vp8: 9c59270c3fd7afecdb556c50c9e8de78 -> 
  custom:SearchIndexIgnoredProperties: e643bd26f0fe6173181afceb89e7c659 -> 
  custom:AudioImporter_EditorPlatform: 2f0ff77a95e0ac474e3e8eeba4e2f7cb -> 
  custom:video-encoder-webm-vp8: eb34c28f22e8b96e1ab97ce403110664 -> 
  custom:audio-decoder-ogg-vorbis: bf7c407c2cedff20999df2af8eb42d56 -> 
  custom:audio-encoder-webm-vorbis: bf7c407c2cedff20999df2af8eb42d56 -> 
========================================================================
Received Prepare
Begin MonoManager ReloadAssembly
Symbol file LoadedFromMemory is not a mono symbol file
- Loaded All Assemblies, in  0.491 seconds
Refreshing native plugins compatible for Editor in 2.58 ms, found 1 plugins.
Native extension for LinuxStandalone target not found
Native extension for WindowsStandalone target not found
Native extension for WebGL target not found
[Package Manager] Server::EnsureServerProcessIsRunning -- launch failed, reason: Unity was launched with the -noUpm command-line argument
[Package Manager] UpmClient::Send -- Unable to send message (not connected to UPM process).
[Package Manager] Cannot connect to Unity Package Manager local server
Mono: successfully reloaded assembly
- Finished resetting the current domain, in  0.858 seconds
Domain Reload Profiling: 1349ms
	BeginReloadAssembly (150ms)
		ExecutionOrderSort (0ms)
		DisableScriptedObjects (6ms)
		BackupInstance (0ms)
		ReleaseScriptingObjects (0ms)
		CreateAndSetChildDomain (44ms)
	RebuildCommonClasses (44ms)
	RebuildNativeTypeToScriptingClass (9ms)
	initialDomainReloadingComplete (33ms)
	LoadAllAssembliesAndSetupDomain (254ms)
		LoadAssemblies (306ms)
		RebuildTransferFunctionScriptingTraits (0ms)
		AnalyzeDomain (13ms)
			TypeCache.Refresh (7ms)
				TypeCache.ScanAssembly (0ms)
			ScanForSourceGeneratedMonoScriptInfo (0ms)
			ResolveRequiredComponents (5ms)
	FinalizeReload (859ms)
		ReleaseScriptCaches (0ms)
		RebuildScriptCaches (0ms)
		SetupLoadedEditorAssemblies (472ms)
			LogAssemblyErrors (0ms)
			InitializePlatformSupportModulesInManaged (45ms)
			SetLoadedEditorAssemblies (7ms)
			RefreshPlugins (0ms)
			BeforeProcessingInitializeOnLoad (95ms)
			ProcessInitializeOnLoadAttributes (292ms)
			ProcessInitializeOnLoadMethodAttributes (25ms)
			AfterProcessingInitializeOnLoad (7ms)
			EditorAssembliesLoaded (0ms)
		ExecutionOrderSort2 (0ms)
		AwakeInstancesAfterBackupRestoration (7ms)
Refreshing native plugins compatible for Editor in 2.21 ms, found 1 plugins.
Preloading 0 native plugins for Editor in 0.00 ms.
Unloading 3176 Unused Serialized files (Serialized files now loaded: 0)
Unloading 29 unused Assets / (1.0 MB). Loaded Objects now: 3745.
Memory consumption went from 133.8 MB to 132.8 MB.
Total: 5.528232 ms (FindLiveObjects: 0.314120 ms CreateObjectMapping: 0.133650 ms MarkObjects: 4.226322 ms  DeleteObjects: 0.852290 ms)

Prepare: number of updated asset objects reloaded= 0
AssetImportParameters requested are different than current active one (requested -> active):
  custom:container-demuxer-ogg: 62fdf1f143b41e24485cea50d1cbac27 -> 
  custom:video-decoder-ogg-theora: a1e56fd34408186e4bbccfd4996cb3dc -> 
  custom:CustomObjectIndexerAttribute: 306bfa6df2d96854e1ebb52f3ddacab7 -> 
  custom:container-demuxer-webm: 4f35f7cbe854078d1ac9338744f61a02 -> 
  custom:container-muxer-webm: aa71ff27fc2769a1b78a27578f13a17b -> 
  custom:video-decoder-webm-vp8: 9c59270c3fd7afecdb556c50c9e8de78 -> 
  custom:SearchIndexIgnoredProperties: e643bd26f0fe6173181afceb89e7c659 -> 
  custom:AudioImporter_EditorPlatform: 2f0ff77a95e0ac474e3e8eeba4e2f7cb -> 
  custom:video-encoder-webm-vp8: eb34c28f22e8b96e1ab97ce403110664 -> 
  custom:audio-decoder-ogg-vorbis: bf7c407c2cedff20999df2af8eb42d56 -> 
  custom:audio-encoder-webm-vorbis: bf7c407c2cedff20999df2af8eb42d56 -> 
========================================================================
Received Prepare
Begin MonoManager ReloadAssembly
Symbol file LoadedFromMemory is not a mono symbol file
- Loaded All Assemblies, in  0.563 seconds
Refreshing native plugins compatible for Editor in 2.07 ms, found 1 plugins.
Native extension for LinuxStandalone target not found
Native extension for WindowsStandalone target not found
Native extension for WebGL target not found
[Package Manager] Server::EnsureServerProcessIsRunning -- launch failed, reason: Unity was launched with the -noUpm command-line argument
[Package Manager] UpmClient::Send -- Unable to send message (not connected to UPM process).
[Package Manager] Cannot connect to Unity Package Manager local server
Mono: successfully reloaded assembly
- Finished resetting the current domain, in  0.873 seconds
Domain Reload Profiling: 1435ms
	BeginReloadAssembly (203ms)
		ExecutionOrderSort (0ms)
		DisableScriptedObjects (8ms)
		BackupInstance (0ms)
		ReleaseScriptingObjects (0ms)
		CreateAndSetChildDomain (50ms)
	RebuildCommonClasses (64ms)
	RebuildNativeTypeToScriptingClass (11ms)
	initialDomainReloadingComplete (35ms)
	LoadAllAssembliesAndSetupDomain (249ms)
		LoadAssemblies (338ms)
		RebuildTransferFunctionScriptingTraits (0ms)
		AnalyzeDomain (13ms)
			TypeCache.Refresh (7ms)
				TypeCache.ScanAssembly (0ms)
			ScanForSourceGeneratedMonoScriptInfo (0ms)
			ResolveRequiredComponents (5ms)
	FinalizeReload (874ms)
		ReleaseScriptCaches (0ms)
		RebuildScriptCaches (0ms)
		SetupLoadedEditorAssemblies (492ms)
			LogAssemblyErrors (0ms)
			InitializePlatformSupportModulesInManaged (45ms)
			SetLoadedEditorAssemblies (7ms)
			RefreshPlugins (0ms)
			BeforeProcessingInitializeOnLoad (93ms)
			ProcessInitializeOnLoadAttributes (314ms)
			ProcessInitializeOnLoadMethodAttributes (25ms)
			AfterProcessingInitializeOnLoad (7ms)
			EditorAssembliesLoaded (0ms)
		ExecutionOrderSort2 (0ms)
		AwakeInstancesAfterBackupRestoration (7ms)
Refreshing native plugins compatible for Editor in 2.09 ms, found 1 plugins.
Preloading 0 native plugins for Editor in 0.00 ms.
Unloading 3176 Unused Serialized files (Serialized files now loaded: 0)
Unloading 29 unused Assets / (1.0 MB). Loaded Objects now: 3748.
Memory consumption went from 133.8 MB to 132.8 MB.
Total: 6.601053 ms (FindLiveObjects: 0.434090 ms CreateObjectMapping: 0.156331 ms MarkObjects: 4.942071 ms  DeleteObjects: 1.066261 ms)

Prepare: number of updated asset objects reloaded= 0
AssetImportParameters requested are different than current active one (requested -> active):
  custom:container-demuxer-ogg: 62fdf1f143b41e24485cea50d1cbac27 -> 
  custom:video-decoder-ogg-theora: a1e56fd34408186e4bbccfd4996cb3dc -> 
  custom:CustomObjectIndexerAttribute: 306bfa6df2d96854e1ebb52f3ddacab7 -> 
  custom:container-demuxer-webm: 4f35f7cbe854078d1ac9338744f61a02 -> 
  custom:container-muxer-webm: aa71ff27fc2769a1b78a27578f13a17b -> 
  custom:video-decoder-webm-vp8: 9c59270c3fd7afecdb556c50c9e8de78 -> 
  custom:SearchIndexIgnoredProperties: e643bd26f0fe6173181afceb89e7c659 -> 
  custom:AudioImporter_EditorPlatform: 2f0ff77a95e0ac474e3e8eeba4e2f7cb -> 
  custom:video-encoder-webm-vp8: eb34c28f22e8b96e1ab97ce403110664 -> 
  custom:audio-decoder-ogg-vorbis: bf7c407c2cedff20999df2af8eb42d56 -> 
  custom:audio-encoder-webm-vorbis: bf7c407c2cedff20999df2af8eb42d56 -> 
========================================================================
Received Prepare
Begin MonoManager ReloadAssembly
Symbol file LoadedFromMemory is not a mono symbol file
- Loaded All Assemblies, in  0.472 seconds
Refreshing native plugins compatible for Editor in 2.16 ms, found 1 plugins.
Native extension for LinuxStandalone target not found
Native extension for WindowsStandalone target not found
Native extension for WebGL target not found
[Package Manager] Server::EnsureServerProcessIsRunning -- launch failed, reason: Unity was launched with the -noUpm command-line argument
[Package Manager] UpmClient::Send -- Unable to send message (not connected to UPM process).
[Package Manager] Cannot connect to Unity Package Manager local server
Mono: successfully reloaded assembly
- Finished resetting the current domain, in  0.848 seconds
Domain Reload Profiling: 1320ms
	BeginReloadAssembly (144ms)
		ExecutionOrderSort (0ms)
		DisableScriptedObjects (6ms)
		BackupInstance (0ms)
		ReleaseScriptingObjects (0ms)
		CreateAndSetChildDomain (46ms)
	RebuildCommonClasses (43ms)
	RebuildNativeTypeToScriptingClass (9ms)
	initialDomainReloadingComplete (33ms)
	LoadAllAssembliesAndSetupDomain (241ms)
		LoadAssemblies (287ms)
		RebuildTransferFunctionScriptingTraits (0ms)
		AnalyzeDomain (12ms)
			TypeCache.Refresh (7ms)
				TypeCache.ScanAssembly (0ms)
			ScanForSourceGeneratedMonoScriptInfo (0ms)
			ResolveRequiredComponents (5ms)
	FinalizeReload (849ms)
		ReleaseScriptCaches (0ms)
		RebuildScriptCaches (0ms)
		SetupLoadedEditorAssemblies (472ms)
			LogAssemblyErrors (0ms)
			InitializePlatformSupportModulesInManaged (44ms)
			SetLoadedEditorAssemblies (7ms)
			RefreshPlugins (0ms)
			BeforeProcessingInitializeOnLoad (88ms)
			ProcessInitializeOnLoadAttributes (298ms)
			ProcessInitializeOnLoadMethodAttributes (28ms)
			AfterProcessingInitializeOnLoad (7ms)
			EditorAssembliesLoaded (0ms)
		ExecutionOrderSort2 (0ms)
		AwakeInstancesAfterBackupRestoration (7ms)
Refreshing native plugins compatible for Editor in 2.64 ms, found 1 plugins.
Preloading 0 native plugins for Editor in 0.00 ms.
Unloading 3176 Unused Serialized files (Serialized files now loaded: 0)
Unloading 29 unused Assets / (1.0 MB). Loaded Objects now: 3751.
Memory consumption went from 133.8 MB to 132.8 MB.
Total: 6.162732 ms (FindLiveObjects: 0.436740 ms CreateObjectMapping: 0.111530 ms MarkObjects: 4.708721 ms  DeleteObjects: 0.903131 ms)

Prepare: number of updated asset objects reloaded= 0
AssetImportParameters requested are different than current active one (requested -> active):
  custom:container-demuxer-ogg: 62fdf1f143b41e24485cea50d1cbac27 -> 
  custom:video-decoder-ogg-theora: a1e56fd34408186e4bbccfd4996cb3dc -> 
  custom:CustomObjectIndexerAttribute: 306bfa6df2d96854e1ebb52f3ddacab7 -> 
  custom:container-demuxer-webm: 4f35f7cbe854078d1ac9338744f61a02 -> 
  custom:container-muxer-webm: aa71ff27fc2769a1b78a27578f13a17b -> 
  custom:video-decoder-webm-vp8: 9c59270c3fd7afecdb556c50c9e8de78 -> 
  custom:SearchIndexIgnoredProperties: e643bd26f0fe6173181afceb89e7c659 -> 
  custom:AudioImporter_EditorPlatform: 2f0ff77a95e0ac474e3e8eeba4e2f7cb -> 
  custom:video-encoder-webm-vp8: eb34c28f22e8b96e1ab97ce403110664 -> 
  custom:audio-decoder-ogg-vorbis: bf7c407c2cedff20999df2af8eb42d56 -> 
  custom:audio-encoder-webm-vorbis: bf7c407c2cedff20999df2af8eb42d56 -> 
========================================================================
Received Prepare
Begin MonoManager ReloadAssembly
Symbol file LoadedFromMemory is not a mono symbol file
- Loaded All Assemblies, in  0.491 seconds
Refreshing native plugins compatible for Editor in 2.09 ms, found 1 plugins.
Native extension for LinuxStandalone target not found
Native extension for WindowsStandalone target not found
Native extension for WebGL target not found
[Package Manager] Server::EnsureServerProcessIsRunning -- launch failed, reason: Unity was launched with the -noUpm command-line argument
[Package Manager] UpmClient::Send -- Unable to send message (not connected to UPM process).
[Package Manager] Cannot connect to Unity Package Manager local server
Mono: successfully reloaded assembly
- Finished resetting the current domain, in  0.881 seconds
Domain Reload Profiling: 1371ms
	BeginReloadAssembly (157ms)
		ExecutionOrderSort (0ms)
		DisableScriptedObjects (9ms)
		BackupInstance (0ms)
		ReleaseScriptingObjects (0ms)
		CreateAndSetChildDomain (47ms)
	RebuildCommonClasses (44ms)
	RebuildNativeTypeToScriptingClass (10ms)
	initialDomainReloadingComplete (33ms)
	LoadAllAssembliesAndSetupDomain (245ms)
		LoadAssemblies (296ms)
		RebuildTransferFunctionScriptingTraits (0ms)
		AnalyzeDomain (13ms)
			TypeCache.Refresh (7ms)
				TypeCache.ScanAssembly (0ms)
			ScanForSourceGeneratedMonoScriptInfo (0ms)
			ResolveRequiredComponents (5ms)
	FinalizeReload (882ms)
		ReleaseScriptCaches (0ms)
		RebuildScriptCaches (0ms)
		SetupLoadedEditorAssemblies (494ms)
			LogAssemblyErrors (0ms)
			InitializePlatformSupportModulesInManaged (45ms)
			SetLoadedEditorAssemblies (6ms)
			RefreshPlugins (0ms)
			BeforeProcessingInitializeOnLoad (92ms)
			ProcessInitializeOnLoadAttributes (307ms)
			ProcessInitializeOnLoadMethodAttributes (33ms)
			AfterProcessingInitializeOnLoad (9ms)
			EditorAssembliesLoaded (0ms)
		ExecutionOrderSort2 (0ms)
		AwakeInstancesAfterBackupRestoration (9ms)
Refreshing native plugins compatible for Editor in 2.62 ms, found 1 plugins.
Preloading 0 native plugins for Editor in 0.00 ms.
Unloading 3176 Unused Serialized files (Serialized files now loaded: 0)
Unloading 29 unused Assets / (1.0 MB). Loaded Objects now: 3754.
Memory consumption went from 133.8 MB to 132.8 MB.
Total: 5.306392 ms (FindLiveObjects: 0.354090 ms CreateObjectMapping: 0.169420 ms MarkObjects: 3.881331 ms  DeleteObjects: 0.900111 ms)

Prepare: number of updated asset objects reloaded= 0
AssetImportParameters requested are different than current active one (requested -> active):
  custom:container-demuxer-ogg: 62fdf1f143b41e24485cea50d1cbac27 -> 
  custom:video-decoder-ogg-theora: a1e56fd34408186e4bbccfd4996cb3dc -> 
  custom:CustomObjectIndexerAttribute: 306bfa6df2d96854e1ebb52f3ddacab7 -> 
  custom:container-demuxer-webm: 4f35f7cbe854078d1ac9338744f61a02 -> 
  custom:container-muxer-webm: aa71ff27fc2769a1b78a27578f13a17b -> 
  custom:video-decoder-webm-vp8: 9c59270c3fd7afecdb556c50c9e8de78 -> 
  custom:SearchIndexIgnoredProperties: e643bd26f0fe6173181afceb89e7c659 -> 
  custom:AudioImporter_EditorPlatform: 2f0ff77a95e0ac474e3e8eeba4e2f7cb -> 
  custom:video-encoder-webm-vp8: eb34c28f22e8b96e1ab97ce403110664 -> 
  custom:audio-decoder-ogg-vorbis: bf7c407c2cedff20999df2af8eb42d56 -> 
  custom:audio-encoder-webm-vorbis: bf7c407c2cedff20999df2af8eb42d56 -> 
========================================================================
Received Import Request.
  Time since last request: 173.447295 seconds.
  path: Assets/Models/Floor/Floor.prefab
  artifactKey: Guid(e80f7d2e23378f2419270c324fb9ecc0) Importer(815301076,1909f56bfc062723c751e8b465ee728b)
Start importing Assets/Models/Floor/Floor.prefab using Guid(e80f7d2e23378f2419270c324fb9ecc0) Importer(815301076,1909f56bfc062723c751e8b465ee728b)  -> (artifact id: 'bf4a8a9020ef2a51c6382de142217579') in 0.129650 seconds
Number of updated asset objects reloaded before import = 0
Number of asset objects unloaded after import = 9
========================================================================
Received Import Request.
  Time since last request: 0.372299 seconds.
  path: Assets/Models/Floor/Floor.prefab
  artifactKey: Guid(e80f7d2e23378f2419270c324fb9ecc0) Importer(815301076,1909f56bfc062723c751e8b465ee728b)
Start importing Assets/Models/Floor/Floor.prefab using Guid(e80f7d2e23378f2419270c324fb9ecc0) Importer(815301076,1909f56bfc062723c751e8b465ee728b)  -> (artifact id: 'abefba69133f2103b7e347c67c33bfb5') in 0.013460 seconds
Number of updated asset objects reloaded before import = 0
Number of asset objects unloaded after import = 9
========================================================================
Received Import Request.
  Time since last request: 1.044198 seconds.
  path: Assets/Models/Floor/Floor.prefab
  artifactKey: Guid(e80f7d2e23378f2419270c324fb9ecc0) Importer(815301076,1909f56bfc062723c751e8b465ee728b)
Start importing Assets/Models/Floor/Floor.prefab using Guid(e80f7d2e23378f2419270c324fb9ecc0) Importer(815301076,1909f56bfc062723c751e8b465ee728b)  -> (artifact id: '6f1531c1c7cb1485e435001792bebadb') in 0.017080 seconds
Number of updated asset objects reloaded before import = 0
Number of asset objects unloaded after import = 9
========================================================================
Received Prepare
Begin MonoManager ReloadAssembly
Symbol file LoadedFromMemory is not a mono symbol file
- Loaded All Assemblies, in  0.459 seconds
Refreshing native plugins compatible for Editor in 2.69 ms, found 1 plugins.
Native extension for LinuxStandalone target not found
Native extension for WindowsStandalone target not found
Native extension for WebGL target not found
[Package Manager] Server::EnsureServerProcessIsRunning -- launch failed, reason: Unity was launched with the -noUpm command-line argument
[Package Manager] UpmClient::Send -- Unable to send message (not connected to UPM process).
[Package Manager] Cannot connect to Unity Package Manager local server
Mono: successfully reloaded assembly
- Finished resetting the current domain, in  0.895 seconds
Domain Reload Profiling: 1353ms
	BeginReloadAssembly (146ms)
		ExecutionOrderSort (0ms)
		DisableScriptedObjects (5ms)
		BackupInstance (0ms)
		ReleaseScriptingObjects (0ms)
		CreateAndSetChildDomain (47ms)
	RebuildCommonClasses (44ms)
	RebuildNativeTypeToScriptingClass (10ms)
	initialDomainReloadingComplete (34ms)
	LoadAllAssembliesAndSetupDomain (223ms)
		LoadAssemblies (270ms)
		RebuildTransferFunctionScriptingTraits (0ms)
		AnalyzeDomain (14ms)
			TypeCache.Refresh (7ms)
				TypeCache.ScanAssembly (0ms)
			ScanForSourceGeneratedMonoScriptInfo (0ms)
			ResolveRequiredComponents (6ms)
	FinalizeReload (895ms)
		ReleaseScriptCaches (0ms)
		RebuildScriptCaches (0ms)
		SetupLoadedEditorAssemblies (496ms)
			LogAssemblyErrors (0ms)
			InitializePlatformSupportModulesInManaged (47ms)
			SetLoadedEditorAssemblies (7ms)
			RefreshPlugins (0ms)
			BeforeProcessingInitializeOnLoad (76ms)
			ProcessInitializeOnLoadAttributes (333ms)
			ProcessInitializeOnLoadMethodAttributes (26ms)
			AfterProcessingInitializeOnLoad (7ms)
			EditorAssembliesLoaded (0ms)
		ExecutionOrderSort2 (0ms)
		AwakeInstancesAfterBackupRestoration (7ms)
Refreshing native plugins compatible for Editor in 2.07 ms, found 1 plugins.
Preloading 0 native plugins for Editor in 0.00 ms.
Unloading 3176 Unused Serialized files (Serialized files now loaded: 0)
Unloading 29 unused Assets / (1.0 MB). Loaded Objects now: 3757.
Memory consumption went from 133.8 MB to 132.8 MB.
Total: 5.247152 ms (FindLiveObjects: 0.306910 ms CreateObjectMapping: 0.077380 ms MarkObjects: 3.927641 ms  DeleteObjects: 0.933161 ms)

Prepare: number of updated asset objects reloaded= 0
AssetImportParameters requested are different than current active one (requested -> active):
  custom:container-demuxer-ogg: 62fdf1f143b41e24485cea50d1cbac27 -> 
  custom:video-decoder-ogg-theora: a1e56fd34408186e4bbccfd4996cb3dc -> 
  custom:CustomObjectIndexerAttribute: 306bfa6df2d96854e1ebb52f3ddacab7 -> 
  custom:container-demuxer-webm: 4f35f7cbe854078d1ac9338744f61a02 -> 
  custom:container-muxer-webm: aa71ff27fc2769a1b78a27578f13a17b -> 
  custom:video-decoder-webm-vp8: 9c59270c3fd7afecdb556c50c9e8de78 -> 
  custom:SearchIndexIgnoredProperties: e643bd26f0fe6173181afceb89e7c659 -> 
  custom:AudioImporter_EditorPlatform: 2f0ff77a95e0ac474e3e8eeba4e2f7cb -> 
  custom:video-encoder-webm-vp8: eb34c28f22e8b96e1ab97ce403110664 -> 
  custom:audio-decoder-ogg-vorbis: bf7c407c2cedff20999df2af8eb42d56 -> 
  custom:audio-encoder-webm-vorbis: bf7c407c2cedff20999df2af8eb42d56 -> 
========================================================================
Received Prepare
Begin MonoManager ReloadAssembly
Symbol file LoadedFromMemory is not a mono symbol file
- Loaded All Assemblies, in  0.476 seconds
Refreshing native plugins compatible for Editor in 2.11 ms, found 1 plugins.
Native extension for LinuxStandalone target not found
Native extension for WindowsStandalone target not found
Native extension for WebGL target not found
[Package Manager] Server::EnsureServerProcessIsRunning -- launch failed, reason: Unity was launched with the -noUpm command-line argument
[Package Manager] UpmClient::Send -- Unable to send message (not connected to UPM process).
[Package Manager] Cannot connect to Unity Package Manager local server
Mono: successfully reloaded assembly
- Finished resetting the current domain, in  0.876 seconds
Domain Reload Profiling: 1351ms
	BeginReloadAssembly (154ms)
		ExecutionOrderSort (0ms)
		DisableScriptedObjects (6ms)
		BackupInstance (0ms)
		ReleaseScriptingObjects (0ms)
		CreateAndSetChildDomain (47ms)
	RebuildCommonClasses (44ms)
	RebuildNativeTypeToScriptingClass (10ms)
	initialDomainReloadingComplete (35ms)
	LoadAllAssembliesAndSetupDomain (232ms)
		LoadAssemblies (285ms)
		RebuildTransferFunctionScriptingTraits (0ms)
		AnalyzeDomain (13ms)
			TypeCache.Refresh (7ms)
				TypeCache.ScanAssembly (0ms)
			ScanForSourceGeneratedMonoScriptInfo (0ms)
			ResolveRequiredComponents (5ms)
	FinalizeReload (877ms)
		ReleaseScriptCaches (0ms)
		RebuildScriptCaches (0ms)
		SetupLoadedEditorAssemblies (492ms)
			LogAssemblyErrors (0ms)
			InitializePlatformSupportModulesInManaged (49ms)
			SetLoadedEditorAssemblies (8ms)
			RefreshPlugins (0ms)
			BeforeProcessingInitializeOnLoad (97ms)
			ProcessInitializeOnLoadAttributes (305ms)
			ProcessInitializeOnLoadMethodAttributes (25ms)
			AfterProcessingInitializeOnLoad (7ms)
			EditorAssembliesLoaded (0ms)
		ExecutionOrderSort2 (0ms)
		AwakeInstancesAfterBackupRestoration (6ms)
Refreshing native plugins compatible for Editor in 2.86 ms, found 1 plugins.
Preloading 0 native plugins for Editor in 0.00 ms.
Unloading 3176 Unused Serialized files (Serialized files now loaded: 0)
Unloading 29 unused Assets / (1.0 MB). Loaded Objects now: 3760.
Memory consumption went from 133.8 MB to 132.8 MB.
Total: 6.904692 ms (FindLiveObjects: 0.421140 ms CreateObjectMapping: 0.343990 ms MarkObjects: 5.062182 ms  DeleteObjects: 1.075050 ms)

Prepare: number of updated asset objects reloaded= 0
AssetImportParameters requested are different than current active one (requested -> active):
  custom:container-demuxer-ogg: 62fdf1f143b41e24485cea50d1cbac27 -> 
  custom:video-decoder-ogg-theora: a1e56fd34408186e4bbccfd4996cb3dc -> 
  custom:CustomObjectIndexerAttribute: 306bfa6df2d96854e1ebb52f3ddacab7 -> 
  custom:container-demuxer-webm: 4f35f7cbe854078d1ac9338744f61a02 -> 
  custom:container-muxer-webm: aa71ff27fc2769a1b78a27578f13a17b -> 
  custom:video-decoder-webm-vp8: 9c59270c3fd7afecdb556c50c9e8de78 -> 
  custom:SearchIndexIgnoredProperties: e643bd26f0fe6173181afceb89e7c659 -> 
  custom:AudioImporter_EditorPlatform: 2f0ff77a95e0ac474e3e8eeba4e2f7cb -> 
  custom:video-encoder-webm-vp8: eb34c28f22e8b96e1ab97ce403110664 -> 
  custom:audio-decoder-ogg-vorbis: bf7c407c2cedff20999df2af8eb42d56 -> 
  custom:audio-encoder-webm-vorbis: bf7c407c2cedff20999df2af8eb42d56 -> 
========================================================================
Received Prepare
Begin MonoManager ReloadAssembly
Symbol file LoadedFromMemory is not a mono symbol file
- Loaded All Assemblies, in  0.510 seconds
Refreshing native plugins compatible for Editor in 2.74 ms, found 1 plugins.
Native extension for LinuxStandalone target not found
Native extension for WindowsStandalone target not found
Native extension for WebGL target not found
[Package Manager] Server::EnsureServerProcessIsRunning -- launch failed, reason: Unity was launched with the -noUpm command-line argument
[Package Manager] UpmClient::Send -- Unable to send message (not connected to UPM process).
[Package Manager] Cannot connect to Unity Package Manager local server
Mono: successfully reloaded assembly
- Finished resetting the current domain, in  0.905 seconds
Domain Reload Profiling: 1414ms
	BeginReloadAssembly (170ms)
		ExecutionOrderSort (0ms)
		DisableScriptedObjects (6ms)
		BackupInstance (0ms)
		ReleaseScriptingObjects (0ms)
		CreateAndSetChildDomain (49ms)
	RebuildCommonClasses (62ms)
	RebuildNativeTypeToScriptingClass (14ms)
	initialDomainReloadingComplete (34ms)
	LoadAllAssembliesAndSetupDomain (229ms)
		LoadAssemblies (294ms)
		RebuildTransferFunctionScriptingTraits (0ms)
		AnalyzeDomain (13ms)
			TypeCache.Refresh (7ms)
				TypeCache.ScanAssembly (0ms)
			ScanForSourceGeneratedMonoScriptInfo (0ms)
			ResolveRequiredComponents (5ms)
	FinalizeReload (905ms)
		ReleaseScriptCaches (0ms)
		RebuildScriptCaches (0ms)
		SetupLoadedEditorAssemblies (478ms)
			LogAssemblyErrors (0ms)
			InitializePlatformSupportModulesInManaged (59ms)
			SetLoadedEditorAssemblies (8ms)
			RefreshPlugins (0ms)
			BeforeProcessingInitializeOnLoad (79ms)
			ProcessInitializeOnLoadAttributes (299ms)
			ProcessInitializeOnLoadMethodAttributes (27ms)
			AfterProcessingInitializeOnLoad (7ms)
			EditorAssembliesLoaded (0ms)
		ExecutionOrderSort2 (0ms)
		AwakeInstancesAfterBackupRestoration (7ms)
Refreshing native plugins compatible for Editor in 2.91 ms, found 1 plugins.
Preloading 0 native plugins for Editor in 0.00 ms.
Unloading 3176 Unused Serialized files (Serialized files now loaded: 0)
Unloading 29 unused Assets / (1.0 MB). Loaded Objects now: 3763.
Memory consumption went from 133.8 MB to 132.8 MB.
Total: 6.040632 ms (FindLiveObjects: 0.441160 ms CreateObjectMapping: 0.140460 ms MarkObjects: 4.588742 ms  DeleteObjects: 0.867720 ms)

Prepare: number of updated asset objects reloaded= 0
AssetImportParameters requested are different than current active one (requested -> active):
  custom:container-demuxer-ogg: 62fdf1f143b41e24485cea50d1cbac27 -> 
  custom:video-decoder-ogg-theora: a1e56fd34408186e4bbccfd4996cb3dc -> 
  custom:CustomObjectIndexerAttribute: 306bfa6df2d96854e1ebb52f3ddacab7 -> 
  custom:container-demuxer-webm: 4f35f7cbe854078d1ac9338744f61a02 -> 
  custom:container-muxer-webm: aa71ff27fc2769a1b78a27578f13a17b -> 
  custom:video-decoder-webm-vp8: 9c59270c3fd7afecdb556c50c9e8de78 -> 
  custom:SearchIndexIgnoredProperties: e643bd26f0fe6173181afceb89e7c659 -> 
  custom:AudioImporter_EditorPlatform: 2f0ff77a95e0ac474e3e8eeba4e2f7cb -> 
  custom:video-encoder-webm-vp8: eb34c28f22e8b96e1ab97ce403110664 -> 
  custom:audio-decoder-ogg-vorbis: bf7c407c2cedff20999df2af8eb42d56 -> 
  custom:audio-encoder-webm-vorbis: bf7c407c2cedff20999df2af8eb42d56 -> 
========================================================================
Received Prepare
Begin MonoManager ReloadAssembly
Symbol file LoadedFromMemory is not a mono symbol file
- Loaded All Assemblies, in  0.480 seconds
Refreshing native plugins compatible for Editor in 2.16 ms, found 1 plugins.
Native extension for LinuxStandalone target not found
Native extension for WindowsStandalone target not found
Native extension for WebGL target not found
[Package Manager] Server::EnsureServerProcessIsRunning -- launch failed, reason: Unity was launched with the -noUpm command-line argument
[Package Manager] UpmClient::Send -- Unable to send message (not connected to UPM process).
[Package Manager] Cannot connect to Unity Package Manager local server
Mono: successfully reloaded assembly
- Finished resetting the current domain, in  0.870 seconds
Domain Reload Profiling: 1350ms
	BeginReloadAssembly (157ms)
		ExecutionOrderSort (0ms)
		DisableScriptedObjects (8ms)
		BackupInstance (0ms)
		ReleaseScriptingObjects (0ms)
		CreateAndSetChildDomain (48ms)
	RebuildCommonClasses (49ms)
	RebuildNativeTypeToScriptingClass (9ms)
	initialDomainReloadingComplete (34ms)
	LoadAllAssembliesAndSetupDomain (230ms)
		LoadAssemblies (282ms)
		RebuildTransferFunctionScriptingTraits (0ms)
		AnalyzeDomain (14ms)
			TypeCache.Refresh (7ms)
				TypeCache.ScanAssembly (0ms)
			ScanForSourceGeneratedMonoScriptInfo (0ms)
			ResolveRequiredComponents (5ms)
	FinalizeReload (871ms)
		ReleaseScriptCaches (0ms)
		RebuildScriptCaches (0ms)
		SetupLoadedEditorAssemblies (491ms)
			LogAssemblyErrors (0ms)
			InitializePlatformSupportModulesInManaged (46ms)
			SetLoadedEditorAssemblies (7ms)
			RefreshPlugins (0ms)
			BeforeProcessingInitializeOnLoad (93ms)
			ProcessInitializeOnLoadAttributes (309ms)
			ProcessInitializeOnLoadMethodAttributes (28ms)
			AfterProcessingInitializeOnLoad (7ms)
			EditorAssembliesLoaded (0ms)
		ExecutionOrderSort2 (0ms)
		AwakeInstancesAfterBackupRestoration (7ms)
Refreshing native plugins compatible for Editor in 2.38 ms, found 1 plugins.
Preloading 0 native plugins for Editor in 0.00 ms.
Unloading 3176 Unused Serialized files (Serialized files now loaded: 0)
Unloading 29 unused Assets / (1.0 MB). Loaded Objects now: 3766.
Memory consumption went from 133.8 MB to 132.8 MB.
Total: 5.557192 ms (FindLiveObjects: 0.337681 ms CreateObjectMapping: 0.140820 ms MarkObjects: 4.174131 ms  DeleteObjects: 0.902150 ms)

Prepare: number of updated asset objects reloaded= 0
AssetImportParameters requested are different than current active one (requested -> active):
  custom:container-demuxer-ogg: 62fdf1f143b41e24485cea50d1cbac27 -> 
  custom:video-decoder-ogg-theora: a1e56fd34408186e4bbccfd4996cb3dc -> 
  custom:CustomObjectIndexerAttribute: 306bfa6df2d96854e1ebb52f3ddacab7 -> 
  custom:container-demuxer-webm: 4f35f7cbe854078d1ac9338744f61a02 -> 
  custom:container-muxer-webm: aa71ff27fc2769a1b78a27578f13a17b -> 
  custom:video-decoder-webm-vp8: 9c59270c3fd7afecdb556c50c9e8de78 -> 
  custom:SearchIndexIgnoredProperties: e643bd26f0fe6173181afceb89e7c659 -> 
  custom:AudioImporter_EditorPlatform: 2f0ff77a95e0ac474e3e8eeba4e2f7cb -> 
  custom:video-encoder-webm-vp8: eb34c28f22e8b96e1ab97ce403110664 -> 
  custom:audio-decoder-ogg-vorbis: bf7c407c2cedff20999df2af8eb42d56 -> 
  custom:audio-encoder-webm-vorbis: bf7c407c2cedff20999df2af8eb42d56 -> 
========================================================================
Received Prepare
Begin MonoManager ReloadAssembly
Symbol file LoadedFromMemory is not a mono symbol file
- Loaded All Assemblies, in  0.473 seconds
Refreshing native plugins compatible for Editor in 2.12 ms, found 1 plugins.
Native extension for LinuxStandalone target not found
Native extension for WindowsStandalone target not found
Native extension for WebGL target not found
[Package Manager] Server::EnsureServerProcessIsRunning -- launch failed, reason: Unity was launched with the -noUpm command-line argument
[Package Manager] UpmClient::Send -- Unable to send message (not connected to UPM process).
[Package Manager] Cannot connect to Unity Package Manager local server
Mono: successfully reloaded assembly
- Finished resetting the current domain, in  0.899 seconds
Domain Reload Profiling: 1372ms
	BeginReloadAssembly (146ms)
		ExecutionOrderSort (0ms)
		DisableScriptedObjects (6ms)
		BackupInstance (0ms)
		ReleaseScriptingObjects (0ms)
		CreateAndSetChildDomain (47ms)
	RebuildCommonClasses (43ms)
	RebuildNativeTypeToScriptingClass (10ms)
	initialDomainReloadingComplete (33ms)
	LoadAllAssembliesAndSetupDomain (240ms)
		LoadAssemblies (285ms)
		RebuildTransferFunctionScriptingTraits (0ms)
		AnalyzeDomain (13ms)
			TypeCache.Refresh (7ms)
				TypeCache.ScanAssembly (0ms)
			ScanForSourceGeneratedMonoScriptInfo (0ms)
			ResolveRequiredComponents (5ms)
	FinalizeReload (900ms)
		ReleaseScriptCaches (0ms)
		RebuildScriptCaches (0ms)
		SetupLoadedEditorAssemblies (510ms)
			LogAssemblyErrors (0ms)
			InitializePlatformSupportModulesInManaged (49ms)
			SetLoadedEditorAssemblies (17ms)
			RefreshPlugins (0ms)
			BeforeProcessingInitializeOnLoad (88ms)
			ProcessInitializeOnLoadAttributes (308ms)
			ProcessInitializeOnLoadMethodAttributes (38ms)
			AfterProcessingInitializeOnLoad (9ms)
			EditorAssembliesLoaded (0ms)
		ExecutionOrderSort2 (0ms)
		AwakeInstancesAfterBackupRestoration (9ms)
Refreshing native plugins compatible for Editor in 2.03 ms, found 1 plugins.
Preloading 0 native plugins for Editor in 0.00 ms.
Unloading 3176 Unused Serialized files (Serialized files now loaded: 0)
Unloading 29 unused Assets / (1.0 MB). Loaded Objects now: 3769.
Memory consumption went from 133.8 MB to 132.8 MB.
Total: 6.761082 ms (FindLiveObjects: 0.343650 ms CreateObjectMapping: 0.078790 ms MarkObjects: 5.174972 ms  DeleteObjects: 1.161610 ms)

Prepare: number of updated asset objects reloaded= 0
AssetImportParameters requested are different than current active one (requested -> active):
  custom:container-demuxer-ogg: 62fdf1f143b41e24485cea50d1cbac27 -> 
  custom:video-decoder-ogg-theora: a1e56fd34408186e4bbccfd4996cb3dc -> 
  custom:CustomObjectIndexerAttribute: 306bfa6df2d96854e1ebb52f3ddacab7 -> 
  custom:container-demuxer-webm: 4f35f7cbe854078d1ac9338744f61a02 -> 
  custom:container-muxer-webm: aa71ff27fc2769a1b78a27578f13a17b -> 
  custom:video-decoder-webm-vp8: 9c59270c3fd7afecdb556c50c9e8de78 -> 
  custom:SearchIndexIgnoredProperties: e643bd26f0fe6173181afceb89e7c659 -> 
  custom:AudioImporter_EditorPlatform: 2f0ff77a95e0ac474e3e8eeba4e2f7cb -> 
  custom:video-encoder-webm-vp8: eb34c28f22e8b96e1ab97ce403110664 -> 
  custom:audio-decoder-ogg-vorbis: bf7c407c2cedff20999df2af8eb42d56 -> 
  custom:audio-encoder-webm-vorbis: bf7c407c2cedff20999df2af8eb42d56 -> 
========================================================================
Received Prepare
Begin MonoManager ReloadAssembly
Symbol file LoadedFromMemory is not a mono symbol file
- Loaded All Assemblies, in  0.509 seconds
Refreshing native plugins compatible for Editor in 2.18 ms, found 1 plugins.
Native extension for LinuxStandalone target not found
Native extension for WindowsStandalone target not found
Native extension for WebGL target not found
[Package Manager] Server::EnsureServerProcessIsRunning -- launch failed, reason: Unity was launched with the -noUpm command-line argument
[Package Manager] UpmClient::Send -- Unable to send message (not connected to UPM process).
[Package Manager] Cannot connect to Unity Package Manager local server
Mono: successfully reloaded assembly
- Finished resetting the current domain, in  0.898 seconds
Domain Reload Profiling: 1406ms
	BeginReloadAssembly (157ms)
		ExecutionOrderSort (0ms)
		DisableScriptedObjects (6ms)
		BackupInstance (0ms)
		ReleaseScriptingObjects (0ms)
		CreateAndSetChildDomain (55ms)
	RebuildCommonClasses (44ms)
	RebuildNativeTypeToScriptingClass (10ms)
	initialDomainReloadingComplete (34ms)
	LoadAllAssembliesAndSetupDomain (263ms)
		LoadAssemblies (310ms)
		RebuildTransferFunctionScriptingTraits (0ms)
		AnalyzeDomain (13ms)
			TypeCache.Refresh (7ms)
				TypeCache.ScanAssembly (0ms)
			ScanForSourceGeneratedMonoScriptInfo (0ms)
			ResolveRequiredComponents (5ms)
	FinalizeReload (898ms)
		ReleaseScriptCaches (0ms)
		RebuildScriptCaches (0ms)
		SetupLoadedEditorAssemblies (506ms)
			LogAssemblyErrors (0ms)
			InitializePlatformSupportModulesInManaged (50ms)
			SetLoadedEditorAssemblies (10ms)
			RefreshPlugins (0ms)
			BeforeProcessingInitializeOnLoad (79ms)
			ProcessInitializeOnLoadAttributes (330ms)
			ProcessInitializeOnLoadMethodAttributes (28ms)
			AfterProcessingInitializeOnLoad (7ms)
			EditorAssembliesLoaded (0ms)
		ExecutionOrderSort2 (0ms)
		AwakeInstancesAfterBackupRestoration (6ms)
Refreshing native plugins compatible for Editor in 2.63 ms, found 1 plugins.
Preloading 0 native plugins for Editor in 0.00 ms.
Unloading 3176 Unused Serialized files (Serialized files now loaded: 0)
Unloading 29 unused Assets / (1.0 MB). Loaded Objects now: 3772.
Memory consumption went from 133.8 MB to 132.8 MB.
Total: 5.120472 ms (FindLiveObjects: 0.306491 ms CreateObjectMapping: 0.076580 ms MarkObjects: 3.773331 ms  DeleteObjects: 0.962150 ms)

Prepare: number of updated asset objects reloaded= 0
AssetImportParameters requested are different than current active one (requested -> active):
  custom:container-demuxer-ogg: 62fdf1f143b41e24485cea50d1cbac27 -> 
  custom:video-decoder-ogg-theora: a1e56fd34408186e4bbccfd4996cb3dc -> 
  custom:CustomObjectIndexerAttribute: 306bfa6df2d96854e1ebb52f3ddacab7 -> 
  custom:container-demuxer-webm: 4f35f7cbe854078d1ac9338744f61a02 -> 
  custom:container-muxer-webm: aa71ff27fc2769a1b78a27578f13a17b -> 
  custom:video-decoder-webm-vp8: 9c59270c3fd7afecdb556c50c9e8de78 -> 
  custom:SearchIndexIgnoredProperties: e643bd26f0fe6173181afceb89e7c659 -> 
  custom:AudioImporter_EditorPlatform: 2f0ff77a95e0ac474e3e8eeba4e2f7cb -> 
  custom:video-encoder-webm-vp8: eb34c28f22e8b96e1ab97ce403110664 -> 
  custom:audio-decoder-ogg-vorbis: bf7c407c2cedff20999df2af8eb42d56 -> 
  custom:audio-encoder-webm-vorbis: bf7c407c2cedff20999df2af8eb42d56 -> 
========================================================================
Received Prepare
Begin MonoManager ReloadAssembly
Symbol file LoadedFromMemory is not a mono symbol file
- Loaded All Assemblies, in  0.509 seconds
Refreshing native plugins compatible for Editor in 2.28 ms, found 1 plugins.
Native extension for LinuxStandalone target not found
Native extension for WindowsStandalone target not found
Native extension for WebGL target not found
[Package Manager] Server::EnsureServerProcessIsRunning -- launch failed, reason: Unity was launched with the -noUpm command-line argument
[Package Manager] UpmClient::Send -- Unable to send message (not connected to UPM process).
[Package Manager] Cannot connect to Unity Package Manager local server
Mono: successfully reloaded assembly
- Finished resetting the current domain, in  1.026 seconds
Domain Reload Profiling: 1534ms
	BeginReloadAssembly (169ms)
		ExecutionOrderSort (0ms)
		DisableScriptedObjects (6ms)
		BackupInstance (0ms)
		ReleaseScriptingObjects (0ms)
		CreateAndSetChildDomain (53ms)
	RebuildCommonClasses (45ms)
	RebuildNativeTypeToScriptingClass (10ms)
	initialDomainReloadingComplete (35ms)
	LoadAllAssembliesAndSetupDomain (249ms)
		LoadAssemblies (296ms)
		RebuildTransferFunctionScriptingTraits (0ms)
		AnalyzeDomain (27ms)
			TypeCache.Refresh (11ms)
				TypeCache.ScanAssembly (0ms)
			ScanForSourceGeneratedMonoScriptInfo (10ms)
			ResolveRequiredComponents (5ms)
	FinalizeReload (1026ms)
		ReleaseScriptCaches (0ms)
		RebuildScriptCaches (0ms)
		SetupLoadedEditorAssemblies (561ms)
			LogAssemblyErrors (0ms)
			InitializePlatformSupportModulesInManaged (52ms)
			SetLoadedEditorAssemblies (8ms)
			RefreshPlugins (0ms)
			BeforeProcessingInitializeOnLoad (90ms)
			ProcessInitializeOnLoadAttributes (343ms)
			ProcessInitializeOnLoadMethodAttributes (49ms)
			AfterProcessingInitializeOnLoad (16ms)
			EditorAssembliesLoaded (4ms)
		ExecutionOrderSort2 (0ms)
		AwakeInstancesAfterBackupRestoration (11ms)
Refreshing native plugins compatible for Editor in 2.06 ms, found 1 plugins.
Preloading 0 native plugins for Editor in 0.00 ms.
Unloading 3176 Unused Serialized files (Serialized files now loaded: 0)
Unloading 29 unused Assets / (1.0 MB). Loaded Objects now: 3775.
Memory consumption went from 133.8 MB to 132.8 MB.
Total: 5.308672 ms (FindLiveObjects: 0.374250 ms CreateObjectMapping: 0.094940 ms MarkObjects: 3.947072 ms  DeleteObjects: 0.890700 ms)

Prepare: number of updated asset objects reloaded= 0
AssetImportParameters requested are different than current active one (requested -> active):
  custom:container-demuxer-ogg: 62fdf1f143b41e24485cea50d1cbac27 -> 
  custom:video-decoder-ogg-theora: a1e56fd34408186e4bbccfd4996cb3dc -> 
  custom:CustomObjectIndexerAttribute: 306bfa6df2d96854e1ebb52f3ddacab7 -> 
  custom:container-demuxer-webm: 4f35f7cbe854078d1ac9338744f61a02 -> 
  custom:container-muxer-webm: aa71ff27fc2769a1b78a27578f13a17b -> 
  custom:video-decoder-webm-vp8: 9c59270c3fd7afecdb556c50c9e8de78 -> 
  custom:SearchIndexIgnoredProperties: e643bd26f0fe6173181afceb89e7c659 -> 
  custom:AudioImporter_EditorPlatform: 2f0ff77a95e0ac474e3e8eeba4e2f7cb -> 
  custom:video-encoder-webm-vp8: eb34c28f22e8b96e1ab97ce403110664 -> 
  custom:audio-decoder-ogg-vorbis: bf7c407c2cedff20999df2af8eb42d56 -> 
  custom:audio-encoder-webm-vorbis: bf7c407c2cedff20999df2af8eb42d56 -> 
========================================================================
Received Import Request.
  Time since last request: 5208.973718 seconds.
  path: Assets/Models/Wall
  artifactKey: Guid(0aba367d7778daa94b6b7e5dbbe9cb98) Importer(815301076,1909f56bfc062723c751e8b465ee728b)
Start importing Assets/Models/Wall using Guid(0aba367d7778daa94b6b7e5dbbe9cb98) Importer(815301076,1909f56bfc062723c751e8b465ee728b)  -> (artifact id: 'fd2042146c0b7ef6339a269256d3cf06') in 0.045363 seconds
Number of updated asset objects reloaded before import = 0
Number of asset objects unloaded after import = 0
========================================================================
Received Import Request.
  Time since last request: 9.164675 seconds.
  path: Assets/Models/Wall/Wall.glb
  artifactKey: Guid(438bed346de966359869a5ab69080ba8) Importer(815301076,1909f56bfc062723c751e8b465ee728b)
Start importing Assets/Models/Wall/Wall.glb using Guid(438bed346de966359869a5ab69080ba8) Importer(815301076,1909f56bfc062723c751e8b465ee728b)  -> (artifact id: 'b41be7633889eeb0e5fe9e77a7d38329') in 0.502064 seconds
Number of updated asset objects reloaded before import = 0
Number of asset objects unloaded after import = 11
========================================================================
Received Import Request.
  Time since last request: 27.742828 seconds.
  path: Assets/Models/Wall/WallTexture.png
  artifactKey: Guid(99b86ebc3b7e325248ef2d4b200ff26d) Importer(815301076,1909f56bfc062723c751e8b465ee728b)
Start importing Assets/Models/Wall/WallTexture.png using Guid(99b86ebc3b7e325248ef2d4b200ff26d) Importer(815301076,1909f56bfc062723c751e8b465ee728b)  -> (artifact id: '4912b99123d520bfdee8e02022715980') in 0.083164 seconds
Number of updated asset objects reloaded before import = 0
Number of asset objects unloaded after import = 2
========================================================================
Received Import Request.
  Time since last request: 81.860563 seconds.
  path: Assets/Models/Wall/Wall.glb
  artifactKey: Guid(438bed346de966359869a5ab69080ba8) Importer(815301076,1909f56bfc062723c751e8b465ee728b)
Start importing Assets/Models/Wall/Wall.glb using Guid(438bed346de966359869a5ab69080ba8) Importer(815301076,1909f56bfc062723c751e8b465ee728b)  -> (artifact id: 'f89b9df90206bf9d8b5c196f5ebcd054') in 0.163943 seconds
Number of updated asset objects reloaded before import = 0
Number of asset objects unloaded after import = 34
========================================================================
Received Import Request.
  Time since last request: 47.216482 seconds.
  path: Assets/Models/Wall/Wall.glb
  artifactKey: Guid(438bed346de966359869a5ab69080ba8) Importer(815301076,1909f56bfc062723c751e8b465ee728b)
Start importing Assets/Models/Wall/Wall.glb using Guid(438bed346de966359869a5ab69080ba8) Importer(815301076,1909f56bfc062723c751e8b465ee728b)  -> (artifact id: '9b751763be5066269928315553e7ec5f') in 0.029622 seconds
Number of updated asset objects reloaded before import = 0
Number of asset objects unloaded after import = 7
========================================================================
Received Import Request.
  Time since last request: 19.279221 seconds.
  path: Assets/Models/Printer/PrinterGreenPLAToyBricks/Brick Green.mat
  artifactKey: Guid(c90e3e5a4228c9e5386b61003ae41b29) Importer(815301076,1909f56bfc062723c751e8b465ee728b)
Start importing Assets/Models/Printer/PrinterGreenPLAToyBricks/Brick Green.mat using Guid(c90e3e5a4228c9e5386b61003ae41b29) Importer(815301076,1909f56bfc062723c751e8b465ee728b)  -> (artifact id: 'b6065aa48153f2536ea9450e6efe4bb6') in 0.011143 seconds
Number of updated asset objects reloaded before import = 0
Number of asset objects unloaded after import = 1
========================================================================
Received Import Request.
  Time since last request: 0.003610 seconds.
  path: Assets/Models/Printer/PrinterYellowPLAToySteamroller/Steamroller Materials/Cabin Yellow.mat
  artifactKey: Guid(3835242940b8b0ed189635dca4955d10) Importer(815301076,1909f56bfc062723c751e8b465ee728b)
Start importing Assets/Models/Printer/PrinterYellowPLAToySteamroller/Steamroller Materials/Cabin Yellow.mat using Guid(3835242940b8b0ed189635dca4955d10) Importer(815301076,1909f56bfc062723c751e8b465ee728b)  -> (artifact id: 'dd3e65f738a92cccc3c6ad3b2fbcacd3') in 0.014501 seconds
Number of updated asset objects reloaded before import = 0
Number of asset objects unloaded after import = 1
========================================================================
Received Import Request.
  Time since last request: 0.001988 seconds.
  path: Assets/Models/Printer/PrinterYellowPLAToySteamroller/Steamroller Materials/Exhaust Grey.mat
  artifactKey: Guid(d7bb9aff20e28e9c0b0466e9f67edde8) Importer(815301076,1909f56bfc062723c751e8b465ee728b)
Start importing Assets/Models/Printer/PrinterYellowPLAToySteamroller/Steamroller Materials/Exhaust Grey.mat using Guid(d7bb9aff20e28e9c0b0466e9f67edde8) Importer(815301076,1909f56bfc062723c751e8b465ee728b)  -> (artifact id: '5c5309b726d1b6ceb2b311fbc24e892c') in 0.011854 seconds
Number of updated asset objects reloaded before import = 0
Number of asset objects unloaded after import = 1
========================================================================
Received Import Request.
  Time since last request: 0.009077 seconds.
  path: Assets/Models/Printer/PrinterYellowPLAToySteamroller/Steamroller Materials/Joystick Red.mat
  artifactKey: Guid(90bc22b3153ee951ead2f94512292e88) Importer(815301076,1909f56bfc062723c751e8b465ee728b)
Start importing Assets/Models/Printer/PrinterYellowPLAToySteamroller/Steamroller Materials/Joystick Red.mat using Guid(90bc22b3153ee951ead2f94512292e88) Importer(815301076,1909f56bfc062723c751e8b465ee728b)  -> (artifact id: '41ee10f17222cdc89e800138fdc45d59') in 0.010029 seconds
Number of updated asset objects reloaded before import = 0
Number of asset objects unloaded after import = 1
========================================================================
Received Import Request.
  Time since last request: 0.016414 seconds.
  path: Assets/Models/Printer/PrinterYellowPLAToySteamroller/Steamroller Materials/Light Red.mat
  artifactKey: Guid(044812f45cba9498298be7126dee1dfc) Importer(815301076,1909f56bfc062723c751e8b465ee728b)
Start importing Assets/Models/Printer/PrinterYellowPLAToySteamroller/Steamroller Materials/Light Red.mat using Guid(044812f45cba9498298be7126dee1dfc) Importer(815301076,1909f56bfc062723c751e8b465ee728b)  -> (artifact id: '2f89e21ace63fe37d130f992bf938545') in 0.009190 seconds
Number of updated asset objects reloaded before import = 0
Number of asset objects unloaded after import = 1
========================================================================
Received Import Request.
  Time since last request: 0.090187 seconds.
  path: Assets/Models/Printer/PrinterYellowPLAToySteamroller/Steamroller Materials/Roller Grey.mat
  artifactKey: Guid(0948d020c700b35cdab7a0ea18848601) Importer(815301076,1909f56bfc062723c751e8b465ee728b)
Start importing Assets/Models/Printer/PrinterYellowPLAToySteamroller/Steamroller Materials/Roller Grey.mat using Guid(0948d020c700b35cdab7a0ea18848601) Importer(815301076,1909f56bfc062723c751e8b465ee728b)  -> (artifact id: '498f0eaec0218a68b6a52bedfbf0e4e6') in 0.010547 seconds
Number of updated asset objects reloaded before import = 0
Number of asset objects unloaded after import = 1
========================================================================
Received Import Request.
  Time since last request: 0.000178 seconds.
  path: Assets/Models/Printer/PrinterYellowPLAToySteamroller/Steamroller Materials/Screen Clear.mat
  artifactKey: Guid(bb7c6ddcdd09c83f48b57723dd0d806a) Importer(815301076,1909f56bfc062723c751e8b465ee728b)
Start importing Assets/Models/Printer/PrinterYellowPLAToySteamroller/Steamroller Materials/Screen Clear.mat using Guid(bb7c6ddcdd09c83f48b57723dd0d806a) Importer(815301076,1909f56bfc062723c751e8b465ee728b)  -> (artifact id: '2ea8b927de77e54ad4c608f364530670') in 0.008874 seconds
Number of updated asset objects reloaded before import = 0
Number of asset objects unloaded after import = 1
========================================================================
Received Import Request.
  Time since last request: 0.000176 seconds.
  path: Assets/Models/Printer/PrinterYellowPLAToySteamroller/Steamroller Materials/Tire Rim Yellow.mat
  artifactKey: Guid(49c4b9e91872d2effa13068dc8edca1a) Importer(815301076,1909f56bfc062723c751e8b465ee728b)
Start importing Assets/Models/Printer/PrinterYellowPLAToySteamroller/Steamroller Materials/Tire Rim Yellow.mat using Guid(49c4b9e91872d2effa13068dc8edca1a) Importer(815301076,1909f56bfc062723c751e8b465ee728b)  -> (artifact id: 'ffc4db9270b1addca5a820ff20b62e7d') in 0.011045 seconds
Number of updated asset objects reloaded before import = 0
Number of asset objects unloaded after import = 1
========================================================================
Received Import Request.
  Time since last request: 0.000338 seconds.
  path: Assets/Models/Printer/PrinterYellowPLAToySteamroller/Steamroller Materials/Window Glass.mat
  artifactKey: Guid(1d86c369234d4ab74831e497182e2b92) Importer(815301076,1909f56bfc062723c751e8b465ee728b)
Start importing Assets/Models/Printer/PrinterYellowPLAToySteamroller/Steamroller Materials/Window Glass.mat using Guid(1d86c369234d4ab74831e497182e2b92) Importer(815301076,1909f56bfc062723c751e8b465ee728b)  -> (artifact id: '2ca1f87367b21c3f4485d05ccda6a222') in 0.010706 seconds
Number of updated asset objects reloaded before import = 0
Number of asset objects unloaded after import = 1
========================================================================
Received Import Request.
  Time since last request: 0.000074 seconds.
  path: Assets/Models/Printer/PrinterYellowPLAToySteamroller/Steamroller Materials/Tire Rubber Black.mat
  artifactKey: Guid(fef20879c8bb784caa763d2f4f21ebe4) Importer(815301076,1909f56bfc062723c751e8b465ee728b)
Start importing Assets/Models/Printer/PrinterYellowPLAToySteamroller/Steamroller Materials/Tire Rubber Black.mat using Guid(fef20879c8bb784caa763d2f4f21ebe4) Importer(815301076,1909f56bfc062723c751e8b465ee728b)  -> (artifact id: '1234aaa658c8683872409d32990ac565') in 0.010703 seconds
Number of updated asset objects reloaded before import = 0
Number of asset objects unloaded after import = 1
========================================================================
Received Import Request.
  Time since last request: 331.454916 seconds.
  path: Assets/Models/Wall/Floor.mat
  artifactKey: Guid(94db7bfdbe9cebf22870baabddc92727) Importer(815301076,1909f56bfc062723c751e8b465ee728b)
Start importing Assets/Models/Wall/Floor.mat using Guid(94db7bfdbe9cebf22870baabddc92727) Importer(815301076,1909f56bfc062723c751e8b465ee728b)  -> (artifact id: '1dd1504da2ef17620e7647765c18b1cd') in 0.017230 seconds
Number of updated asset objects reloaded before import = 0
Number of asset objects unloaded after import = 1
========================================================================
Received Import Request.
  Time since last request: 3.848858 seconds.
  path: Assets/Models/Wall/Wall.mat
  artifactKey: Guid(94db7bfdbe9cebf22870baabddc92727) Importer(815301076,1909f56bfc062723c751e8b465ee728b)
Start importing Assets/Models/Wall/Wall.mat using Guid(94db7bfdbe9cebf22870baabddc92727) Importer(815301076,1909f56bfc062723c751e8b465ee728b)  -> (artifact id: '04d45fce27dd988118f64d4eaef20f6d') in 0.012500 seconds
Number of updated asset objects reloaded before import = 0
Number of asset objects unloaded after import = 1
========================================================================
Received Import Request.
  Time since last request: 831.944243 seconds.
  path: Assets/Models/Wall/Wall.prefab
  artifactKey: Guid(54fa886f78babc18cb955911f3822644) Importer(815301076,1909f56bfc062723c751e8b465ee728b)
Start importing Assets/Models/Wall/Wall.prefab using Guid(54fa886f78babc18cb955911f3822644) Importer(815301076,1909f56bfc062723c751e8b465ee728b)  -> (artifact id: 'a2438bc93b2871221c96e5d1bfbcd5cb') in 0.011558 seconds
Number of updated asset objects reloaded before import = 0
Number of asset objects unloaded after import = 15
========================================================================
Received Import Request.
  Time since last request: 10.815368 seconds.
  path: Assets/Models/Wall/DO NOT USE.glb
  artifactKey: Guid(438bed346de966359869a5ab69080ba8) Importer(815301076,1909f56bfc062723c751e8b465ee728b)
Start importing Assets/Models/Wall/DO NOT USE.glb using Guid(438bed346de966359869a5ab69080ba8) Importer(815301076,1909f56bfc062723c751e8b465ee728b)  -> (artifact id: '99d5d7fe78a54a1033e5ab1d824df9e2') in 0.016546 seconds
Number of updated asset objects reloaded before import = 0
Number of asset objects unloaded after import = 7
========================================================================
Received Import Request.
  Time since last request: 50.486017 seconds.
  path: Assets/Models/Wall/DO NOT USE.glb
  artifactKey: Guid(438bed346de966359869a5ab69080ba8) Importer(815301076,1909f56bfc062723c751e8b465ee728b)
Start importing Assets/Models/Wall/DO NOT USE.glb using Guid(438bed346de966359869a5ab69080ba8) Importer(815301076,1909f56bfc062723c751e8b465ee728b)  -> (artifact id: 'fa76a268721b90a6cade772992753018') in 0.017272 seconds
Number of updated asset objects reloaded before import = 0
Number of asset objects unloaded after import = 7
========================================================================
Received Import Request.
  Time since last request: 16.943934 seconds.
  path: Assets/Models/Wall/Wall.mat
  artifactKey: Guid(94db7bfdbe9cebf22870baabddc92727) Importer(815301076,1909f56bfc062723c751e8b465ee728b)
Start importing Assets/Models/Wall/Wall.mat using Guid(94db7bfdbe9cebf22870baabddc92727) Importer(815301076,1909f56bfc062723c751e8b465ee728b)  -> (artifact id: 'a0118ede28101a0f1c40cf904577b0c6') in 0.015068 seconds
Number of updated asset objects reloaded before import = 0
Number of asset objects unloaded after import = 2
========================================================================
Received Prepare
Begin MonoManager ReloadAssembly
Symbol file LoadedFromMemory is not a mono symbol file
- Loaded All Assemblies, in  1.060 seconds
Refreshing native plugins compatible for Editor in 2.90 ms, found 1 plugins.
Native extension for LinuxStandalone target not found
Native extension for WindowsStandalone target not found
Native extension for WebGL target not found
[Package Manager] Server::EnsureServerProcessIsRunning -- launch failed, reason: Unity was launched with the -noUpm command-line argument
[Package Manager] UpmClient::Send -- Unable to send message (not connected to UPM process).
[Package Manager] Cannot connect to Unity Package Manager local server
Mono: successfully reloaded assembly
- Finished resetting the current domain, in  1.286 seconds
Domain Reload Profiling: 2349ms
	BeginReloadAssembly (464ms)
		ExecutionOrderSort (0ms)
		DisableScriptedObjects (11ms)
		BackupInstance (0ms)
		ReleaseScriptingObjects (0ms)
		CreateAndSetChildDomain (170ms)
	RebuildCommonClasses (62ms)
	RebuildNativeTypeToScriptingClass (14ms)
	initialDomainReloadingComplete (45ms)
	LoadAllAssembliesAndSetupDomain (477ms)
		LoadAssemblies (685ms)
		RebuildTransferFunctionScriptingTraits (0ms)
		AnalyzeDomain (21ms)
			TypeCache.Refresh (12ms)
				TypeCache.ScanAssembly (0ms)
			ScanForSourceGeneratedMonoScriptInfo (0ms)
			ResolveRequiredComponents (7ms)
	FinalizeReload (1287ms)
		ReleaseScriptCaches (0ms)
		RebuildScriptCaches (0ms)
		SetupLoadedEditorAssemblies (494ms)
			LogAssemblyErrors (0ms)
			InitializePlatformSupportModulesInManaged (52ms)
			SetLoadedEditorAssemblies (7ms)
			RefreshPlugins (0ms)
			BeforeProcessingInitializeOnLoad (80ms)
			ProcessInitializeOnLoadAttributes (321ms)
			ProcessInitializeOnLoadMethodAttributes (26ms)
			AfterProcessingInitializeOnLoad (7ms)
			EditorAssembliesLoaded (0ms)
		ExecutionOrderSort2 (0ms)
		AwakeInstancesAfterBackupRestoration (7ms)
Refreshing native plugins compatible for Editor in 2.75 ms, found 1 plugins.
Preloading 0 native plugins for Editor in 0.00 ms.
Unloading 3176 Unused Serialized files (Serialized files now loaded: 0)
Unloading 29 unused Assets / (1.0 MB). Loaded Objects now: 3778.
Memory consumption went from 133.8 MB to 132.8 MB.
Total: 6.984272 ms (FindLiveObjects: 0.399760 ms CreateObjectMapping: 0.101890 ms MarkObjects: 5.002512 ms  DeleteObjects: 1.476100 ms)

Prepare: number of updated asset objects reloaded= 0
AssetImportParameters requested are different than current active one (requested -> active):
  custom:container-demuxer-ogg: 62fdf1f143b41e24485cea50d1cbac27 -> 
  custom:video-decoder-ogg-theora: a1e56fd34408186e4bbccfd4996cb3dc -> 
  custom:CustomObjectIndexerAttribute: 306bfa6df2d96854e1ebb52f3ddacab7 -> 
  custom:container-demuxer-webm: 4f35f7cbe854078d1ac9338744f61a02 -> 
  custom:container-muxer-webm: aa71ff27fc2769a1b78a27578f13a17b -> 
  custom:video-decoder-webm-vp8: 9c59270c3fd7afecdb556c50c9e8de78 -> 
  custom:SearchIndexIgnoredProperties: e643bd26f0fe6173181afceb89e7c659 -> 
  custom:AudioImporter_EditorPlatform: 2f0ff77a95e0ac474e3e8eeba4e2f7cb -> 
  custom:video-encoder-webm-vp8: eb34c28f22e8b96e1ab97ce403110664 -> 
  custom:audio-decoder-ogg-vorbis: bf7c407c2cedff20999df2af8eb42d56 -> 
  custom:audio-encoder-webm-vorbis: bf7c407c2cedff20999df2af8eb42d56 -> 
========================================================================
Received Import Request.
  Time since last request: 144.076194 seconds.
  path: Assets/Scripts/LevelGenerator.cs
  artifactKey: Guid(954435e05ff95b3c58c15eed6f3b1df2) Importer(815301076,1909f56bfc062723c751e8b465ee728b)
Start importing Assets/Scripts/LevelGenerator.cs using Guid(954435e05ff95b3c58c15eed6f3b1df2) Importer(815301076,1909f56bfc062723c751e8b465ee728b)  -> (artifact id: '45c5357c36bc45e55d2624cee3cc29a1') in 0.002365 seconds
Number of updated asset objects reloaded before import = 0
Number of asset objects unloaded after import = 0
========================================================================
Received Prepare
Begin MonoManager ReloadAssembly
Symbol file LoadedFromMemory is not a mono symbol file
- Loaded All Assemblies, in  0.487 seconds
Refreshing native plugins compatible for Editor in 2.17 ms, found 1 plugins.
Native extension for LinuxStandalone target not found
Native extension for WindowsStandalone target not found
Native extension for WebGL target not found
[Package Manager] Server::EnsureServerProcessIsRunning -- launch failed, reason: Unity was launched with the -noUpm command-line argument
[Package Manager] UpmClient::Send -- Unable to send message (not connected to UPM process).
[Package Manager] Cannot connect to Unity Package Manager local server
Mono: successfully reloaded assembly
- Finished resetting the current domain, in  0.857 seconds
Domain Reload Profiling: 1344ms
	BeginReloadAssembly (158ms)
		ExecutionOrderSort (0ms)
		DisableScriptedObjects (8ms)
		BackupInstance (0ms)
		ReleaseScriptingObjects (0ms)
		CreateAndSetChildDomain (52ms)
	RebuildCommonClasses (43ms)
	RebuildNativeTypeToScriptingClass (9ms)
	initialDomainReloadingComplete (35ms)
	LoadAllAssembliesAndSetupDomain (240ms)
		LoadAssemblies (276ms)
		RebuildTransferFunctionScriptingTraits (0ms)
		AnalyzeDomain (28ms)
			TypeCache.Refresh (13ms)
				TypeCache.ScanAssembly (0ms)
			ScanForSourceGeneratedMonoScriptInfo (9ms)
			ResolveRequiredComponents (5ms)
	FinalizeReload (858ms)
		ReleaseScriptCaches (0ms)
		RebuildScriptCaches (0ms)
		SetupLoadedEditorAssemblies (475ms)
			LogAssemblyErrors (0ms)
			InitializePlatformSupportModulesInManaged (50ms)
			SetLoadedEditorAssemblies (7ms)
			RefreshPlugins (0ms)
			BeforeProcessingInitializeOnLoad (79ms)
			ProcessInitializeOnLoadAttributes (304ms)
			ProcessInitializeOnLoadMethodAttributes (27ms)
			AfterProcessingInitializeOnLoad (7ms)
			EditorAssembliesLoaded (0ms)
		ExecutionOrderSort2 (0ms)
		AwakeInstancesAfterBackupRestoration (9ms)
Refreshing native plugins compatible for Editor in 2.22 ms, found 1 plugins.
Preloading 0 native plugins for Editor in 0.00 ms.
Unloading 3176 Unused Serialized files (Serialized files now loaded: 0)
Unloading 29 unused Assets / (1.0 MB). Loaded Objects now: 3781.
Memory consumption went from 133.8 MB to 132.8 MB.
Total: 5.989612 ms (FindLiveObjects: 0.417730 ms CreateObjectMapping: 0.147570 ms MarkObjects: 4.212741 ms  DeleteObjects: 1.209591 ms)

Prepare: number of updated asset objects reloaded= 0
AssetImportParameters requested are different than current active one (requested -> active):
  custom:container-demuxer-ogg: 62fdf1f143b41e24485cea50d1cbac27 -> 
  custom:video-decoder-ogg-theora: a1e56fd34408186e4bbccfd4996cb3dc -> 
  custom:CustomObjectIndexerAttribute: 306bfa6df2d96854e1ebb52f3ddacab7 -> 
  custom:container-demuxer-webm: 4f35f7cbe854078d1ac9338744f61a02 -> 
  custom:container-muxer-webm: aa71ff27fc2769a1b78a27578f13a17b -> 
  custom:video-decoder-webm-vp8: 9c59270c3fd7afecdb556c50c9e8de78 -> 
  custom:SearchIndexIgnoredProperties: e643bd26f0fe6173181afceb89e7c659 -> 
  custom:AudioImporter_EditorPlatform: 2f0ff77a95e0ac474e3e8eeba4e2f7cb -> 
  custom:video-encoder-webm-vp8: eb34c28f22e8b96e1ab97ce403110664 -> 
  custom:audio-decoder-ogg-vorbis: bf7c407c2cedff20999df2af8eb42d56 -> 
  custom:audio-encoder-webm-vorbis: bf7c407c2cedff20999df2af8eb42d56 -> 
========================================================================
Received Import Request.
  Time since last request: 31.307238 seconds.
  path: Assets/Scripts/LevelGenerator.cs
  artifactKey: Guid(954435e05ff95b3c58c15eed6f3b1df2) Importer(815301076,1909f56bfc062723c751e8b465ee728b)
Start importing Assets/Scripts/LevelGenerator.cs using Guid(954435e05ff95b3c58c15eed6f3b1df2) Importer(815301076,1909f56bfc062723c751e8b465ee728b)  -> (artifact id: '22a4da42ece6bc84a13c0c0f724e7920') in 0.002215 seconds
Number of updated asset objects reloaded before import = 0
Number of asset objects unloaded after import = 0
========================================================================
Received Prepare
Begin MonoManager ReloadAssembly
Symbol file LoadedFromMemory is not a mono symbol file
- Loaded All Assemblies, in  0.486 seconds
Refreshing native plugins compatible for Editor in 2.16 ms, found 1 plugins.
Native extension for LinuxStandalone target not found
Native extension for WindowsStandalone target not found
Native extension for WebGL target not found
[Package Manager] Server::EnsureServerProcessIsRunning -- launch failed, reason: Unity was launched with the -noUpm command-line argument
[Package Manager] UpmClient::Send -- Unable to send message (not connected to UPM process).
[Package Manager] Cannot connect to Unity Package Manager local server
Mono: successfully reloaded assembly
- Finished resetting the current domain, in  0.892 seconds
Domain Reload Profiling: 1377ms
	BeginReloadAssembly (151ms)
		ExecutionOrderSort (0ms)
		DisableScriptedObjects (6ms)
		BackupInstance (0ms)
		ReleaseScriptingObjects (0ms)
		CreateAndSetChildDomain (49ms)
	RebuildCommonClasses (42ms)
	RebuildNativeTypeToScriptingClass (10ms)
	initialDomainReloadingComplete (35ms)
	LoadAllAssembliesAndSetupDomain (246ms)
		LoadAssemblies (294ms)
		RebuildTransferFunctionScriptingTraits (0ms)
		AnalyzeDomain (15ms)
			TypeCache.Refresh (8ms)
				TypeCache.ScanAssembly (0ms)
			ScanForSourceGeneratedMonoScriptInfo (0ms)
			ResolveRequiredComponents (5ms)
	FinalizeReload (892ms)
		ReleaseScriptCaches (0ms)
		RebuildScriptCaches (0ms)
		SetupLoadedEditorAssemblies (472ms)
			LogAssemblyErrors (0ms)
			InitializePlatformSupportModulesInManaged (52ms)
			SetLoadedEditorAssemblies (7ms)
			RefreshPlugins (0ms)
			BeforeProcessingInitializeOnLoad (81ms)
			ProcessInitializeOnLoadAttributes (299ms)
			ProcessInitializeOnLoadMethodAttributes (26ms)
			AfterProcessingInitializeOnLoad (7ms)
			EditorAssembliesLoaded (0ms)
		ExecutionOrderSort2 (0ms)
		AwakeInstancesAfterBackupRestoration (7ms)
Refreshing native plugins compatible for Editor in 2.02 ms, found 1 plugins.
Preloading 0 native plugins for Editor in 0.00 ms.
Unloading 3176 Unused Serialized files (Serialized files now loaded: 0)
Unloading 29 unused Assets / (1.0 MB). Loaded Objects now: 3784.
Memory consumption went from 133.9 MB to 132.8 MB.
Total: 5.515502 ms (FindLiveObjects: 0.436060 ms CreateObjectMapping: 0.109020 ms MarkObjects: 4.042701 ms  DeleteObjects: 0.925501 ms)

Prepare: number of updated asset objects reloaded= 0
AssetImportParameters requested are different than current active one (requested -> active):
  custom:container-demuxer-ogg: 62fdf1f143b41e24485cea50d1cbac27 -> 
  custom:video-decoder-ogg-theora: a1e56fd34408186e4bbccfd4996cb3dc -> 
  custom:CustomObjectIndexerAttribute: 306bfa6df2d96854e1ebb52f3ddacab7 -> 
  custom:container-demuxer-webm: 4f35f7cbe854078d1ac9338744f61a02 -> 
  custom:container-muxer-webm: aa71ff27fc2769a1b78a27578f13a17b -> 
  custom:video-decoder-webm-vp8: 9c59270c3fd7afecdb556c50c9e8de78 -> 
  custom:SearchIndexIgnoredProperties: e643bd26f0fe6173181afceb89e7c659 -> 
  custom:AudioImporter_EditorPlatform: 2f0ff77a95e0ac474e3e8eeba4e2f7cb -> 
  custom:video-encoder-webm-vp8: eb34c28f22e8b96e1ab97ce403110664 -> 
  custom:audio-decoder-ogg-vorbis: bf7c407c2cedff20999df2af8eb42d56 -> 
  custom:audio-encoder-webm-vorbis: bf7c407c2cedff20999df2af8eb42d56 -> 
========================================================================
Received Import Request.
  Time since last request: 69.930123 seconds.
  path: Assets/Scripts/LevelGenerator.cs
  artifactKey: Guid(954435e05ff95b3c58c15eed6f3b1df2) Importer(815301076,1909f56bfc062723c751e8b465ee728b)
Start importing Assets/Scripts/LevelGenerator.cs using Guid(954435e05ff95b3c58c15eed6f3b1df2) Importer(815301076,1909f56bfc062723c751e8b465ee728b)  -> (artifact id: 'b15bf4f6d2fe34a1d6bd1c9795747a21') in 0.003463 seconds
Number of updated asset objects reloaded before import = 0
Number of asset objects unloaded after import = 0
========================================================================
Received Prepare
Begin MonoManager ReloadAssembly
Symbol file LoadedFromMemory is not a mono symbol file
- Loaded All Assemblies, in  0.483 seconds
Refreshing native plugins compatible for Editor in 2.02 ms, found 1 plugins.
Native extension for LinuxStandalone target not found
Native extension for WindowsStandalone target not found
Native extension for WebGL target not found
[Package Manager] Server::EnsureServerProcessIsRunning -- launch failed, reason: Unity was launched with the -noUpm command-line argument
[Package Manager] UpmClient::Send -- Unable to send message (not connected to UPM process).
[Package Manager] Cannot connect to Unity Package Manager local server
Mono: successfully reloaded assembly
- Finished resetting the current domain, in  0.898 seconds
Domain Reload Profiling: 1381ms
	BeginReloadAssembly (151ms)
		ExecutionOrderSort (0ms)
		DisableScriptedObjects (6ms)
		BackupInstance (0ms)
		ReleaseScriptingObjects (0ms)
		CreateAndSetChildDomain (49ms)
	RebuildCommonClasses (43ms)
	RebuildNativeTypeToScriptingClass (9ms)
	initialDomainReloadingComplete (34ms)
	LoadAllAssembliesAndSetupDomain (245ms)
		LoadAssemblies (283ms)
		RebuildTransferFunctionScriptingTraits (0ms)
		AnalyzeDomain (24ms)
			TypeCache.Refresh (10ms)
				TypeCache.ScanAssembly (0ms)
			ScanForSourceGeneratedMonoScriptInfo (8ms)
			ResolveRequiredComponents (4ms)
	FinalizeReload (899ms)
		ReleaseScriptCaches (0ms)
		RebuildScriptCaches (0ms)
		SetupLoadedEditorAssemblies (516ms)
			LogAssemblyErrors (0ms)
			InitializePlatformSupportModulesInManaged (50ms)
			SetLoadedEditorAssemblies (9ms)
			RefreshPlugins (0ms)
			BeforeProcessingInitializeOnLoad (98ms)
			ProcessInitializeOnLoadAttributes (322ms)
			ProcessInitializeOnLoadMethodAttributes (27ms)
			AfterProcessingInitializeOnLoad (9ms)
			EditorAssembliesLoaded (0ms)
		ExecutionOrderSort2 (0ms)
		AwakeInstancesAfterBackupRestoration (6ms)
Refreshing native plugins compatible for Editor in 2.11 ms, found 1 plugins.
Preloading 0 native plugins for Editor in 0.00 ms.
Unloading 3176 Unused Serialized files (Serialized files now loaded: 0)
Unloading 29 unused Assets / (1.0 MB). Loaded Objects now: 3787.
Memory consumption went from 133.9 MB to 132.8 MB.
Total: 5.475641 ms (FindLiveObjects: 0.467100 ms CreateObjectMapping: 0.108170 ms MarkObjects: 3.994351 ms  DeleteObjects: 0.903480 ms)

Prepare: number of updated asset objects reloaded= 0
AssetImportParameters requested are different than current active one (requested -> active):
  custom:container-demuxer-ogg: 62fdf1f143b41e24485cea50d1cbac27 -> 
  custom:video-decoder-ogg-theora: a1e56fd34408186e4bbccfd4996cb3dc -> 
  custom:CustomObjectIndexerAttribute: 306bfa6df2d96854e1ebb52f3ddacab7 -> 
  custom:container-demuxer-webm: 4f35f7cbe854078d1ac9338744f61a02 -> 
  custom:container-muxer-webm: aa71ff27fc2769a1b78a27578f13a17b -> 
  custom:video-decoder-webm-vp8: 9c59270c3fd7afecdb556c50c9e8de78 -> 
  custom:SearchIndexIgnoredProperties: e643bd26f0fe6173181afceb89e7c659 -> 
  custom:AudioImporter_EditorPlatform: 2f0ff77a95e0ac474e3e8eeba4e2f7cb -> 
  custom:video-encoder-webm-vp8: eb34c28f22e8b96e1ab97ce403110664 -> 
  custom:audio-decoder-ogg-vorbis: bf7c407c2cedff20999df2af8eb42d56 -> 
  custom:audio-encoder-webm-vorbis: bf7c407c2cedff20999df2af8eb42d56 -> 
========================================================================
Received Prepare
Begin MonoManager ReloadAssembly
Symbol file LoadedFromMemory is not a mono symbol file
- Loaded All Assemblies, in  0.477 seconds
Refreshing native plugins compatible for Editor in 2.10 ms, found 1 plugins.
Native extension for LinuxStandalone target not found
Native extension for WindowsStandalone target not found
Native extension for WebGL target not found
[Package Manager] Server::EnsureServerProcessIsRunning -- launch failed, reason: Unity was launched with the -noUpm command-line argument
[Package Manager] UpmClient::Send -- Unable to send message (not connected to UPM process).
[Package Manager] Cannot connect to Unity Package Manager local server
Mono: successfully reloaded assembly
- Finished resetting the current domain, in  0.899 seconds
Domain Reload Profiling: 1376ms
	BeginReloadAssembly (154ms)
		ExecutionOrderSort (0ms)
		DisableScriptedObjects (6ms)
		BackupInstance (0ms)
		ReleaseScriptingObjects (0ms)
		CreateAndSetChildDomain (51ms)
	RebuildCommonClasses (44ms)
	RebuildNativeTypeToScriptingClass (10ms)
	initialDomainReloadingComplete (34ms)
	LoadAllAssembliesAndSetupDomain (234ms)
		LoadAssemblies (284ms)
		RebuildTransferFunctionScriptingTraits (0ms)
		AnalyzeDomain (13ms)
			TypeCache.Refresh (7ms)
				TypeCache.ScanAssembly (0ms)
			ScanForSourceGeneratedMonoScriptInfo (0ms)
			ResolveRequiredComponents (5ms)
	FinalizeReload (900ms)
		ReleaseScriptCaches (0ms)
		RebuildScriptCaches (0ms)
		SetupLoadedEditorAssemblies (499ms)
			LogAssemblyErrors (0ms)
			InitializePlatformSupportModulesInManaged (50ms)
			SetLoadedEditorAssemblies (9ms)
			RefreshPlugins (0ms)
			BeforeProcessingInitializeOnLoad (92ms)
			ProcessInitializeOnLoadAttributes (305ms)
			ProcessInitializeOnLoadMethodAttributes (33ms)
			AfterProcessingInitializeOnLoad (9ms)
			EditorAssembliesLoaded (0ms)
		ExecutionOrderSort2 (0ms)
		AwakeInstancesAfterBackupRestoration (9ms)
Refreshing native plugins compatible for Editor in 2.56 ms, found 1 plugins.
Preloading 0 native plugins for Editor in 0.00 ms.
Unloading 3176 Unused Serialized files (Serialized files now loaded: 0)
Unloading 29 unused Assets / (1.0 MB). Loaded Objects now: 3790.
Memory consumption went from 133.8 MB to 132.8 MB.
Total: 5.650632 ms (FindLiveObjects: 0.423360 ms CreateObjectMapping: 0.116500 ms MarkObjects: 4.082472 ms  DeleteObjects: 1.025960 ms)

Prepare: number of updated asset objects reloaded= 0
AssetImportParameters requested are different than current active one (requested -> active):
  custom:container-demuxer-ogg: 62fdf1f143b41e24485cea50d1cbac27 -> 
  custom:video-decoder-ogg-theora: a1e56fd34408186e4bbccfd4996cb3dc -> 
  custom:CustomObjectIndexerAttribute: 306bfa6df2d96854e1ebb52f3ddacab7 -> 
  custom:container-demuxer-webm: 4f35f7cbe854078d1ac9338744f61a02 -> 
  custom:container-muxer-webm: aa71ff27fc2769a1b78a27578f13a17b -> 
  custom:video-decoder-webm-vp8: 9c59270c3fd7afecdb556c50c9e8de78 -> 
  custom:SearchIndexIgnoredProperties: e643bd26f0fe6173181afceb89e7c659 -> 
  custom:AudioImporter_EditorPlatform: 2f0ff77a95e0ac474e3e8eeba4e2f7cb -> 
  custom:video-encoder-webm-vp8: eb34c28f22e8b96e1ab97ce403110664 -> 
  custom:audio-decoder-ogg-vorbis: bf7c407c2cedff20999df2af8eb42d56 -> 
  custom:audio-encoder-webm-vorbis: bf7c407c2cedff20999df2af8eb42d56 -> 
========================================================================
Received Prepare
Begin MonoManager ReloadAssembly
Symbol file LoadedFromMemory is not a mono symbol file
- Loaded All Assemblies, in  0.492 seconds
Refreshing native plugins compatible for Editor in 2.06 ms, found 1 plugins.
Native extension for LinuxStandalone target not found
Native extension for WindowsStandalone target not found
Native extension for WebGL target not found
[Package Manager] Server::EnsureServerProcessIsRunning -- launch failed, reason: Unity was launched with the -noUpm command-line argument
[Package Manager] UpmClient::Send -- Unable to send message (not connected to UPM process).
[Package Manager] Cannot connect to Unity Package Manager local server
Mono: successfully reloaded assembly
- Finished resetting the current domain, in  0.880 seconds
Domain Reload Profiling: 1371ms
	BeginReloadAssembly (160ms)
		ExecutionOrderSort (0ms)
		DisableScriptedObjects (6ms)
		BackupInstance (0ms)
		ReleaseScriptingObjects (0ms)
		CreateAndSetChildDomain (52ms)
	RebuildCommonClasses (46ms)
	RebuildNativeTypeToScriptingClass (10ms)
	initialDomainReloadingComplete (35ms)
	LoadAllAssembliesAndSetupDomain (240ms)
		LoadAssemblies (282ms)
		RebuildTransferFunctionScriptingTraits (0ms)
		AnalyzeDomain (24ms)
			TypeCache.Refresh (11ms)
				TypeCache.ScanAssembly (0ms)
			ScanForSourceGeneratedMonoScriptInfo (8ms)
			ResolveRequiredComponents (4ms)
	FinalizeReload (881ms)
		ReleaseScriptCaches (0ms)
		RebuildScriptCaches (0ms)
		SetupLoadedEditorAssemblies (503ms)
			LogAssemblyErrors (0ms)
			InitializePlatformSupportModulesInManaged (48ms)
			SetLoadedEditorAssemblies (7ms)
			RefreshPlugins (0ms)
			BeforeProcessingInitializeOnLoad (79ms)
			ProcessInitializeOnLoadAttributes (336ms)
			ProcessInitializeOnLoadMethodAttributes (26ms)
			AfterProcessingInitializeOnLoad (7ms)
			EditorAssembliesLoaded (0ms)
		ExecutionOrderSort2 (0ms)
		AwakeInstancesAfterBackupRestoration (7ms)
Refreshing native plugins compatible for Editor in 2.34 ms, found 1 plugins.
Preloading 0 native plugins for Editor in 0.00 ms.
Unloading 3176 Unused Serialized files (Serialized files now loaded: 0)
Unloading 29 unused Assets / (1.0 MB). Loaded Objects now: 3793.
Memory consumption went from 133.9 MB to 132.8 MB.
Total: 6.606112 ms (FindLiveObjects: 0.474800 ms CreateObjectMapping: 0.260090 ms MarkObjects: 4.550452 ms  DeleteObjects: 1.318840 ms)

Prepare: number of updated asset objects reloaded= 0
AssetImportParameters requested are different than current active one (requested -> active):
  custom:container-demuxer-ogg: 62fdf1f143b41e24485cea50d1cbac27 -> 
  custom:video-decoder-ogg-theora: a1e56fd34408186e4bbccfd4996cb3dc -> 
  custom:CustomObjectIndexerAttribute: 306bfa6df2d96854e1ebb52f3ddacab7 -> 
  custom:container-demuxer-webm: 4f35f7cbe854078d1ac9338744f61a02 -> 
  custom:container-muxer-webm: aa71ff27fc2769a1b78a27578f13a17b -> 
  custom:video-decoder-webm-vp8: 9c59270c3fd7afecdb556c50c9e8de78 -> 
  custom:SearchIndexIgnoredProperties: e643bd26f0fe6173181afceb89e7c659 -> 
  custom:AudioImporter_EditorPlatform: 2f0ff77a95e0ac474e3e8eeba4e2f7cb -> 
  custom:video-encoder-webm-vp8: eb34c28f22e8b96e1ab97ce403110664 -> 
  custom:audio-decoder-ogg-vorbis: bf7c407c2cedff20999df2af8eb42d56 -> 
  custom:audio-encoder-webm-vorbis: bf7c407c2cedff20999df2af8eb42d56 -> 
========================================================================
Received Prepare
Begin MonoManager ReloadAssembly
Symbol file LoadedFromMemory is not a mono symbol file
- Loaded All Assemblies, in  0.487 seconds
Refreshing native plugins compatible for Editor in 2.19 ms, found 1 plugins.
Native extension for LinuxStandalone target not found
Native extension for WindowsStandalone target not found
Native extension for WebGL target not found
[Package Manager] Server::EnsureServerProcessIsRunning -- launch failed, reason: Unity was launched with the -noUpm command-line argument
[Package Manager] UpmClient::Send -- Unable to send message (not connected to UPM process).
[Package Manager] Cannot connect to Unity Package Manager local server
Mono: successfully reloaded assembly
- Finished resetting the current domain, in  0.856 seconds
Domain Reload Profiling: 1342ms
	BeginReloadAssembly (167ms)
		ExecutionOrderSort (0ms)
		DisableScriptedObjects (8ms)
		BackupInstance (0ms)
		ReleaseScriptingObjects (0ms)
		CreateAndSetChildDomain (54ms)
	RebuildCommonClasses (43ms)
	RebuildNativeTypeToScriptingClass (9ms)
	initialDomainReloadingComplete (34ms)
	LoadAllAssembliesAndSetupDomain (232ms)
		LoadAssemblies (282ms)
		RebuildTransferFunctionScriptingTraits (0ms)
		AnalyzeDomain (14ms)
			TypeCache.Refresh (7ms)
				TypeCache.ScanAssembly (0ms)
			ScanForSourceGeneratedMonoScriptInfo (0ms)
			ResolveRequiredComponents (5ms)
	FinalizeReload (857ms)
		ReleaseScriptCaches (0ms)
		RebuildScriptCaches (0ms)
		SetupLoadedEditorAssemblies (471ms)
			LogAssemblyErrors (0ms)
			InitializePlatformSupportModulesInManaged (50ms)
			SetLoadedEditorAssemblies (8ms)
			RefreshPlugins (0ms)
			BeforeProcessingInitializeOnLoad (76ms)
			ProcessInitializeOnLoadAttributes (303ms)
			ProcessInitializeOnLoadMethodAttributes (26ms)
			AfterProcessingInitializeOnLoad (7ms)
			EditorAssembliesLoaded (0ms)
		ExecutionOrderSort2 (0ms)
		AwakeInstancesAfterBackupRestoration (6ms)
Refreshing native plugins compatible for Editor in 2.25 ms, found 1 plugins.
Preloading 0 native plugins for Editor in 0.00 ms.
Unloading 3176 Unused Serialized files (Serialized files now loaded: 0)
Unloading 29 unused Assets / (1.0 MB). Loaded Objects now: 3796.
Memory consumption went from 133.9 MB to 132.8 MB.
Total: 6.150762 ms (FindLiveObjects: 0.565080 ms CreateObjectMapping: 0.338011 ms MarkObjects: 4.327891 ms  DeleteObjects: 0.917210 ms)

Prepare: number of updated asset objects reloaded= 0
AssetImportParameters requested are different than current active one (requested -> active):
  custom:container-demuxer-ogg: 62fdf1f143b41e24485cea50d1cbac27 -> 
  custom:video-decoder-ogg-theora: a1e56fd34408186e4bbccfd4996cb3dc -> 
  custom:CustomObjectIndexerAttribute: 306bfa6df2d96854e1ebb52f3ddacab7 -> 
  custom:container-demuxer-webm: 4f35f7cbe854078d1ac9338744f61a02 -> 
  custom:container-muxer-webm: aa71ff27fc2769a1b78a27578f13a17b -> 
  custom:video-decoder-webm-vp8: 9c59270c3fd7afecdb556c50c9e8de78 -> 
  custom:SearchIndexIgnoredProperties: e643bd26f0fe6173181afceb89e7c659 -> 
  custom:AudioImporter_EditorPlatform: 2f0ff77a95e0ac474e3e8eeba4e2f7cb -> 
  custom:video-encoder-webm-vp8: eb34c28f22e8b96e1ab97ce403110664 -> 
  custom:audio-decoder-ogg-vorbis: bf7c407c2cedff20999df2af8eb42d56 -> 
  custom:audio-encoder-webm-vorbis: bf7c407c2cedff20999df2af8eb42d56 -> 
========================================================================
Received Prepare
Begin MonoManager ReloadAssembly
Symbol file LoadedFromMemory is not a mono symbol file
- Loaded All Assemblies, in  0.513 seconds
Refreshing native plugins compatible for Editor in 2.13 ms, found 1 plugins.
Native extension for LinuxStandalone target not found
Native extension for WindowsStandalone target not found
Native extension for WebGL target not found
[Package Manager] Server::EnsureServerProcessIsRunning -- launch failed, reason: Unity was launched with the -noUpm command-line argument
[Package Manager] UpmClient::Send -- Unable to send message (not connected to UPM process).
[Package Manager] Cannot connect to Unity Package Manager local server
Mono: successfully reloaded assembly
- Finished resetting the current domain, in  0.863 seconds
Domain Reload Profiling: 1375ms
	BeginReloadAssembly (155ms)
		ExecutionOrderSort (0ms)
		DisableScriptedObjects (6ms)
		BackupInstance (0ms)
		ReleaseScriptingObjects (0ms)
		CreateAndSetChildDomain (50ms)
	RebuildCommonClasses (43ms)
	RebuildNativeTypeToScriptingClass (10ms)
	initialDomainReloadingComplete (35ms)
	LoadAllAssembliesAndSetupDomain (269ms)
		LoadAssemblies (309ms)
		RebuildTransferFunctionScriptingTraits (0ms)
		AnalyzeDomain (25ms)
			TypeCache.Refresh (10ms)
				TypeCache.ScanAssembly (0ms)
			ScanForSourceGeneratedMonoScriptInfo (9ms)
			ResolveRequiredComponents (4ms)
	FinalizeReload (863ms)
		ReleaseScriptCaches (0ms)
		RebuildScriptCaches (0ms)
		SetupLoadedEditorAssemblies (488ms)
			LogAssemblyErrors (0ms)
			InitializePlatformSupportModulesInManaged (50ms)
			SetLoadedEditorAssemblies (9ms)
			RefreshPlugins (0ms)
			BeforeProcessingInitializeOnLoad (81ms)
			ProcessInitializeOnLoadAttributes (316ms)
			ProcessInitializeOnLoadMethodAttributes (25ms)
			AfterProcessingInitializeOnLoad (7ms)
			EditorAssembliesLoaded (0ms)
		ExecutionOrderSort2 (0ms)
		AwakeInstancesAfterBackupRestoration (6ms)
Refreshing native plugins compatible for Editor in 2.53 ms, found 1 plugins.
Preloading 0 native plugins for Editor in 0.00 ms.
Unloading 3176 Unused Serialized files (Serialized files now loaded: 0)
Unloading 29 unused Assets / (1.0 MB). Loaded Objects now: 3799.
Memory consumption went from 133.9 MB to 132.8 MB.
Total: 5.214162 ms (FindLiveObjects: 0.390630 ms CreateObjectMapping: 0.101730 ms MarkObjects: 3.763801 ms  DeleteObjects: 0.955761 ms)

Prepare: number of updated asset objects reloaded= 0
AssetImportParameters requested are different than current active one (requested -> active):
  custom:container-demuxer-ogg: 62fdf1f143b41e24485cea50d1cbac27 -> 
  custom:video-decoder-ogg-theora: a1e56fd34408186e4bbccfd4996cb3dc -> 
  custom:CustomObjectIndexerAttribute: 306bfa6df2d96854e1ebb52f3ddacab7 -> 
  custom:container-demuxer-webm: 4f35f7cbe854078d1ac9338744f61a02 -> 
  custom:container-muxer-webm: aa71ff27fc2769a1b78a27578f13a17b -> 
  custom:video-decoder-webm-vp8: 9c59270c3fd7afecdb556c50c9e8de78 -> 
  custom:SearchIndexIgnoredProperties: e643bd26f0fe6173181afceb89e7c659 -> 
  custom:AudioImporter_EditorPlatform: 2f0ff77a95e0ac474e3e8eeba4e2f7cb -> 
  custom:video-encoder-webm-vp8: eb34c28f22e8b96e1ab97ce403110664 -> 
  custom:audio-decoder-ogg-vorbis: bf7c407c2cedff20999df2af8eb42d56 -> 
  custom:audio-encoder-webm-vorbis: bf7c407c2cedff20999df2af8eb42d56 -> 
========================================================================
Received Prepare
Begin MonoManager ReloadAssembly
Symbol file LoadedFromMemory is not a mono symbol file
- Loaded All Assemblies, in  0.611 seconds
Refreshing native plugins compatible for Editor in 2.79 ms, found 1 plugins.
Native extension for LinuxStandalone target not found
Native extension for WindowsStandalone target not found
Native extension for WebGL target not found
[Package Manager] Server::EnsureServerProcessIsRunning -- launch failed, reason: Unity was launched with the -noUpm command-line argument
[Package Manager] UpmClient::Send -- Unable to send message (not connected to UPM process).
[Package Manager] Cannot connect to Unity Package Manager local server
Mono: successfully reloaded assembly
- Finished resetting the current domain, in  0.953 seconds
Domain Reload Profiling: 1563ms
	BeginReloadAssembly (202ms)
		ExecutionOrderSort (0ms)
		DisableScriptedObjects (9ms)
		BackupInstance (0ms)
		ReleaseScriptingObjects (0ms)
		CreateAndSetChildDomain (64ms)
	RebuildCommonClasses (64ms)
	RebuildNativeTypeToScriptingClass (14ms)
	initialDomainReloadingComplete (49ms)
	LoadAllAssembliesAndSetupDomain (280ms)
		LoadAssemblies (351ms)
		RebuildTransferFunctionScriptingTraits (0ms)
		AnalyzeDomain (16ms)
			TypeCache.Refresh (8ms)
				TypeCache.ScanAssembly (0ms)
			ScanForSourceGeneratedMonoScriptInfo (0ms)
			ResolveRequiredComponents (6ms)
	FinalizeReload (954ms)
		ReleaseScriptCaches (0ms)
		RebuildScriptCaches (0ms)
		SetupLoadedEditorAssemblies (532ms)
			LogAssemblyErrors (0ms)
			InitializePlatformSupportModulesInManaged (50ms)
			SetLoadedEditorAssemblies (7ms)
			RefreshPlugins (0ms)
			BeforeProcessingInitializeOnLoad (77ms)
			ProcessInitializeOnLoadAttributes (358ms)
			ProcessInitializeOnLoadMethodAttributes (31ms)
			AfterProcessingInitializeOnLoad (8ms)
			EditorAssembliesLoaded (0ms)
		ExecutionOrderSort2 (0ms)
		AwakeInstancesAfterBackupRestoration (10ms)
Refreshing native plugins compatible for Editor in 2.34 ms, found 1 plugins.
Preloading 0 native plugins for Editor in 0.00 ms.
Unloading 3176 Unused Serialized files (Serialized files now loaded: 0)
Unloading 29 unused Assets / (1.0 MB). Loaded Objects now: 3802.
Memory consumption went from 133.9 MB to 132.8 MB.
Total: 6.827543 ms (FindLiveObjects: 0.575600 ms CreateObjectMapping: 0.146221 ms MarkObjects: 4.904031 ms  DeleteObjects: 1.199661 ms)

Prepare: number of updated asset objects reloaded= 0
AssetImportParameters requested are different than current active one (requested -> active):
  custom:container-demuxer-ogg: 62fdf1f143b41e24485cea50d1cbac27 -> 
  custom:video-decoder-ogg-theora: a1e56fd34408186e4bbccfd4996cb3dc -> 
  custom:CustomObjectIndexerAttribute: 306bfa6df2d96854e1ebb52f3ddacab7 -> 
  custom:container-demuxer-webm: 4f35f7cbe854078d1ac9338744f61a02 -> 
  custom:container-muxer-webm: aa71ff27fc2769a1b78a27578f13a17b -> 
  custom:video-decoder-webm-vp8: 9c59270c3fd7afecdb556c50c9e8de78 -> 
  custom:SearchIndexIgnoredProperties: e643bd26f0fe6173181afceb89e7c659 -> 
  custom:AudioImporter_EditorPlatform: 2f0ff77a95e0ac474e3e8eeba4e2f7cb -> 
  custom:video-encoder-webm-vp8: eb34c28f22e8b96e1ab97ce403110664 -> 
  custom:audio-decoder-ogg-vorbis: bf7c407c2cedff20999df2af8eb42d56 -> 
  custom:audio-encoder-webm-vorbis: bf7c407c2cedff20999df2af8eb42d56 -> 
========================================================================
Received Import Request.
  Time since last request: 169.096525 seconds.
  path: Assets/Models/Wall/Wall.prefab
  artifactKey: Guid(54fa886f78babc18cb955911f3822644) Importer(815301076,1909f56bfc062723c751e8b465ee728b)
Start importing Assets/Models/Wall/Wall.prefab using Guid(54fa886f78babc18cb955911f3822644) Importer(815301076,1909f56bfc062723c751e8b465ee728b)  -> (artifact id: 'eb53f51e2861aa43590fabe98e2ff150') in 0.137524 seconds
Number of updated asset objects reloaded before import = 0
Number of asset objects unloaded after import = 16
========================================================================
Received Import Request.
  Time since last request: 2.629640 seconds.
  path: Assets/Models/Wall/Wall.prefab
  artifactKey: Guid(54fa886f78babc18cb955911f3822644) Importer(815301076,1909f56bfc062723c751e8b465ee728b)
Start importing Assets/Models/Wall/Wall.prefab using Guid(54fa886f78babc18cb955911f3822644) Importer(815301076,1909f56bfc062723c751e8b465ee728b)  -> (artifact id: '012cce29b62d7dc2318693814bd434d4') in 0.020005 seconds
Number of updated asset objects reloaded before import = 0
Number of asset objects unloaded after import = 16
========================================================================
Received Prepare
Begin MonoManager ReloadAssembly
Symbol file LoadedFromMemory is not a mono symbol file
- Loaded All Assemblies, in  0.556 seconds
Refreshing native plugins compatible for Editor in 2.03 ms, found 1 plugins.
Native extension for LinuxStandalone target not found
Native extension for WindowsStandalone target not found
Native extension for WebGL target not found
[Package Manager] Server::EnsureServerProcessIsRunning -- launch failed, reason: Unity was launched with the -noUpm command-line argument
[Package Manager] UpmClient::Send -- Unable to send message (not connected to UPM process).
[Package Manager] Cannot connect to Unity Package Manager local server
Mono: successfully reloaded assembly
- Finished resetting the current domain, in  1.042 seconds
Domain Reload Profiling: 1598ms
	BeginReloadAssembly (178ms)
		ExecutionOrderSort (0ms)
		DisableScriptedObjects (7ms)
		BackupInstance (0ms)
		ReleaseScriptingObjects (0ms)
		CreateAndSetChildDomain (58ms)
	RebuildCommonClasses (47ms)
	RebuildNativeTypeToScriptingClass (10ms)
	initialDomainReloadingComplete (38ms)
	LoadAllAssembliesAndSetupDomain (281ms)
		LoadAssemblies (338ms)
		RebuildTransferFunctionScriptingTraits (0ms)
		AnalyzeDomain (15ms)
			TypeCache.Refresh (8ms)
				TypeCache.ScanAssembly (0ms)
			ScanForSourceGeneratedMonoScriptInfo (0ms)
			ResolveRequiredComponents (5ms)
	FinalizeReload (1043ms)
		ReleaseScriptCaches (0ms)
		RebuildScriptCaches (0ms)
		SetupLoadedEditorAssemblies (573ms)
			LogAssemblyErrors (0ms)
			InitializePlatformSupportModulesInManaged (54ms)
			SetLoadedEditorAssemblies (9ms)
			RefreshPlugins (0ms)
			BeforeProcessingInitializeOnLoad (96ms)
			ProcessInitializeOnLoadAttributes (377ms)
			ProcessInitializeOnLoadMethodAttributes (30ms)
			AfterProcessingInitializeOnLoad (7ms)
			EditorAssembliesLoaded (0ms)
		ExecutionOrderSort2 (0ms)
		AwakeInstancesAfterBackupRestoration (8ms)
Refreshing native plugins compatible for Editor in 2.69 ms, found 1 plugins.
Preloading 0 native plugins for Editor in 0.00 ms.
Unloading 3176 Unused Serialized files (Serialized files now loaded: 0)
Unloading 29 unused Assets / (1.0 MB). Loaded Objects now: 3805.
Memory consumption went from 133.9 MB to 132.8 MB.
Total: 7.850583 ms (FindLiveObjects: 0.592560 ms CreateObjectMapping: 0.297630 ms MarkObjects: 5.426012 ms  DeleteObjects: 1.531241 ms)

Prepare: number of updated asset objects reloaded= 0
AssetImportParameters requested are different than current active one (requested -> active):
  custom:container-demuxer-ogg: 62fdf1f143b41e24485cea50d1cbac27 -> 
  custom:video-decoder-ogg-theora: a1e56fd34408186e4bbccfd4996cb3dc -> 
  custom:CustomObjectIndexerAttribute: 306bfa6df2d96854e1ebb52f3ddacab7 -> 
  custom:container-demuxer-webm: 4f35f7cbe854078d1ac9338744f61a02 -> 
  custom:container-muxer-webm: aa71ff27fc2769a1b78a27578f13a17b -> 
  custom:video-decoder-webm-vp8: 9c59270c3fd7afecdb556c50c9e8de78 -> 
  custom:SearchIndexIgnoredProperties: e643bd26f0fe6173181afceb89e7c659 -> 
  custom:AudioImporter_EditorPlatform: 2f0ff77a95e0ac474e3e8eeba4e2f7cb -> 
  custom:video-encoder-webm-vp8: eb34c28f22e8b96e1ab97ce403110664 -> 
  custom:audio-decoder-ogg-vorbis: bf7c407c2cedff20999df2af8eb42d56 -> 
  custom:audio-encoder-webm-vorbis: bf7c407c2cedff20999df2af8eb42d56 -> 
========================================================================
Received Prepare
Begin MonoManager ReloadAssembly
Symbol file LoadedFromMemory is not a mono symbol file
- Loaded All Assemblies, in  0.582 seconds
Refreshing native plugins compatible for Editor in 2.82 ms, found 1 plugins.
Native extension for LinuxStandalone target not found
Native extension for WindowsStandalone target not found
Native extension for WebGL target not found
[Package Manager] Server::EnsureServerProcessIsRunning -- launch failed, reason: Unity was launched with the -noUpm command-line argument
[Package Manager] UpmClient::Send -- Unable to send message (not connected to UPM process).
[Package Manager] Cannot connect to Unity Package Manager local server
Mono: successfully reloaded assembly
- Finished resetting the current domain, in  0.953 seconds
Domain Reload Profiling: 1534ms
	BeginReloadAssembly (192ms)
		ExecutionOrderSort (0ms)
		DisableScriptedObjects (8ms)
		BackupInstance (0ms)
		ReleaseScriptingObjects (0ms)
		CreateAndSetChildDomain (60ms)
	RebuildCommonClasses (55ms)
	RebuildNativeTypeToScriptingClass (11ms)
	initialDomainReloadingComplete (39ms)
	LoadAllAssembliesAndSetupDomain (284ms)
		LoadAssemblies (339ms)
		RebuildTransferFunctionScriptingTraits (0ms)
		AnalyzeDomain (30ms)
			TypeCache.Refresh (12ms)
				TypeCache.ScanAssembly (0ms)
			ScanForSourceGeneratedMonoScriptInfo (11ms)
			ResolveRequiredComponents (5ms)
	FinalizeReload (953ms)
		ReleaseScriptCaches (0ms)
		RebuildScriptCaches (0ms)
		SetupLoadedEditorAssemblies (528ms)
			LogAssemblyErrors (0ms)
			InitializePlatformSupportModulesInManaged (55ms)
			SetLoadedEditorAssemblies (8ms)
			RefreshPlugins (0ms)
			BeforeProcessingInitializeOnLoad (86ms)
			ProcessInitializeOnLoadAttributes (346ms)
			ProcessInitializeOnLoadMethodAttributes (26ms)
			AfterProcessingInitializeOnLoad (8ms)
			EditorAssembliesLoaded (0ms)
		ExecutionOrderSort2 (0ms)
		AwakeInstancesAfterBackupRestoration (8ms)
Refreshing native plugins compatible for Editor in 2.48 ms, found 1 plugins.
Preloading 0 native plugins for Editor in 0.00 ms.
Unloading 3176 Unused Serialized files (Serialized files now loaded: 0)
Unloading 29 unused Assets / (1.0 MB). Loaded Objects now: 3808.
Memory consumption went from 133.9 MB to 132.8 MB.
Total: 6.293752 ms (FindLiveObjects: 0.458490 ms CreateObjectMapping: 0.176290 ms MarkObjects: 4.262642 ms  DeleteObjects: 1.393100 ms)

Prepare: number of updated asset objects reloaded= 0
AssetImportParameters requested are different than current active one (requested -> active):
  custom:container-demuxer-ogg: 62fdf1f143b41e24485cea50d1cbac27 -> 
  custom:video-decoder-ogg-theora: a1e56fd34408186e4bbccfd4996cb3dc -> 
  custom:CustomObjectIndexerAttribute: 306bfa6df2d96854e1ebb52f3ddacab7 -> 
  custom:container-demuxer-webm: 4f35f7cbe854078d1ac9338744f61a02 -> 
  custom:container-muxer-webm: aa71ff27fc2769a1b78a27578f13a17b -> 
  custom:video-decoder-webm-vp8: 9c59270c3fd7afecdb556c50c9e8de78 -> 
  custom:SearchIndexIgnoredProperties: e643bd26f0fe6173181afceb89e7c659 -> 
  custom:AudioImporter_EditorPlatform: 2f0ff77a95e0ac474e3e8eeba4e2f7cb -> 
  custom:video-encoder-webm-vp8: eb34c28f22e8b96e1ab97ce403110664 -> 
  custom:audio-decoder-ogg-vorbis: bf7c407c2cedff20999df2af8eb42d56 -> 
  custom:audio-encoder-webm-vorbis: bf7c407c2cedff20999df2af8eb42d56 -> 
========================================================================
Received Prepare
Begin MonoManager ReloadAssembly
Symbol file LoadedFromMemory is not a mono symbol file
- Loaded All Assemblies, in  0.586 seconds
Refreshing native plugins compatible for Editor in 3.17 ms, found 1 plugins.
Native extension for LinuxStandalone target not found
Native extension for WindowsStandalone target not found
Native extension for WebGL target not found
[Package Manager] Server::EnsureServerProcessIsRunning -- launch failed, reason: Unity was launched with the -noUpm command-line argument
[Package Manager] UpmClient::Send -- Unable to send message (not connected to UPM process).
[Package Manager] Cannot connect to Unity Package Manager local server
Mono: successfully reloaded assembly
- Finished resetting the current domain, in  1.053 seconds
Domain Reload Profiling: 1638ms
	BeginReloadAssembly (177ms)
		ExecutionOrderSort (0ms)
		DisableScriptedObjects (6ms)
		BackupInstance (0ms)
		ReleaseScriptingObjects (0ms)
		CreateAndSetChildDomain (61ms)
	RebuildCommonClasses (49ms)
	RebuildNativeTypeToScriptingClass (10ms)
	initialDomainReloadingComplete (37ms)
	LoadAllAssembliesAndSetupDomain (312ms)
		LoadAssemblies (363ms)
		RebuildTransferFunctionScriptingTraits (0ms)
		AnalyzeDomain (22ms)
			TypeCache.Refresh (11ms)
				TypeCache.ScanAssembly (0ms)
			ScanForSourceGeneratedMonoScriptInfo (0ms)
			ResolveRequiredComponents (9ms)
	FinalizeReload (1053ms)
		ReleaseScriptCaches (0ms)
		RebuildScriptCaches (0ms)
		SetupLoadedEditorAssemblies (548ms)
			LogAssemblyErrors (0ms)
			InitializePlatformSupportModulesInManaged (60ms)
			SetLoadedEditorAssemblies (7ms)
			RefreshPlugins (0ms)
			BeforeProcessingInitializeOnLoad (98ms)
			ProcessInitializeOnLoadAttributes (341ms)
			ProcessInitializeOnLoadMethodAttributes (33ms)
			AfterProcessingInitializeOnLoad (10ms)
			EditorAssembliesLoaded (0ms)
		ExecutionOrderSort2 (0ms)
		AwakeInstancesAfterBackupRestoration (10ms)
Refreshing native plugins compatible for Editor in 2.93 ms, found 1 plugins.
Preloading 0 native plugins for Editor in 0.00 ms.
Unloading 3176 Unused Serialized files (Serialized files now loaded: 0)
Unloading 29 unused Assets / (1.0 MB). Loaded Objects now: 3811.
Memory consumption went from 133.9 MB to 132.8 MB.
Total: 7.420632 ms (FindLiveObjects: 0.526280 ms CreateObjectMapping: 0.293280 ms MarkObjects: 5.373472 ms  DeleteObjects: 1.224750 ms)

Prepare: number of updated asset objects reloaded= 0
AssetImportParameters requested are different than current active one (requested -> active):
  custom:container-demuxer-ogg: 62fdf1f143b41e24485cea50d1cbac27 -> 
  custom:video-decoder-ogg-theora: a1e56fd34408186e4bbccfd4996cb3dc -> 
  custom:CustomObjectIndexerAttribute: 306bfa6df2d96854e1ebb52f3ddacab7 -> 
  custom:container-demuxer-webm: 4f35f7cbe854078d1ac9338744f61a02 -> 
  custom:container-muxer-webm: aa71ff27fc2769a1b78a27578f13a17b -> 
  custom:video-decoder-webm-vp8: 9c59270c3fd7afecdb556c50c9e8de78 -> 
  custom:SearchIndexIgnoredProperties: e643bd26f0fe6173181afceb89e7c659 -> 
  custom:AudioImporter_EditorPlatform: 2f0ff77a95e0ac474e3e8eeba4e2f7cb -> 
  custom:video-encoder-webm-vp8: eb34c28f22e8b96e1ab97ce403110664 -> 
  custom:audio-decoder-ogg-vorbis: bf7c407c2cedff20999df2af8eb42d56 -> 
  custom:audio-encoder-webm-vorbis: bf7c407c2cedff20999df2af8eb42d56 -> 
========================================================================
Received Prepare
Begin MonoManager ReloadAssembly
Symbol file LoadedFromMemory is not a mono symbol file
- Loaded All Assemblies, in  0.509 seconds
Refreshing native plugins compatible for Editor in 2.12 ms, found 1 plugins.
Native extension for LinuxStandalone target not found
Native extension for WindowsStandalone target not found
Native extension for WebGL target not found
[Package Manager] Server::EnsureServerProcessIsRunning -- launch failed, reason: Unity was launched with the -noUpm command-line argument
[Package Manager] UpmClient::Send -- Unable to send message (not connected to UPM process).
[Package Manager] Cannot connect to Unity Package Manager local server
Mono: successfully reloaded assembly
- Finished resetting the current domain, in  0.924 seconds
Domain Reload Profiling: 1432ms
	BeginReloadAssembly (161ms)
		ExecutionOrderSort (0ms)
		DisableScriptedObjects (6ms)
		BackupInstance (0ms)
		ReleaseScriptingObjects (0ms)
		CreateAndSetChildDomain (52ms)
	RebuildCommonClasses (44ms)
	RebuildNativeTypeToScriptingClass (10ms)
	initialDomainReloadingComplete (37ms)
	LoadAllAssembliesAndSetupDomain (256ms)
		LoadAssemblies (296ms)
		RebuildTransferFunctionScriptingTraits (0ms)
		AnalyzeDomain (28ms)
			TypeCache.Refresh (12ms)
				TypeCache.ScanAssembly (0ms)
			ScanForSourceGeneratedMonoScriptInfo (10ms)
			ResolveRequiredComponents (4ms)
	FinalizeReload (924ms)
		ReleaseScriptCaches (0ms)
		RebuildScriptCaches (0ms)
		SetupLoadedEditorAssemblies (522ms)
			LogAssemblyErrors (0ms)
			InitializePlatformSupportModulesInManaged (51ms)
			SetLoadedEditorAssemblies (7ms)
			RefreshPlugins (0ms)
			BeforeProcessingInitializeOnLoad (77ms)
			ProcessInitializeOnLoadAttributes (344ms)
			ProcessInitializeOnLoadMethodAttributes (35ms)
			AfterProcessingInitializeOnLoad (9ms)
			EditorAssembliesLoaded (0ms)
		ExecutionOrderSort2 (0ms)
		AwakeInstancesAfterBackupRestoration (9ms)
Refreshing native plugins compatible for Editor in 2.04 ms, found 1 plugins.
Preloading 0 native plugins for Editor in 0.00 ms.
Unloading 3176 Unused Serialized files (Serialized files now loaded: 0)
Unloading 29 unused Assets / (1.0 MB). Loaded Objects now: 3814.
Memory consumption went from 133.9 MB to 132.8 MB.
Total: 5.765632 ms (FindLiveObjects: 0.606451 ms CreateObjectMapping: 0.357840 ms MarkObjects: 3.858191 ms  DeleteObjects: 0.940870 ms)

Prepare: number of updated asset objects reloaded= 0
AssetImportParameters requested are different than current active one (requested -> active):
  custom:container-demuxer-ogg: 62fdf1f143b41e24485cea50d1cbac27 -> 
  custom:video-decoder-ogg-theora: a1e56fd34408186e4bbccfd4996cb3dc -> 
  custom:CustomObjectIndexerAttribute: 306bfa6df2d96854e1ebb52f3ddacab7 -> 
  custom:container-demuxer-webm: 4f35f7cbe854078d1ac9338744f61a02 -> 
  custom:container-muxer-webm: aa71ff27fc2769a1b78a27578f13a17b -> 
  custom:video-decoder-webm-vp8: 9c59270c3fd7afecdb556c50c9e8de78 -> 
  custom:SearchIndexIgnoredProperties: e643bd26f0fe6173181afceb89e7c659 -> 
  custom:AudioImporter_EditorPlatform: 2f0ff77a95e0ac474e3e8eeba4e2f7cb -> 
  custom:video-encoder-webm-vp8: eb34c28f22e8b96e1ab97ce403110664 -> 
  custom:audio-decoder-ogg-vorbis: bf7c407c2cedff20999df2af8eb42d56 -> 
  custom:audio-encoder-webm-vorbis: bf7c407c2cedff20999df2af8eb42d56 -> 
========================================================================
Received Prepare
Begin MonoManager ReloadAssembly
Symbol file LoadedFromMemory is not a mono symbol file
- Loaded All Assemblies, in  0.544 seconds
Refreshing native plugins compatible for Editor in 2.88 ms, found 1 plugins.
Native extension for LinuxStandalone target not found
Native extension for WindowsStandalone target not found
Native extension for WebGL target not found
[Package Manager] Server::EnsureServerProcessIsRunning -- launch failed, reason: Unity was launched with the -noUpm command-line argument
[Package Manager] UpmClient::Send -- Unable to send message (not connected to UPM process).
[Package Manager] Cannot connect to Unity Package Manager local server
Mono: successfully reloaded assembly
- Finished resetting the current domain, in  0.952 seconds
Domain Reload Profiling: 1496ms
	BeginReloadAssembly (159ms)
		ExecutionOrderSort (0ms)
		DisableScriptedObjects (6ms)
		BackupInstance (0ms)
		ReleaseScriptingObjects (0ms)
		CreateAndSetChildDomain (53ms)
	RebuildCommonClasses (44ms)
	RebuildNativeTypeToScriptingClass (9ms)
	initialDomainReloadingComplete (34ms)
	LoadAllAssembliesAndSetupDomain (297ms)
		LoadAssemblies (345ms)
		RebuildTransferFunctionScriptingTraits (0ms)
		AnalyzeDomain (17ms)
			TypeCache.Refresh (8ms)
				TypeCache.ScanAssembly (0ms)
			ScanForSourceGeneratedMonoScriptInfo (0ms)
			ResolveRequiredComponents (7ms)
	FinalizeReload (953ms)
		ReleaseScriptCaches (0ms)
		RebuildScriptCaches (0ms)
		SetupLoadedEditorAssemblies (498ms)
			LogAssemblyErrors (0ms)
			InitializePlatformSupportModulesInManaged (54ms)
			SetLoadedEditorAssemblies (7ms)
			RefreshPlugins (0ms)
			BeforeProcessingInitializeOnLoad (90ms)
			ProcessInitializeOnLoadAttributes (314ms)
			ProcessInitializeOnLoadMethodAttributes (26ms)
			AfterProcessingInitializeOnLoad (7ms)
			EditorAssembliesLoaded (0ms)
		ExecutionOrderSort2 (0ms)
		AwakeInstancesAfterBackupRestoration (7ms)
Refreshing native plugins compatible for Editor in 2.21 ms, found 1 plugins.
Preloading 0 native plugins for Editor in 0.00 ms.
Unloading 3176 Unused Serialized files (Serialized files now loaded: 0)
Unloading 29 unused Assets / (1.0 MB). Loaded Objects now: 3817.
Memory consumption went from 133.9 MB to 132.8 MB.
Total: 7.281273 ms (FindLiveObjects: 0.569200 ms CreateObjectMapping: 0.261010 ms MarkObjects: 5.249852 ms  DeleteObjects: 1.198871 ms)

Prepare: number of updated asset objects reloaded= 0
AssetImportParameters requested are different than current active one (requested -> active):
  custom:container-demuxer-ogg: 62fdf1f143b41e24485cea50d1cbac27 -> 
  custom:video-decoder-ogg-theora: a1e56fd34408186e4bbccfd4996cb3dc -> 
  custom:CustomObjectIndexerAttribute: 306bfa6df2d96854e1ebb52f3ddacab7 -> 
  custom:container-demuxer-webm: 4f35f7cbe854078d1ac9338744f61a02 -> 
  custom:container-muxer-webm: aa71ff27fc2769a1b78a27578f13a17b -> 
  custom:video-decoder-webm-vp8: 9c59270c3fd7afecdb556c50c9e8de78 -> 
  custom:SearchIndexIgnoredProperties: e643bd26f0fe6173181afceb89e7c659 -> 
  custom:AudioImporter_EditorPlatform: 2f0ff77a95e0ac474e3e8eeba4e2f7cb -> 
  custom:video-encoder-webm-vp8: eb34c28f22e8b96e1ab97ce403110664 -> 
  custom:audio-decoder-ogg-vorbis: bf7c407c2cedff20999df2af8eb42d56 -> 
  custom:audio-encoder-webm-vorbis: bf7c407c2cedff20999df2af8eb42d56 -> 
========================================================================
Received Prepare
Begin MonoManager ReloadAssembly
Symbol file LoadedFromMemory is not a mono symbol file
- Loaded All Assemblies, in  0.510 seconds
Refreshing native plugins compatible for Editor in 2.10 ms, found 1 plugins.
Native extension for LinuxStandalone target not found
Native extension for WindowsStandalone target not found
Native extension for WebGL target not found
[Package Manager] Server::EnsureServerProcessIsRunning -- launch failed, reason: Unity was launched with the -noUpm command-line argument
[Package Manager] UpmClient::Send -- Unable to send message (not connected to UPM process).
[Package Manager] Cannot connect to Unity Package Manager local server
Mono: successfully reloaded assembly
- Finished resetting the current domain, in  0.849 seconds
Domain Reload Profiling: 1358ms
	BeginReloadAssembly (158ms)
		ExecutionOrderSort (0ms)
		DisableScriptedObjects (6ms)
		BackupInstance (0ms)
		ReleaseScriptingObjects (0ms)
		CreateAndSetChildDomain (52ms)
	RebuildCommonClasses (43ms)
	RebuildNativeTypeToScriptingClass (9ms)
	initialDomainReloadingComplete (34ms)
	LoadAllAssembliesAndSetupDomain (265ms)
		LoadAssemblies (303ms)
		RebuildTransferFunctionScriptingTraits (0ms)
		AnalyzeDomain (26ms)
			TypeCache.Refresh (10ms)
				TypeCache.ScanAssembly (0ms)
			ScanForSourceGeneratedMonoScriptInfo (9ms)
			ResolveRequiredComponents (5ms)
	FinalizeReload (849ms)
		ReleaseScriptCaches (0ms)
		RebuildScriptCaches (0ms)
		SetupLoadedEditorAssemblies (463ms)
			LogAssemblyErrors (0ms)
			InitializePlatformSupportModulesInManaged (50ms)
			SetLoadedEditorAssemblies (6ms)
			RefreshPlugins (0ms)
			BeforeProcessingInitializeOnLoad (77ms)
			ProcessInitializeOnLoadAttributes (291ms)
			ProcessInitializeOnLoadMethodAttributes (30ms)
			AfterProcessingInitializeOnLoad (9ms)
			EditorAssembliesLoaded (0ms)
		ExecutionOrderSort2 (0ms)
		AwakeInstancesAfterBackupRestoration (8ms)
Refreshing native plugins compatible for Editor in 2.09 ms, found 1 plugins.
Preloading 0 native plugins for Editor in 0.00 ms.
Unloading 3176 Unused Serialized files (Serialized files now loaded: 0)
Unloading 29 unused Assets / (1.0 MB). Loaded Objects now: 3820.
Memory consumption went from 133.9 MB to 132.9 MB.
Total: 5.549792 ms (FindLiveObjects: 0.404300 ms CreateObjectMapping: 0.141330 ms MarkObjects: 4.029842 ms  DeleteObjects: 0.972180 ms)

Prepare: number of updated asset objects reloaded= 0
AssetImportParameters requested are different than current active one (requested -> active):
  custom:container-demuxer-ogg: 62fdf1f143b41e24485cea50d1cbac27 -> 
  custom:video-decoder-ogg-theora: a1e56fd34408186e4bbccfd4996cb3dc -> 
  custom:CustomObjectIndexerAttribute: 306bfa6df2d96854e1ebb52f3ddacab7 -> 
  custom:container-demuxer-webm: 4f35f7cbe854078d1ac9338744f61a02 -> 
  custom:container-muxer-webm: aa71ff27fc2769a1b78a27578f13a17b -> 
  custom:video-decoder-webm-vp8: 9c59270c3fd7afecdb556c50c9e8de78 -> 
  custom:SearchIndexIgnoredProperties: e643bd26f0fe6173181afceb89e7c659 -> 
  custom:AudioImporter_EditorPlatform: 2f0ff77a95e0ac474e3e8eeba4e2f7cb -> 
  custom:video-encoder-webm-vp8: eb34c28f22e8b96e1ab97ce403110664 -> 
  custom:audio-decoder-ogg-vorbis: bf7c407c2cedff20999df2af8eb42d56 -> 
  custom:audio-encoder-webm-vorbis: bf7c407c2cedff20999df2af8eb42d56 -> 
========================================================================
Received Prepare
Begin MonoManager ReloadAssembly
Symbol file LoadedFromMemory is not a mono symbol file
- Loaded All Assemblies, in  0.500 seconds
Refreshing native plugins compatible for Editor in 2.25 ms, found 1 plugins.
Native extension for LinuxStandalone target not found
Native extension for WindowsStandalone target not found
Native extension for WebGL target not found
[Package Manager] Server::EnsureServerProcessIsRunning -- launch failed, reason: Unity was launched with the -noUpm command-line argument
[Package Manager] UpmClient::Send -- Unable to send message (not connected to UPM process).
[Package Manager] Cannot connect to Unity Package Manager local server
Mono: successfully reloaded assembly
- Finished resetting the current domain, in  0.888 seconds
Domain Reload Profiling: 1387ms
	BeginReloadAssembly (159ms)
		ExecutionOrderSort (0ms)
		DisableScriptedObjects (6ms)
		BackupInstance (0ms)
		ReleaseScriptingObjects (0ms)
		CreateAndSetChildDomain (55ms)
	RebuildCommonClasses (43ms)
	RebuildNativeTypeToScriptingClass (10ms)
	initialDomainReloadingComplete (35ms)
	LoadAllAssembliesAndSetupDomain (252ms)
		LoadAssemblies (301ms)
		RebuildTransferFunctionScriptingTraits (0ms)
		AnalyzeDomain (14ms)
			TypeCache.Refresh (8ms)
				TypeCache.ScanAssembly (0ms)
			ScanForSourceGeneratedMonoScriptInfo (0ms)
			ResolveRequiredComponents (5ms)
	FinalizeReload (889ms)
		ReleaseScriptCaches (0ms)
		RebuildScriptCaches (0ms)
		SetupLoadedEditorAssemblies (471ms)
			LogAssemblyErrors (0ms)
			InitializePlatformSupportModulesInManaged (51ms)
			SetLoadedEditorAssemblies (7ms)
			RefreshPlugins (0ms)
			BeforeProcessingInitializeOnLoad (78ms)
			ProcessInitializeOnLoadAttributes (299ms)
			ProcessInitializeOnLoadMethodAttributes (26ms)
			AfterProcessingInitializeOnLoad (9ms)
			EditorAssembliesLoaded (0ms)
		ExecutionOrderSort2 (0ms)
		AwakeInstancesAfterBackupRestoration (9ms)
Refreshing native plugins compatible for Editor in 2.17 ms, found 1 plugins.
Preloading 0 native plugins for Editor in 0.00 ms.
Unloading 3176 Unused Serialized files (Serialized files now loaded: 0)
Unloading 29 unused Assets / (1.0 MB). Loaded Objects now: 3823.
Memory consumption went from 133.9 MB to 132.9 MB.
Total: 5.147412 ms (FindLiveObjects: 0.402461 ms CreateObjectMapping: 0.099030 ms MarkObjects: 3.463551 ms  DeleteObjects: 1.179740 ms)

Prepare: number of updated asset objects reloaded= 0
AssetImportParameters requested are different than current active one (requested -> active):
  custom:container-demuxer-ogg: 62fdf1f143b41e24485cea50d1cbac27 -> 
  custom:video-decoder-ogg-theora: a1e56fd34408186e4bbccfd4996cb3dc -> 
  custom:CustomObjectIndexerAttribute: 306bfa6df2d96854e1ebb52f3ddacab7 -> 
  custom:container-demuxer-webm: 4f35f7cbe854078d1ac9338744f61a02 -> 
  custom:container-muxer-webm: aa71ff27fc2769a1b78a27578f13a17b -> 
  custom:video-decoder-webm-vp8: 9c59270c3fd7afecdb556c50c9e8de78 -> 
  custom:SearchIndexIgnoredProperties: e643bd26f0fe6173181afceb89e7c659 -> 
  custom:AudioImporter_EditorPlatform: 2f0ff77a95e0ac474e3e8eeba4e2f7cb -> 
  custom:video-encoder-webm-vp8: eb34c28f22e8b96e1ab97ce403110664 -> 
  custom:audio-decoder-ogg-vorbis: bf7c407c2cedff20999df2af8eb42d56 -> 
  custom:audio-encoder-webm-vorbis: bf7c407c2cedff20999df2af8eb42d56 -> 
========================================================================
Received Prepare
Begin MonoManager ReloadAssembly
Symbol file LoadedFromMemory is not a mono symbol file
- Loaded All Assemblies, in  0.497 seconds
Refreshing native plugins compatible for Editor in 2.11 ms, found 1 plugins.
Native extension for LinuxStandalone target not found
Native extension for WindowsStandalone target not found
Native extension for WebGL target not found
[Package Manager] Server::EnsureServerProcessIsRunning -- launch failed, reason: Unity was launched with the -noUpm command-line argument
[Package Manager] UpmClient::Send -- Unable to send message (not connected to UPM process).
[Package Manager] Cannot connect to Unity Package Manager local server
Mono: successfully reloaded assembly
- Finished resetting the current domain, in  0.853 seconds
Domain Reload Profiling: 1349ms
	BeginReloadAssembly (167ms)
		ExecutionOrderSort (0ms)
		DisableScriptedObjects (6ms)
		BackupInstance (0ms)
		ReleaseScriptingObjects (0ms)
		CreateAndSetChildDomain (55ms)
	RebuildCommonClasses (44ms)
	RebuildNativeTypeToScriptingClass (9ms)
	initialDomainReloadingComplete (34ms)
	LoadAllAssembliesAndSetupDomain (242ms)
		LoadAssemblies (297ms)
		RebuildTransferFunctionScriptingTraits (0ms)
		AnalyzeDomain (14ms)
			TypeCache.Refresh (8ms)
				TypeCache.ScanAssembly (0ms)
			ScanForSourceGeneratedMonoScriptInfo (0ms)
			ResolveRequiredComponents (5ms)
	FinalizeReload (853ms)
		ReleaseScriptCaches (0ms)
		RebuildScriptCaches (0ms)
		SetupLoadedEditorAssemblies (467ms)
			LogAssemblyErrors (0ms)
			InitializePlatformSupportModulesInManaged (49ms)
			SetLoadedEditorAssemblies (7ms)
			RefreshPlugins (0ms)
			BeforeProcessingInitializeOnLoad (85ms)
			ProcessInitializeOnLoadAttributes (294ms)
			ProcessInitializeOnLoadMethodAttributes (25ms)
			AfterProcessingInitializeOnLoad (7ms)
			EditorAssembliesLoaded (0ms)
		ExecutionOrderSort2 (0ms)
		AwakeInstancesAfterBackupRestoration (6ms)
Refreshing native plugins compatible for Editor in 2.48 ms, found 1 plugins.
Preloading 0 native plugins for Editor in 0.00 ms.
Unloading 3176 Unused Serialized files (Serialized files now loaded: 0)
Unloading 29 unused Assets / (1.0 MB). Loaded Objects now: 3826.
Memory consumption went from 133.9 MB to 132.9 MB.
Total: 7.491403 ms (FindLiveObjects: 0.519611 ms CreateObjectMapping: 0.367160 ms MarkObjects: 5.443742 ms  DeleteObjects: 1.158570 ms)

Prepare: number of updated asset objects reloaded= 0
AssetImportParameters requested are different than current active one (requested -> active):
  custom:container-demuxer-ogg: 62fdf1f143b41e24485cea50d1cbac27 -> 
  custom:video-decoder-ogg-theora: a1e56fd34408186e4bbccfd4996cb3dc -> 
  custom:CustomObjectIndexerAttribute: 306bfa6df2d96854e1ebb52f3ddacab7 -> 
  custom:container-demuxer-webm: 4f35f7cbe854078d1ac9338744f61a02 -> 
  custom:container-muxer-webm: aa71ff27fc2769a1b78a27578f13a17b -> 
  custom:video-decoder-webm-vp8: 9c59270c3fd7afecdb556c50c9e8de78 -> 
  custom:SearchIndexIgnoredProperties: e643bd26f0fe6173181afceb89e7c659 -> 
  custom:AudioImporter_EditorPlatform: 2f0ff77a95e0ac474e3e8eeba4e2f7cb -> 
  custom:video-encoder-webm-vp8: eb34c28f22e8b96e1ab97ce403110664 -> 
  custom:audio-decoder-ogg-vorbis: bf7c407c2cedff20999df2af8eb42d56 -> 
  custom:audio-encoder-webm-vorbis: bf7c407c2cedff20999df2af8eb42d56 -> 
========================================================================
Received Prepare
Begin MonoManager ReloadAssembly
Symbol file LoadedFromMemory is not a mono symbol file
- Loaded All Assemblies, in  0.488 seconds
Refreshing native plugins compatible for Editor in 2.20 ms, found 1 plugins.
Native extension for LinuxStandalone target not found
Native extension for WindowsStandalone target not found
Native extension for WebGL target not found
[Package Manager] Server::EnsureServerProcessIsRunning -- launch failed, reason: Unity was launched with the -noUpm command-line argument
[Package Manager] UpmClient::Send -- Unable to send message (not connected to UPM process).
[Package Manager] Cannot connect to Unity Package Manager local server
Mono: successfully reloaded assembly
- Finished resetting the current domain, in  0.825 seconds
Domain Reload Profiling: 1312ms
	BeginReloadAssembly (160ms)
		ExecutionOrderSort (0ms)
		DisableScriptedObjects (6ms)
		BackupInstance (0ms)
		ReleaseScriptingObjects (0ms)
		CreateAndSetChildDomain (53ms)
	RebuildCommonClasses (44ms)
	RebuildNativeTypeToScriptingClass (10ms)
	initialDomainReloadingComplete (35ms)
	LoadAllAssembliesAndSetupDomain (239ms)
		LoadAssemblies (280ms)
		RebuildTransferFunctionScriptingTraits (0ms)
		AnalyzeDomain (26ms)
			TypeCache.Refresh (11ms)
				TypeCache.ScanAssembly (0ms)
			ScanForSourceGeneratedMonoScriptInfo (9ms)
			ResolveRequiredComponents (5ms)
	FinalizeReload (826ms)
		ReleaseScriptCaches (0ms)
		RebuildScriptCaches (0ms)
		SetupLoadedEditorAssemblies (453ms)
			LogAssemblyErrors (0ms)
			InitializePlatformSupportModulesInManaged (50ms)
			SetLoadedEditorAssemblies (8ms)
			RefreshPlugins (0ms)
			BeforeProcessingInitializeOnLoad (79ms)
			ProcessInitializeOnLoadAttributes (283ms)
			ProcessInitializeOnLoadMethodAttributes (25ms)
			AfterProcessingInitializeOnLoad (7ms)
			EditorAssembliesLoaded (0ms)
		ExecutionOrderSort2 (0ms)
		AwakeInstancesAfterBackupRestoration (6ms)
Refreshing native plugins compatible for Editor in 2.16 ms, found 1 plugins.
Preloading 0 native plugins for Editor in 0.00 ms.
Unloading 3176 Unused Serialized files (Serialized files now loaded: 0)
Unloading 29 unused Assets / (1.0 MB). Loaded Objects now: 3829.
Memory consumption went from 133.9 MB to 132.9 MB.
Total: 5.615392 ms (FindLiveObjects: 0.568190 ms CreateObjectMapping: 0.230201 ms MarkObjects: 3.844001 ms  DeleteObjects: 0.970770 ms)

Prepare: number of updated asset objects reloaded= 0
AssetImportParameters requested are different than current active one (requested -> active):
  custom:container-demuxer-ogg: 62fdf1f143b41e24485cea50d1cbac27 -> 
  custom:video-decoder-ogg-theora: a1e56fd34408186e4bbccfd4996cb3dc -> 
  custom:CustomObjectIndexerAttribute: 306bfa6df2d96854e1ebb52f3ddacab7 -> 
  custom:container-demuxer-webm: 4f35f7cbe854078d1ac9338744f61a02 -> 
  custom:container-muxer-webm: aa71ff27fc2769a1b78a27578f13a17b -> 
  custom:video-decoder-webm-vp8: 9c59270c3fd7afecdb556c50c9e8de78 -> 
  custom:SearchIndexIgnoredProperties: e643bd26f0fe6173181afceb89e7c659 -> 
  custom:AudioImporter_EditorPlatform: 2f0ff77a95e0ac474e3e8eeba4e2f7cb -> 
  custom:video-encoder-webm-vp8: eb34c28f22e8b96e1ab97ce403110664 -> 
  custom:audio-decoder-ogg-vorbis: bf7c407c2cedff20999df2af8eb42d56 -> 
  custom:audio-encoder-webm-vorbis: bf7c407c2cedff20999df2af8eb42d56 -> 
========================================================================
Received Import Request.
  Time since last request: 802.827575 seconds.
  path: Assets/Shaders/OverworkedShader.shader
  artifactKey: Guid(1b9392915d711addd9ffafc729de5ad3) Importer(815301076,1909f56bfc062723c751e8b465ee728b)
Start importing Assets/Shaders/OverworkedShader.shader using Guid(1b9392915d711addd9ffafc729de5ad3) Importer(815301076,1909f56bfc062723c751e8b465ee728b)  -> (artifact id: 'ac0fd6fe6d6f053fb400737c6b94f705') in 0.024881 seconds
Number of updated asset objects reloaded before import = 0
Number of asset objects unloaded after import = 1
========================================================================
Received Import Request.
  Time since last request: 137.610666 seconds.
  path: Assets/Shaders/OverworkedShader.shader
  artifactKey: Guid(1b9392915d711addd9ffafc729de5ad3) Importer(815301076,1909f56bfc062723c751e8b465ee728b)
Start importing Assets/Shaders/OverworkedShader.shader using Guid(1b9392915d711addd9ffafc729de5ad3) Importer(815301076,1909f56bfc062723c751e8b465ee728b)  -> (artifact id: 'fbc0d44c09a210d7b129080777b3a13d') in 0.002939 seconds
Number of updated asset objects reloaded before import = 0
Number of asset objects unloaded after import = 1
========================================================================
Received Import Request.
  Time since last request: 56.325181 seconds.
  path: Assets/Shaders/OverworkedShader.shader
  artifactKey: Guid(1b9392915d711addd9ffafc729de5ad3) Importer(815301076,1909f56bfc062723c751e8b465ee728b)
Start importing Assets/Shaders/OverworkedShader.shader using Guid(1b9392915d711addd9ffafc729de5ad3) Importer(815301076,1909f56bfc062723c751e8b465ee728b)  -> (artifact id: '29bd6e907a3bc73b2695d1c22a4b23ed') in 0.002759 seconds
Number of updated asset objects reloaded before import = 0
Number of asset objects unloaded after import = 1
========================================================================
Received Prepare
Begin MonoManager ReloadAssembly
Symbol file LoadedFromMemory is not a mono symbol file
- Loaded All Assemblies, in  0.501 seconds
Refreshing native plugins compatible for Editor in 2.08 ms, found 1 plugins.
Native extension for LinuxStandalone target not found
Native extension for WindowsStandalone target not found
Native extension for WebGL target not found
[Package Manager] Server::EnsureServerProcessIsRunning -- launch failed, reason: Unity was launched with the -noUpm command-line argument
[Package Manager] UpmClient::Send -- Unable to send message (not connected to UPM process).
[Package Manager] Cannot connect to Unity Package Manager local server
Mono: successfully reloaded assembly
- Finished resetting the current domain, in  0.868 seconds
Domain Reload Profiling: 1368ms
	BeginReloadAssembly (156ms)
		ExecutionOrderSort (0ms)
		DisableScriptedObjects (6ms)
		BackupInstance (0ms)
		ReleaseScriptingObjects (0ms)
		CreateAndSetChildDomain (52ms)
	RebuildCommonClasses (44ms)
	RebuildNativeTypeToScriptingClass (9ms)
	initialDomainReloadingComplete (35ms)
	LoadAllAssembliesAndSetupDomain (255ms)
		LoadAssemblies (306ms)
		RebuildTransferFunctionScriptingTraits (0ms)
		AnalyzeDomain (14ms)
			TypeCache.Refresh (7ms)
				TypeCache.ScanAssembly (0ms)
			ScanForSourceGeneratedMonoScriptInfo (0ms)
			ResolveRequiredComponents (5ms)
	FinalizeReload (868ms)
		ReleaseScriptCaches (0ms)
		RebuildScriptCaches (0ms)
		SetupLoadedEditorAssemblies (457ms)
			LogAssemblyErrors (0ms)
			InitializePlatformSupportModulesInManaged (52ms)
			SetLoadedEditorAssemblies (8ms)
			RefreshPlugins (0ms)
			BeforeProcessingInitializeOnLoad (81ms)
			ProcessInitializeOnLoadAttributes (283ms)
			ProcessInitializeOnLoadMethodAttributes (26ms)
			AfterProcessingInitializeOnLoad (7ms)
			EditorAssembliesLoaded (0ms)
		ExecutionOrderSort2 (0ms)
		AwakeInstancesAfterBackupRestoration (8ms)
Refreshing native plugins compatible for Editor in 2.35 ms, found 1 plugins.
Preloading 0 native plugins for Editor in 0.00 ms.
Unloading 3177 Unused Serialized files (Serialized files now loaded: 0)
Unloading 30 unused Assets / (1.3 MB). Loaded Objects now: 3832.
Memory consumption went from 134.5 MB to 133.1 MB.
Total: 5.867912 ms (FindLiveObjects: 0.440361 ms CreateObjectMapping: 0.135660 ms MarkObjects: 4.057971 ms  DeleteObjects: 1.232010 ms)

Prepare: number of updated asset objects reloaded= 0
AssetImportParameters requested are different than current active one (requested -> active):
  custom:container-demuxer-ogg: 62fdf1f143b41e24485cea50d1cbac27 -> 
  custom:video-decoder-ogg-theora: a1e56fd34408186e4bbccfd4996cb3dc -> 
  custom:CustomObjectIndexerAttribute: 306bfa6df2d96854e1ebb52f3ddacab7 -> 
  custom:container-demuxer-webm: 4f35f7cbe854078d1ac9338744f61a02 -> 
  custom:container-muxer-webm: aa71ff27fc2769a1b78a27578f13a17b -> 
  custom:video-decoder-webm-vp8: 9c59270c3fd7afecdb556c50c9e8de78 -> 
  custom:SearchIndexIgnoredProperties: e643bd26f0fe6173181afceb89e7c659 -> 
  custom:AudioImporter_EditorPlatform: 2f0ff77a95e0ac474e3e8eeba4e2f7cb -> 
  custom:video-encoder-webm-vp8: eb34c28f22e8b96e1ab97ce403110664 -> 
  custom:audio-decoder-ogg-vorbis: bf7c407c2cedff20999df2af8eb42d56 -> 
  custom:audio-encoder-webm-vorbis: bf7c407c2cedff20999df2af8eb42d56 -> 
========================================================================
Received Import Request.
  Time since last request: 130.626188 seconds.
  path: Assets/Shaders/Build.shader
  artifactKey: Guid(02ebba902865ed9fc980ffde56b9adc8) Importer(815301076,1909f56bfc062723c751e8b465ee728b)
Start importing Assets/Shaders/Build.shader using Guid(02ebba902865ed9fc980ffde56b9adc8) Importer(815301076,1909f56bfc062723c751e8b465ee728b)  -> (artifact id: '8463d0adcd101874ae18740dc6cda3ea') in 0.016908 seconds
Number of updated asset objects reloaded before import = 1
Number of asset objects unloaded after import = 0
========================================================================
Received Import Request.
  Time since last request: 2.657272 seconds.
  path: Assets/Models/Printer/PrinterBluePLAToyBoat/Boat Blue.mat
  artifactKey: Guid(e9a1e5c9518bba8318bcb34df44a9bf7) Importer(815301076,1909f56bfc062723c751e8b465ee728b)
Start importing Assets/Models/Printer/PrinterBluePLAToyBoat/Boat Blue.mat using Guid(e9a1e5c9518bba8318bcb34df44a9bf7) Importer(815301076,1909f56bfc062723c751e8b465ee728b)  -> (artifact id: 'ef715dd0b79b3e1315cb5002a6e3efcd') in 0.420368 seconds
Number of updated asset objects reloaded before import = 0
Number of asset objects unloaded after import = 1
========================================================================
Received Prepare
Begin MonoManager ReloadAssembly
Symbol file LoadedFromMemory is not a mono symbol file
- Loaded All Assemblies, in  0.508 seconds
Refreshing native plugins compatible for Editor in 2.26 ms, found 1 plugins.
Native extension for LinuxStandalone target not found
Native extension for WindowsStandalone target not found
Native extension for WebGL target not found
[Package Manager] Server::EnsureServerProcessIsRunning -- launch failed, reason: Unity was launched with the -noUpm command-line argument
[Package Manager] UpmClient::Send -- Unable to send message (not connected to UPM process).
[Package Manager] Cannot connect to Unity Package Manager local server
Mono: successfully reloaded assembly
- Finished resetting the current domain, in  0.871 seconds
Domain Reload Profiling: 1378ms
	BeginReloadAssembly (173ms)
		ExecutionOrderSort (0ms)
		DisableScriptedObjects (5ms)
		BackupInstance (0ms)
		ReleaseScriptingObjects (0ms)
		CreateAndSetChildDomain (60ms)
	RebuildCommonClasses (45ms)
	RebuildNativeTypeToScriptingClass (10ms)
	initialDomainReloadingComplete (36ms)
	LoadAllAssembliesAndSetupDomain (243ms)
		LoadAssemblies (302ms)
		RebuildTransferFunctionScriptingTraits (0ms)
		AnalyzeDomain (14ms)
			TypeCache.Refresh (8ms)
				TypeCache.ScanAssembly (0ms)
			ScanForSourceGeneratedMonoScriptInfo (0ms)
			ResolveRequiredComponents (5ms)
	FinalizeReload (872ms)
		ReleaseScriptCaches (0ms)
		RebuildScriptCaches (0ms)
		SetupLoadedEditorAssemblies (465ms)
			LogAssemblyErrors (0ms)
			InitializePlatformSupportModulesInManaged (50ms)
			SetLoadedEditorAssemblies (7ms)
			RefreshPlugins (0ms)
			BeforeProcessingInitializeOnLoad (79ms)
			ProcessInitializeOnLoadAttributes (294ms)
			ProcessInitializeOnLoadMethodAttributes (27ms)
			AfterProcessingInitializeOnLoad (7ms)
			EditorAssembliesLoaded (0ms)
		ExecutionOrderSort2 (0ms)
		AwakeInstancesAfterBackupRestoration (7ms)
Refreshing native plugins compatible for Editor in 2.07 ms, found 1 plugins.
Preloading 0 native plugins for Editor in 0.00 ms.
Unloading 3177 Unused Serialized files (Serialized files now loaded: 0)
Unloading 30 unused Assets / (1.3 MB). Loaded Objects now: 3835.
Memory consumption went from 134.5 MB to 133.1 MB.
Total: 5.316562 ms (FindLiveObjects: 0.449601 ms CreateObjectMapping: 0.101250 ms MarkObjects: 3.662291 ms  DeleteObjects: 1.101170 ms)

Prepare: number of updated asset objects reloaded= 0
AssetImportParameters requested are different than current active one (requested -> active):
  custom:container-demuxer-ogg: 62fdf1f143b41e24485cea50d1cbac27 -> 
  custom:video-decoder-ogg-theora: a1e56fd34408186e4bbccfd4996cb3dc -> 
  custom:CustomObjectIndexerAttribute: 306bfa6df2d96854e1ebb52f3ddacab7 -> 
  custom:container-demuxer-webm: 4f35f7cbe854078d1ac9338744f61a02 -> 
  custom:container-muxer-webm: aa71ff27fc2769a1b78a27578f13a17b -> 
  custom:video-decoder-webm-vp8: 9c59270c3fd7afecdb556c50c9e8de78 -> 
  custom:SearchIndexIgnoredProperties: e643bd26f0fe6173181afceb89e7c659 -> 
  custom:AudioImporter_EditorPlatform: 2f0ff77a95e0ac474e3e8eeba4e2f7cb -> 
  custom:video-encoder-webm-vp8: eb34c28f22e8b96e1ab97ce403110664 -> 
  custom:audio-decoder-ogg-vorbis: bf7c407c2cedff20999df2af8eb42d56 -> 
  custom:audio-encoder-webm-vorbis: bf7c407c2cedff20999df2af8eb42d56 -> 
========================================================================
Received Import Request.
  Time since last request: 35.155102 seconds.
  path: Assets/Scenes/Environment.unity
  artifactKey: Guid(c2975239c3739c7b2a2eae6dbece5b7e) Importer(815301076,1909f56bfc062723c751e8b465ee728b)
Start importing Assets/Scenes/Environment.unity using Guid(c2975239c3739c7b2a2eae6dbece5b7e) Importer(815301076,1909f56bfc062723c751e8b465ee728b)  -> (artifact id: 'acc5ed86b55f78cf3bc5e1dee52de064') in 0.002627 seconds
Number of updated asset objects reloaded before import = 0
Number of asset objects unloaded after import = 0
========================================================================
Received Prepare
Begin MonoManager ReloadAssembly
Symbol file LoadedFromMemory is not a mono symbol file
- Loaded All Assemblies, in  0.486 seconds
Refreshing native plugins compatible for Editor in 2.26 ms, found 1 plugins.
Native extension for LinuxStandalone target not found
Native extension for WindowsStandalone target not found
Native extension for WebGL target not found
[Package Manager] Server::EnsureServerProcessIsRunning -- launch failed, reason: Unity was launched with the -noUpm command-line argument
[Package Manager] UpmClient::Send -- Unable to send message (not connected to UPM process).
[Package Manager] Cannot connect to Unity Package Manager local server
Mono: successfully reloaded assembly
- Finished resetting the current domain, in  0.874 seconds
Domain Reload Profiling: 1360ms
	BeginReloadAssembly (160ms)
		ExecutionOrderSort (0ms)
		DisableScriptedObjects (6ms)
		BackupInstance (0ms)
		ReleaseScriptingObjects (0ms)
		CreateAndSetChildDomain (54ms)
	RebuildCommonClasses (44ms)
	RebuildNativeTypeToScriptingClass (10ms)
	initialDomainReloadingComplete (36ms)
	LoadAllAssembliesAndSetupDomain (235ms)
		LoadAssemblies (287ms)
		RebuildTransferFunctionScriptingTraits (0ms)
		AnalyzeDomain (14ms)
			TypeCache.Refresh (8ms)
				TypeCache.ScanAssembly (0ms)
			ScanForSourceGeneratedMonoScriptInfo (0ms)
			ResolveRequiredComponents (5ms)
	FinalizeReload (875ms)
		ReleaseScriptCaches (0ms)
		RebuildScriptCaches (0ms)
		SetupLoadedEditorAssemblies (459ms)
			LogAssemblyErrors (0ms)
			InitializePlatformSupportModulesInManaged (53ms)
			SetLoadedEditorAssemblies (7ms)
			RefreshPlugins (0ms)
			BeforeProcessingInitializeOnLoad (77ms)
			ProcessInitializeOnLoadAttributes (291ms)
			ProcessInitializeOnLoadMethodAttributes (24ms)
			AfterProcessingInitializeOnLoad (7ms)
			EditorAssembliesLoaded (0ms)
		ExecutionOrderSort2 (0ms)
		AwakeInstancesAfterBackupRestoration (6ms)
Refreshing native plugins compatible for Editor in 2.00 ms, found 1 plugins.
Preloading 0 native plugins for Editor in 0.00 ms.
Unloading 3177 Unused Serialized files (Serialized files now loaded: 0)
Unloading 30 unused Assets / (1.3 MB). Loaded Objects now: 3838.
Memory consumption went from 134.4 MB to 133.1 MB.
Total: 5.983382 ms (FindLiveObjects: 0.589060 ms CreateObjectMapping: 0.144370 ms MarkObjects: 3.959961 ms  DeleteObjects: 1.286991 ms)

Prepare: number of updated asset objects reloaded= 0
AssetImportParameters requested are different than current active one (requested -> active):
  custom:container-demuxer-ogg: 62fdf1f143b41e24485cea50d1cbac27 -> 
  custom:video-decoder-ogg-theora: a1e56fd34408186e4bbccfd4996cb3dc -> 
  custom:CustomObjectIndexerAttribute: 306bfa6df2d96854e1ebb52f3ddacab7 -> 
  custom:container-demuxer-webm: 4f35f7cbe854078d1ac9338744f61a02 -> 
  custom:container-muxer-webm: aa71ff27fc2769a1b78a27578f13a17b -> 
  custom:video-decoder-webm-vp8: 9c59270c3fd7afecdb556c50c9e8de78 -> 
  custom:SearchIndexIgnoredProperties: e643bd26f0fe6173181afceb89e7c659 -> 
  custom:AudioImporter_EditorPlatform: 2f0ff77a95e0ac474e3e8eeba4e2f7cb -> 
  custom:video-encoder-webm-vp8: eb34c28f22e8b96e1ab97ce403110664 -> 
  custom:audio-decoder-ogg-vorbis: bf7c407c2cedff20999df2af8eb42d56 -> 
  custom:audio-encoder-webm-vorbis: bf7c407c2cedff20999df2af8eb42d56 -> 
========================================================================
Received Import Request.
  Time since last request: 124.556175 seconds.
  path: Assets/Shaders/OverworkedShader.shader
  artifactKey: Guid(1b9392915d711addd9ffafc729de5ad3) Importer(815301076,1909f56bfc062723c751e8b465ee728b)
Start importing Assets/Shaders/OverworkedShader.shader using Guid(1b9392915d711addd9ffafc729de5ad3) Importer(815301076,1909f56bfc062723c751e8b465ee728b)  -> (artifact id: 'fa6bc98369ea87557ebb6f65c32c5d73') in 0.026467 seconds
Number of updated asset objects reloaded before import = 0
Number of asset objects unloaded after import = 1
========================================================================
Received Prepare
Begin MonoManager ReloadAssembly
Symbol file LoadedFromMemory is not a mono symbol file
- Loaded All Assemblies, in  0.609 seconds
Refreshing native plugins compatible for Editor in 2.33 ms, found 1 plugins.
Native extension for LinuxStandalone target not found
Native extension for WindowsStandalone target not found
Native extension for WebGL target not found
[Package Manager] Server::EnsureServerProcessIsRunning -- launch failed, reason: Unity was launched with the -noUpm command-line argument
[Package Manager] UpmClient::Send -- Unable to send message (not connected to UPM process).
[Package Manager] Cannot connect to Unity Package Manager local server
Mono: successfully reloaded assembly
- Finished resetting the current domain, in  1.123 seconds
Domain Reload Profiling: 1731ms
	BeginReloadAssembly (215ms)
		ExecutionOrderSort (0ms)
		DisableScriptedObjects (9ms)
		BackupInstance (0ms)
		ReleaseScriptingObjects (0ms)
		CreateAndSetChildDomain (79ms)
	RebuildCommonClasses (48ms)
	RebuildNativeTypeToScriptingClass (10ms)
	initialDomainReloadingComplete (43ms)
	LoadAllAssembliesAndSetupDomain (290ms)
		LoadAssemblies (359ms)
		RebuildTransferFunctionScriptingTraits (0ms)
		AnalyzeDomain (15ms)
			TypeCache.Refresh (8ms)
				TypeCache.ScanAssembly (0ms)
			ScanForSourceGeneratedMonoScriptInfo (0ms)
			ResolveRequiredComponents (5ms)
	FinalizeReload (1124ms)
		ReleaseScriptCaches (0ms)
		RebuildScriptCaches (0ms)
		SetupLoadedEditorAssemblies (593ms)
			LogAssemblyErrors (0ms)
			InitializePlatformSupportModulesInManaged (78ms)
			SetLoadedEditorAssemblies (10ms)
			RefreshPlugins (0ms)
			BeforeProcessingInitializeOnLoad (96ms)
			ProcessInitializeOnLoadAttributes (367ms)
			ProcessInitializeOnLoadMethodAttributes (35ms)
			AfterProcessingInitializeOnLoad (7ms)
			EditorAssembliesLoaded (0ms)
		ExecutionOrderSort2 (0ms)
		AwakeInstancesAfterBackupRestoration (10ms)
Refreshing native plugins compatible for Editor in 2.05 ms, found 1 plugins.
Preloading 0 native plugins for Editor in 0.00 ms.
Unloading 3177 Unused Serialized files (Serialized files now loaded: 0)
Unloading 30 unused Assets / (1.3 MB). Loaded Objects now: 3841.
Memory consumption went from 134.5 MB to 133.1 MB.
Total: 7.210182 ms (FindLiveObjects: 0.639530 ms CreateObjectMapping: 0.410810 ms MarkObjects: 4.545572 ms  DeleteObjects: 1.611680 ms)

Prepare: number of updated asset objects reloaded= 0
AssetImportParameters requested are different than current active one (requested -> active):
  custom:container-demuxer-ogg: 62fdf1f143b41e24485cea50d1cbac27 -> 
  custom:video-decoder-ogg-theora: a1e56fd34408186e4bbccfd4996cb3dc -> 
  custom:CustomObjectIndexerAttribute: 306bfa6df2d96854e1ebb52f3ddacab7 -> 
  custom:container-demuxer-webm: 4f35f7cbe854078d1ac9338744f61a02 -> 
  custom:container-muxer-webm: aa71ff27fc2769a1b78a27578f13a17b -> 
  custom:video-decoder-webm-vp8: 9c59270c3fd7afecdb556c50c9e8de78 -> 
  custom:SearchIndexIgnoredProperties: e643bd26f0fe6173181afceb89e7c659 -> 
  custom:AudioImporter_EditorPlatform: 2f0ff77a95e0ac474e3e8eeba4e2f7cb -> 
  custom:video-encoder-webm-vp8: eb34c28f22e8b96e1ab97ce403110664 -> 
  custom:audio-decoder-ogg-vorbis: bf7c407c2cedff20999df2af8eb42d56 -> 
  custom:audio-encoder-webm-vorbis: bf7c407c2cedff20999df2af8eb42d56 -> 
========================================================================
Received Prepare
Begin MonoManager ReloadAssembly
Symbol file LoadedFromMemory is not a mono symbol file
- Loaded All Assemblies, in  0.556 seconds
Refreshing native plugins compatible for Editor in 2.82 ms, found 1 plugins.
Native extension for LinuxStandalone target not found
Native extension for WindowsStandalone target not found
Native extension for WebGL target not found
[Package Manager] Server::EnsureServerProcessIsRunning -- launch failed, reason: Unity was launched with the -noUpm command-line argument
[Package Manager] UpmClient::Send -- Unable to send message (not connected to UPM process).
[Package Manager] Cannot connect to Unity Package Manager local server
Mono: successfully reloaded assembly
- Finished resetting the current domain, in  0.919 seconds
Domain Reload Profiling: 1474ms
	BeginReloadAssembly (171ms)
		ExecutionOrderSort (0ms)
		DisableScriptedObjects (8ms)
		BackupInstance (0ms)
		ReleaseScriptingObjects (0ms)
		CreateAndSetChildDomain (56ms)
	RebuildCommonClasses (47ms)
	RebuildNativeTypeToScriptingClass (10ms)
	initialDomainReloadingComplete (37ms)
	LoadAllAssembliesAndSetupDomain (290ms)
		LoadAssemblies (337ms)
		RebuildTransferFunctionScriptingTraits (0ms)
		AnalyzeDomain (22ms)
			TypeCache.Refresh (10ms)
				TypeCache.ScanAssembly (0ms)
			ScanForSourceGeneratedMonoScriptInfo (0ms)
			ResolveRequiredComponents (9ms)
	FinalizeReload (919ms)
		ReleaseScriptCaches (0ms)
		RebuildScriptCaches (0ms)
		SetupLoadedEditorAssemblies (467ms)
			LogAssemblyErrors (0ms)
			InitializePlatformSupportModulesInManaged (53ms)
			SetLoadedEditorAssemblies (7ms)
			RefreshPlugins (0ms)
			BeforeProcessingInitializeOnLoad (80ms)
			ProcessInitializeOnLoadAttributes (296ms)
			ProcessInitializeOnLoadMethodAttributes (24ms)
			AfterProcessingInitializeOnLoad (7ms)
			EditorAssembliesLoaded (0ms)
		ExecutionOrderSort2 (0ms)
		AwakeInstancesAfterBackupRestoration (6ms)
Refreshing native plugins compatible for Editor in 2.34 ms, found 1 plugins.
Preloading 0 native plugins for Editor in 0.00 ms.
Unloading 3177 Unused Serialized files (Serialized files now loaded: 0)
Unloading 30 unused Assets / (1.3 MB). Loaded Objects now: 3844.
Memory consumption went from 134.5 MB to 133.1 MB.
Total: 5.266972 ms (FindLiveObjects: 0.435621 ms CreateObjectMapping: 0.114720 ms MarkObjects: 3.436261 ms  DeleteObjects: 1.277790 ms)

Prepare: number of updated asset objects reloaded= 0
AssetImportParameters requested are different than current active one (requested -> active):
  custom:container-demuxer-ogg: 62fdf1f143b41e24485cea50d1cbac27 -> 
  custom:video-decoder-ogg-theora: a1e56fd34408186e4bbccfd4996cb3dc -> 
  custom:CustomObjectIndexerAttribute: 306bfa6df2d96854e1ebb52f3ddacab7 -> 
  custom:container-demuxer-webm: 4f35f7cbe854078d1ac9338744f61a02 -> 
  custom:container-muxer-webm: aa71ff27fc2769a1b78a27578f13a17b -> 
  custom:video-decoder-webm-vp8: 9c59270c3fd7afecdb556c50c9e8de78 -> 
  custom:SearchIndexIgnoredProperties: e643bd26f0fe6173181afceb89e7c659 -> 
  custom:AudioImporter_EditorPlatform: 2f0ff77a95e0ac474e3e8eeba4e2f7cb -> 
  custom:video-encoder-webm-vp8: eb34c28f22e8b96e1ab97ce403110664 -> 
  custom:audio-decoder-ogg-vorbis: bf7c407c2cedff20999df2af8eb42d56 -> 
  custom:audio-encoder-webm-vorbis: bf7c407c2cedff20999df2af8eb42d56 -> 
========================================================================
Received Prepare
Begin MonoManager ReloadAssembly
Symbol file LoadedFromMemory is not a mono symbol file
- Loaded All Assemblies, in  0.564 seconds
Refreshing native plugins compatible for Editor in 2.33 ms, found 1 plugins.
Native extension for LinuxStandalone target not found
Native extension for WindowsStandalone target not found
Native extension for WebGL target not found
[Package Manager] Server::EnsureServerProcessIsRunning -- launch failed, reason: Unity was launched with the -noUpm command-line argument
[Package Manager] UpmClient::Send -- Unable to send message (not connected to UPM process).
[Package Manager] Cannot connect to Unity Package Manager local server
Mono: successfully reloaded assembly
- Finished resetting the current domain, in  1.107 seconds
Domain Reload Profiling: 1671ms
	BeginReloadAssembly (201ms)
		ExecutionOrderSort (0ms)
		DisableScriptedObjects (6ms)
		BackupInstance (0ms)
		ReleaseScriptingObjects (0ms)
		CreateAndSetChildDomain (67ms)
	RebuildCommonClasses (62ms)
	RebuildNativeTypeToScriptingClass (13ms)
	initialDomainReloadingComplete (39ms)
	LoadAllAssembliesAndSetupDomain (248ms)
		LoadAssemblies (323ms)
		RebuildTransferFunctionScriptingTraits (0ms)
		AnalyzeDomain (17ms)
			TypeCache.Refresh (8ms)
				TypeCache.ScanAssembly (0ms)
			ScanForSourceGeneratedMonoScriptInfo (0ms)
			ResolveRequiredComponents (7ms)
	FinalizeReload (1108ms)
		ReleaseScriptCaches (0ms)
		RebuildScriptCaches (0ms)
		SetupLoadedEditorAssemblies (553ms)
			LogAssemblyErrors (0ms)
			InitializePlatformSupportModulesInManaged (60ms)
			SetLoadedEditorAssemblies (9ms)
			RefreshPlugins (0ms)
			BeforeProcessingInitializeOnLoad (102ms)
			ProcessInitializeOnLoadAttributes (350ms)
			ProcessInitializeOnLoadMethodAttributes (25ms)
			AfterProcessingInitializeOnLoad (8ms)
			EditorAssembliesLoaded (0ms)
		ExecutionOrderSort2 (0ms)
		AwakeInstancesAfterBackupRestoration (6ms)
Refreshing native plugins compatible for Editor in 3.11 ms, found 1 plugins.
Preloading 0 native plugins for Editor in 0.00 ms.
Unloading 3177 Unused Serialized files (Serialized files now loaded: 0)
Unloading 30 unused Assets / (1.3 MB). Loaded Objects now: 3847.
Memory consumption went from 134.5 MB to 133.1 MB.
Total: 7.501373 ms (FindLiveObjects: 0.590801 ms CreateObjectMapping: 0.413940 ms MarkObjects: 4.744631 ms  DeleteObjects: 1.749291 ms)

Prepare: number of updated asset objects reloaded= 0
AssetImportParameters requested are different than current active one (requested -> active):
  custom:container-demuxer-ogg: 62fdf1f143b41e24485cea50d1cbac27 -> 
  custom:video-decoder-ogg-theora: a1e56fd34408186e4bbccfd4996cb3dc -> 
  custom:CustomObjectIndexerAttribute: 306bfa6df2d96854e1ebb52f3ddacab7 -> 
  custom:container-demuxer-webm: 4f35f7cbe854078d1ac9338744f61a02 -> 
  custom:container-muxer-webm: aa71ff27fc2769a1b78a27578f13a17b -> 
  custom:video-decoder-webm-vp8: 9c59270c3fd7afecdb556c50c9e8de78 -> 
  custom:SearchIndexIgnoredProperties: e643bd26f0fe6173181afceb89e7c659 -> 
  custom:AudioImporter_EditorPlatform: 2f0ff77a95e0ac474e3e8eeba4e2f7cb -> 
  custom:video-encoder-webm-vp8: eb34c28f22e8b96e1ab97ce403110664 -> 
  custom:audio-decoder-ogg-vorbis: bf7c407c2cedff20999df2af8eb42d56 -> 
  custom:audio-encoder-webm-vorbis: bf7c407c2cedff20999df2af8eb42d56 -> 
========================================================================
Received Prepare
Begin MonoManager ReloadAssembly
Symbol file LoadedFromMemory is not a mono symbol file
- Loaded All Assemblies, in  0.502 seconds
Refreshing native plugins compatible for Editor in 2.32 ms, found 1 plugins.
Native extension for LinuxStandalone target not found
Native extension for WindowsStandalone target not found
Native extension for WebGL target not found
[Package Manager] Server::EnsureServerProcessIsRunning -- launch failed, reason: Unity was launched with the -noUpm command-line argument
[Package Manager] UpmClient::Send -- Unable to send message (not connected to UPM process).
[Package Manager] Cannot connect to Unity Package Manager local server
Mono: successfully reloaded assembly
- Finished resetting the current domain, in  0.904 seconds
Domain Reload Profiling: 1405ms
	BeginReloadAssembly (160ms)
		ExecutionOrderSort (0ms)
		DisableScriptedObjects (6ms)
		BackupInstance (0ms)
		ReleaseScriptingObjects (0ms)
		CreateAndSetChildDomain (56ms)
	RebuildCommonClasses (44ms)
	RebuildNativeTypeToScriptingClass (10ms)
	initialDomainReloadingComplete (35ms)
	LoadAllAssembliesAndSetupDomain (251ms)
		LoadAssemblies (299ms)
		RebuildTransferFunctionScriptingTraits (0ms)
		AnalyzeDomain (16ms)
			TypeCache.Refresh (8ms)
				TypeCache.ScanAssembly (0ms)
			ScanForSourceGeneratedMonoScriptInfo (0ms)
			ResolveRequiredComponents (5ms)
	FinalizeReload (904ms)
		ReleaseScriptCaches (0ms)
		RebuildScriptCaches (0ms)
		SetupLoadedEditorAssemblies (462ms)
			LogAssemblyErrors (0ms)
			InitializePlatformSupportModulesInManaged (51ms)
			SetLoadedEditorAssemblies (7ms)
			RefreshPlugins (0ms)
			BeforeProcessingInitializeOnLoad (81ms)
			ProcessInitializeOnLoadAttributes (292ms)
			ProcessInitializeOnLoadMethodAttributes (24ms)
			AfterProcessingInitializeOnLoad (7ms)
			EditorAssembliesLoaded (0ms)
		ExecutionOrderSort2 (0ms)
		AwakeInstancesAfterBackupRestoration (6ms)
Refreshing native plugins compatible for Editor in 2.09 ms, found 1 plugins.
Preloading 0 native plugins for Editor in 0.00 ms.
Unloading 3177 Unused Serialized files (Serialized files now loaded: 0)
Unloading 30 unused Assets / (1.3 MB). Loaded Objects now: 3850.
Memory consumption went from 134.5 MB to 133.1 MB.
Total: 6.607422 ms (FindLiveObjects: 0.583180 ms CreateObjectMapping: 0.166520 ms MarkObjects: 4.709092 ms  DeleteObjects: 1.146600 ms)

Prepare: number of updated asset objects reloaded= 0
AssetImportParameters requested are different than current active one (requested -> active):
  custom:container-demuxer-ogg: 62fdf1f143b41e24485cea50d1cbac27 -> 
  custom:video-decoder-ogg-theora: a1e56fd34408186e4bbccfd4996cb3dc -> 
  custom:CustomObjectIndexerAttribute: 306bfa6df2d96854e1ebb52f3ddacab7 -> 
  custom:container-demuxer-webm: 4f35f7cbe854078d1ac9338744f61a02 -> 
  custom:container-muxer-webm: aa71ff27fc2769a1b78a27578f13a17b -> 
  custom:video-decoder-webm-vp8: 9c59270c3fd7afecdb556c50c9e8de78 -> 
  custom:SearchIndexIgnoredProperties: e643bd26f0fe6173181afceb89e7c659 -> 
  custom:AudioImporter_EditorPlatform: 2f0ff77a95e0ac474e3e8eeba4e2f7cb -> 
  custom:video-encoder-webm-vp8: eb34c28f22e8b96e1ab97ce403110664 -> 
  custom:audio-decoder-ogg-vorbis: bf7c407c2cedff20999df2af8eb42d56 -> 
  custom:audio-encoder-webm-vorbis: bf7c407c2cedff20999df2af8eb42d56 -> 
========================================================================
Received Prepare
Begin MonoManager ReloadAssembly
Symbol file LoadedFromMemory is not a mono symbol file
- Loaded All Assemblies, in  0.484 seconds
Refreshing native plugins compatible for Editor in 2.13 ms, found 1 plugins.
Native extension for LinuxStandalone target not found
Native extension for WindowsStandalone target not found
Native extension for WebGL target not found
[Package Manager] Server::EnsureServerProcessIsRunning -- launch failed, reason: Unity was launched with the -noUpm command-line argument
[Package Manager] UpmClient::Send -- Unable to send message (not connected to UPM process).
[Package Manager] Cannot connect to Unity Package Manager local server
Mono: successfully reloaded assembly
- Finished resetting the current domain, in  0.879 seconds
Domain Reload Profiling: 1362ms
	BeginReloadAssembly (161ms)
		ExecutionOrderSort (0ms)
		DisableScriptedObjects (6ms)
		BackupInstance (0ms)
		ReleaseScriptingObjects (0ms)
		CreateAndSetChildDomain (55ms)
	RebuildCommonClasses (44ms)
	RebuildNativeTypeToScriptingClass (9ms)
	initialDomainReloadingComplete (36ms)
	LoadAllAssembliesAndSetupDomain (233ms)
		LoadAssemblies (283ms)
		RebuildTransferFunctionScriptingTraits (0ms)
		AnalyzeDomain (14ms)
			TypeCache.Refresh (7ms)
				TypeCache.ScanAssembly (0ms)
			ScanForSourceGeneratedMonoScriptInfo (0ms)
			ResolveRequiredComponents (5ms)
	FinalizeReload (879ms)
		ReleaseScriptCaches (0ms)
		RebuildScriptCaches (0ms)
		SetupLoadedEditorAssemblies (478ms)
			LogAssemblyErrors (0ms)
			InitializePlatformSupportModulesInManaged (65ms)
			SetLoadedEditorAssemblies (8ms)
			RefreshPlugins (0ms)
			BeforeProcessingInitializeOnLoad (84ms)
			ProcessInitializeOnLoadAttributes (290ms)
			ProcessInitializeOnLoadMethodAttributes (24ms)
			AfterProcessingInitializeOnLoad (7ms)
			EditorAssembliesLoaded (0ms)
		ExecutionOrderSort2 (0ms)
		AwakeInstancesAfterBackupRestoration (6ms)
Refreshing native plugins compatible for Editor in 2.16 ms, found 1 plugins.
Preloading 0 native plugins for Editor in 0.00 ms.
Unloading 3177 Unused Serialized files (Serialized files now loaded: 0)
Unloading 30 unused Assets / (1.3 MB). Loaded Objects now: 3853.
Memory consumption went from 134.5 MB to 133.1 MB.
Total: 5.817033 ms (FindLiveObjects: 0.423081 ms CreateObjectMapping: 0.112530 ms MarkObjects: 3.970091 ms  DeleteObjects: 1.309741 ms)

Prepare: number of updated asset objects reloaded= 0
AssetImportParameters requested are different than current active one (requested -> active):
  custom:container-demuxer-ogg: 62fdf1f143b41e24485cea50d1cbac27 -> 
  custom:video-decoder-ogg-theora: a1e56fd34408186e4bbccfd4996cb3dc -> 
  custom:CustomObjectIndexerAttribute: 306bfa6df2d96854e1ebb52f3ddacab7 -> 
  custom:container-demuxer-webm: 4f35f7cbe854078d1ac9338744f61a02 -> 
  custom:container-muxer-webm: aa71ff27fc2769a1b78a27578f13a17b -> 
  custom:video-decoder-webm-vp8: 9c59270c3fd7afecdb556c50c9e8de78 -> 
  custom:SearchIndexIgnoredProperties: e643bd26f0fe6173181afceb89e7c659 -> 
  custom:AudioImporter_EditorPlatform: 2f0ff77a95e0ac474e3e8eeba4e2f7cb -> 
  custom:video-encoder-webm-vp8: eb34c28f22e8b96e1ab97ce403110664 -> 
  custom:audio-decoder-ogg-vorbis: bf7c407c2cedff20999df2af8eb42d56 -> 
  custom:audio-encoder-webm-vorbis: bf7c407c2cedff20999df2af8eb42d56 -> 
========================================================================
Received Prepare
Begin MonoManager ReloadAssembly
Symbol file LoadedFromMemory is not a mono symbol file
- Loaded All Assemblies, in  0.509 seconds
Refreshing native plugins compatible for Editor in 2.10 ms, found 1 plugins.
Native extension for LinuxStandalone target not found
Native extension for WindowsStandalone target not found
Native extension for WebGL target not found
[Package Manager] Server::EnsureServerProcessIsRunning -- launch failed, reason: Unity was launched with the -noUpm command-line argument
[Package Manager] UpmClient::Send -- Unable to send message (not connected to UPM process).
[Package Manager] Cannot connect to Unity Package Manager local server
Mono: successfully reloaded assembly
- Finished resetting the current domain, in  0.898 seconds
Domain Reload Profiling: 1407ms
	BeginReloadAssembly (165ms)
		ExecutionOrderSort (0ms)
		DisableScriptedObjects (6ms)
		BackupInstance (0ms)
		ReleaseScriptingObjects (0ms)
		CreateAndSetChildDomain (57ms)
	RebuildCommonClasses (46ms)
	RebuildNativeTypeToScriptingClass (10ms)
	initialDomainReloadingComplete (36ms)
	LoadAllAssembliesAndSetupDomain (252ms)
		LoadAssemblies (304ms)
		RebuildTransferFunctionScriptingTraits (0ms)
		AnalyzeDomain (15ms)
			TypeCache.Refresh (7ms)
				TypeCache.ScanAssembly (0ms)
			ScanForSourceGeneratedMonoScriptInfo (0ms)
			ResolveRequiredComponents (5ms)
	FinalizeReload (899ms)
		ReleaseScriptCaches (0ms)
		RebuildScriptCaches (0ms)
		SetupLoadedEditorAssemblies (490ms)
			LogAssemblyErrors (0ms)
			InitializePlatformSupportModulesInManaged (61ms)
			SetLoadedEditorAssemblies (14ms)
			RefreshPlugins (0ms)
			BeforeProcessingInitializeOnLoad (85ms)
			ProcessInitializeOnLoadAttributes (298ms)
			ProcessInitializeOnLoadMethodAttributes (25ms)
			AfterProcessingInitializeOnLoad (7ms)
			EditorAssembliesLoaded (0ms)
		ExecutionOrderSort2 (0ms)
		AwakeInstancesAfterBackupRestoration (7ms)
Refreshing native plugins compatible for Editor in 2.16 ms, found 1 plugins.
Preloading 0 native plugins for Editor in 0.00 ms.
Unloading 3177 Unused Serialized files (Serialized files now loaded: 0)
Unloading 30 unused Assets / (1.3 MB). Loaded Objects now: 3856.
Memory consumption went from 134.5 MB to 133.1 MB.
Total: 6.100822 ms (FindLiveObjects: 0.622720 ms CreateObjectMapping: 0.200081 ms MarkObjects: 4.033211 ms  DeleteObjects: 1.242690 ms)

Prepare: number of updated asset objects reloaded= 0
AssetImportParameters requested are different than current active one (requested -> active):
  custom:container-demuxer-ogg: 62fdf1f143b41e24485cea50d1cbac27 -> 
  custom:video-decoder-ogg-theora: a1e56fd34408186e4bbccfd4996cb3dc -> 
  custom:CustomObjectIndexerAttribute: 306bfa6df2d96854e1ebb52f3ddacab7 -> 
  custom:container-demuxer-webm: 4f35f7cbe854078d1ac9338744f61a02 -> 
  custom:container-muxer-webm: aa71ff27fc2769a1b78a27578f13a17b -> 
  custom:video-decoder-webm-vp8: 9c59270c3fd7afecdb556c50c9e8de78 -> 
  custom:SearchIndexIgnoredProperties: e643bd26f0fe6173181afceb89e7c659 -> 
  custom:AudioImporter_EditorPlatform: 2f0ff77a95e0ac474e3e8eeba4e2f7cb -> 
  custom:video-encoder-webm-vp8: eb34c28f22e8b96e1ab97ce403110664 -> 
  custom:audio-decoder-ogg-vorbis: bf7c407c2cedff20999df2af8eb42d56 -> 
  custom:audio-encoder-webm-vorbis: bf7c407c2cedff20999df2af8eb42d56 -> 
========================================================================
Received Prepare
Begin MonoManager ReloadAssembly
Symbol file LoadedFromMemory is not a mono symbol file
- Loaded All Assemblies, in  0.504 seconds
Refreshing native plugins compatible for Editor in 2.13 ms, found 1 plugins.
Native extension for LinuxStandalone target not found
Native extension for WindowsStandalone target not found
Native extension for WebGL target not found
[Package Manager] Server::EnsureServerProcessIsRunning -- launch failed, reason: Unity was launched with the -noUpm command-line argument
[Package Manager] UpmClient::Send -- Unable to send message (not connected to UPM process).
[Package Manager] Cannot connect to Unity Package Manager local server
Mono: successfully reloaded assembly
- Finished resetting the current domain, in  0.886 seconds
Domain Reload Profiling: 1390ms
	BeginReloadAssembly (169ms)
		ExecutionOrderSort (0ms)
		DisableScriptedObjects (6ms)
		BackupInstance (0ms)
		ReleaseScriptingObjects (0ms)
		CreateAndSetChildDomain (60ms)
	RebuildCommonClasses (45ms)
	RebuildNativeTypeToScriptingClass (10ms)
	initialDomainReloadingComplete (36ms)
	LoadAllAssembliesAndSetupDomain (243ms)
		LoadAssemblies (298ms)
		RebuildTransferFunctionScriptingTraits (0ms)
		AnalyzeDomain (13ms)
			TypeCache.Refresh (7ms)
				TypeCache.ScanAssembly (0ms)
			ScanForSourceGeneratedMonoScriptInfo (0ms)
			ResolveRequiredComponents (5ms)
	FinalizeReload (887ms)
		ReleaseScriptCaches (0ms)
		RebuildScriptCaches (0ms)
		SetupLoadedEditorAssemblies (491ms)
			LogAssemblyErrors (0ms)
			InitializePlatformSupportModulesInManaged (64ms)
			SetLoadedEditorAssemblies (9ms)
			RefreshPlugins (0ms)
			BeforeProcessingInitializeOnLoad (90ms)
			ProcessInitializeOnLoadAttributes (297ms)
			ProcessInitializeOnLoadMethodAttributes (24ms)
			AfterProcessingInitializeOnLoad (7ms)
			EditorAssembliesLoaded (0ms)
		ExecutionOrderSort2 (0ms)
		AwakeInstancesAfterBackupRestoration (6ms)
Refreshing native plugins compatible for Editor in 2.34 ms, found 1 plugins.
Preloading 0 native plugins for Editor in 0.00 ms.
Unloading 3177 Unused Serialized files (Serialized files now loaded: 0)
Unloading 30 unused Assets / (1.3 MB). Loaded Objects now: 3859.
Memory consumption went from 134.4 MB to 133.1 MB.
Total: 6.351883 ms (FindLiveObjects: 0.411061 ms CreateObjectMapping: 0.116110 ms MarkObjects: 4.424561 ms  DeleteObjects: 1.397991 ms)

Prepare: number of updated asset objects reloaded= 0
AssetImportParameters requested are different than current active one (requested -> active):
  custom:container-demuxer-ogg: 62fdf1f143b41e24485cea50d1cbac27 -> 
  custom:video-decoder-ogg-theora: a1e56fd34408186e4bbccfd4996cb3dc -> 
  custom:CustomObjectIndexerAttribute: 306bfa6df2d96854e1ebb52f3ddacab7 -> 
  custom:container-demuxer-webm: 4f35f7cbe854078d1ac9338744f61a02 -> 
  custom:container-muxer-webm: aa71ff27fc2769a1b78a27578f13a17b -> 
  custom:video-decoder-webm-vp8: 9c59270c3fd7afecdb556c50c9e8de78 -> 
  custom:SearchIndexIgnoredProperties: e643bd26f0fe6173181afceb89e7c659 -> 
  custom:AudioImporter_EditorPlatform: 2f0ff77a95e0ac474e3e8eeba4e2f7cb -> 
  custom:video-encoder-webm-vp8: eb34c28f22e8b96e1ab97ce403110664 -> 
  custom:audio-decoder-ogg-vorbis: bf7c407c2cedff20999df2af8eb42d56 -> 
  custom:audio-encoder-webm-vorbis: bf7c407c2cedff20999df2af8eb42d56 -> 
========================================================================
Received Prepare
Begin MonoManager ReloadAssembly
Symbol file LoadedFromMemory is not a mono symbol file
- Loaded All Assemblies, in  0.517 seconds
Refreshing native plugins compatible for Editor in 2.22 ms, found 1 plugins.
Native extension for LinuxStandalone target not found
Native extension for WindowsStandalone target not found
Native extension for WebGL target not found
[Package Manager] Server::EnsureServerProcessIsRunning -- launch failed, reason: Unity was launched with the -noUpm command-line argument
[Package Manager] UpmClient::Send -- Unable to send message (not connected to UPM process).
[Package Manager] Cannot connect to Unity Package Manager local server
Mono: successfully reloaded assembly
- Finished resetting the current domain, in  0.879 seconds
Domain Reload Profiling: 1395ms
	BeginReloadAssembly (163ms)
		ExecutionOrderSort (0ms)
		DisableScriptedObjects (6ms)
		BackupInstance (0ms)
		ReleaseScriptingObjects (0ms)
		CreateAndSetChildDomain (57ms)
	RebuildCommonClasses (51ms)
	RebuildNativeTypeToScriptingClass (10ms)
	initialDomainReloadingComplete (36ms)
	LoadAllAssembliesAndSetupDomain (255ms)
		LoadAssemblies (306ms)
		RebuildTransferFunctionScriptingTraits (0ms)
		AnalyzeDomain (15ms)
			TypeCache.Refresh (7ms)
				TypeCache.ScanAssembly (0ms)
			ScanForSourceGeneratedMonoScriptInfo (0ms)
			ResolveRequiredComponents (5ms)
	FinalizeReload (879ms)
		ReleaseScriptCaches (0ms)
		RebuildScriptCaches (0ms)
		SetupLoadedEditorAssemblies (475ms)
			LogAssemblyErrors (0ms)
			InitializePlatformSupportModulesInManaged (52ms)
			SetLoadedEditorAssemblies (7ms)
			RefreshPlugins (0ms)
			BeforeProcessingInitializeOnLoad (96ms)
			ProcessInitializeOnLoadAttributes (288ms)
			ProcessInitializeOnLoadMethodAttributes (24ms)
			AfterProcessingInitializeOnLoad (7ms)
			EditorAssembliesLoaded (0ms)
		ExecutionOrderSort2 (0ms)
		AwakeInstancesAfterBackupRestoration (6ms)
Refreshing native plugins compatible for Editor in 2.02 ms, found 1 plugins.
Preloading 0 native plugins for Editor in 0.00 ms.
Unloading 3177 Unused Serialized files (Serialized files now loaded: 0)
Unloading 30 unused Assets / (1.3 MB). Loaded Objects now: 3862.
Memory consumption went from 134.5 MB to 133.1 MB.
Total: 6.337172 ms (FindLiveObjects: 0.542880 ms CreateObjectMapping: 0.116110 ms MarkObjects: 4.466402 ms  DeleteObjects: 1.209850 ms)

Prepare: number of updated asset objects reloaded= 0
AssetImportParameters requested are different than current active one (requested -> active):
  custom:container-demuxer-ogg: 62fdf1f143b41e24485cea50d1cbac27 -> 
  custom:video-decoder-ogg-theora: a1e56fd34408186e4bbccfd4996cb3dc -> 
  custom:CustomObjectIndexerAttribute: 306bfa6df2d96854e1ebb52f3ddacab7 -> 
  custom:container-demuxer-webm: 4f35f7cbe854078d1ac9338744f61a02 -> 
  custom:container-muxer-webm: aa71ff27fc2769a1b78a27578f13a17b -> 
  custom:video-decoder-webm-vp8: 9c59270c3fd7afecdb556c50c9e8de78 -> 
  custom:SearchIndexIgnoredProperties: e643bd26f0fe6173181afceb89e7c659 -> 
  custom:AudioImporter_EditorPlatform: 2f0ff77a95e0ac474e3e8eeba4e2f7cb -> 
  custom:video-encoder-webm-vp8: eb34c28f22e8b96e1ab97ce403110664 -> 
  custom:audio-decoder-ogg-vorbis: bf7c407c2cedff20999df2af8eb42d56 -> 
  custom:audio-encoder-webm-vorbis: bf7c407c2cedff20999df2af8eb42d56 -> 
========================================================================
Received Import Request.
  Time since last request: 1609.931174 seconds.
  path: Assets/Scripts/LevelGenerator.cs
  artifactKey: Guid(954435e05ff95b3c58c15eed6f3b1df2) Importer(815301076,1909f56bfc062723c751e8b465ee728b)
Start importing Assets/Scripts/LevelGenerator.cs using Guid(954435e05ff95b3c58c15eed6f3b1df2) Importer(815301076,1909f56bfc062723c751e8b465ee728b)  -> (artifact id: '37de4801c9812084c6ec9791e5620a89') in 0.002281 seconds
Number of updated asset objects reloaded before import = 0
Number of asset objects unloaded after import = 0
========================================================================
Received Import Request.
  Time since last request: 151.502819 seconds.
  path: Assets/Scripts/LevelGenerator.cs
  artifactKey: Guid(954435e05ff95b3c58c15eed6f3b1df2) Importer(815301076,1909f56bfc062723c751e8b465ee728b)
Start importing Assets/Scripts/LevelGenerator.cs using Guid(954435e05ff95b3c58c15eed6f3b1df2) Importer(815301076,1909f56bfc062723c751e8b465ee728b)  -> (artifact id: '3893f58533d4009e065223c83801a08b') in 0.000590 seconds
Number of updated asset objects reloaded before import = 0
Number of asset objects unloaded after import = 0
========================================================================
Received Prepare
Begin MonoManager ReloadAssembly
Symbol file LoadedFromMemory is not a mono symbol file
- Loaded All Assemblies, in  0.521 seconds
Refreshing native plugins compatible for Editor in 2.25 ms, found 1 plugins.
Native extension for LinuxStandalone target not found
Native extension for WindowsStandalone target not found
Native extension for WebGL target not found
[Package Manager] Server::EnsureServerProcessIsRunning -- launch failed, reason: Unity was launched with the -noUpm command-line argument
[Package Manager] UpmClient::Send -- Unable to send message (not connected to UPM process).
[Package Manager] Cannot connect to Unity Package Manager local server
Mono: successfully reloaded assembly
- Finished resetting the current domain, in  0.877 seconds
Domain Reload Profiling: 1398ms
	BeginReloadAssembly (179ms)
		ExecutionOrderSort (0ms)
		DisableScriptedObjects (6ms)
		BackupInstance (0ms)
		ReleaseScriptingObjects (0ms)
		CreateAndSetChildDomain (59ms)
	RebuildCommonClasses (46ms)
	RebuildNativeTypeToScriptingClass (9ms)
	initialDomainReloadingComplete (35ms)
	LoadAllAssembliesAndSetupDomain (251ms)
		LoadAssemblies (304ms)
		RebuildTransferFunctionScriptingTraits (0ms)
		AnalyzeDomain (25ms)
			TypeCache.Refresh (10ms)
				TypeCache.ScanAssembly (0ms)
			ScanForSourceGeneratedMonoScriptInfo (9ms)
			ResolveRequiredComponents (4ms)
	FinalizeReload (878ms)
		ReleaseScriptCaches (0ms)
		RebuildScriptCaches (0ms)
		SetupLoadedEditorAssemblies (480ms)
			LogAssemblyErrors (0ms)
			InitializePlatformSupportModulesInManaged (52ms)
			SetLoadedEditorAssemblies (7ms)
			RefreshPlugins (0ms)
			BeforeProcessingInitializeOnLoad (79ms)
			ProcessInitializeOnLoadAttributes (306ms)
			ProcessInitializeOnLoadMethodAttributes (27ms)
			AfterProcessingInitializeOnLoad (7ms)
			EditorAssembliesLoaded (0ms)
		ExecutionOrderSort2 (0ms)
		AwakeInstancesAfterBackupRestoration (7ms)
Refreshing native plugins compatible for Editor in 2.22 ms, found 1 plugins.
Preloading 0 native plugins for Editor in 0.00 ms.
Unloading 3177 Unused Serialized files (Serialized files now loaded: 0)
Unloading 30 unused Assets / (1.3 MB). Loaded Objects now: 3865.
Memory consumption went from 134.5 MB to 133.1 MB.
Total: 6.722693 ms (FindLiveObjects: 0.456851 ms CreateObjectMapping: 0.103350 ms MarkObjects: 4.475431 ms  DeleteObjects: 1.684611 ms)

Prepare: number of updated asset objects reloaded= 0
AssetImportParameters requested are different than current active one (requested -> active):
  custom:container-demuxer-ogg: 62fdf1f143b41e24485cea50d1cbac27 -> 
  custom:video-decoder-ogg-theora: a1e56fd34408186e4bbccfd4996cb3dc -> 
  custom:CustomObjectIndexerAttribute: 306bfa6df2d96854e1ebb52f3ddacab7 -> 
  custom:container-demuxer-webm: 4f35f7cbe854078d1ac9338744f61a02 -> 
  custom:container-muxer-webm: aa71ff27fc2769a1b78a27578f13a17b -> 
  custom:video-decoder-webm-vp8: 9c59270c3fd7afecdb556c50c9e8de78 -> 
  custom:SearchIndexIgnoredProperties: e643bd26f0fe6173181afceb89e7c659 -> 
  custom:AudioImporter_EditorPlatform: 2f0ff77a95e0ac474e3e8eeba4e2f7cb -> 
  custom:video-encoder-webm-vp8: eb34c28f22e8b96e1ab97ce403110664 -> 
  custom:audio-decoder-ogg-vorbis: bf7c407c2cedff20999df2af8eb42d56 -> 
  custom:audio-encoder-webm-vorbis: bf7c407c2cedff20999df2af8eb42d56 -> 
========================================================================
Received Import Request.
  Time since last request: 16.144589 seconds.
  path: Assets/Scripts/LevelGenerator.cs
  artifactKey: Guid(954435e05ff95b3c58c15eed6f3b1df2) Importer(815301076,1909f56bfc062723c751e8b465ee728b)
Start importing Assets/Scripts/LevelGenerator.cs using Guid(954435e05ff95b3c58c15eed6f3b1df2) Importer(815301076,1909f56bfc062723c751e8b465ee728b)  -> (artifact id: '1e5e03a9ce337858df23c1746d8689f8') in 0.002595 seconds
Number of updated asset objects reloaded before import = 0
Number of asset objects unloaded after import = 0
========================================================================
Received Import Request.
  Time since last request: 8.046787 seconds.
  path: Assets/Models/Printer/PrinterGreenPLAToyBricks/Brick Green.mat
  artifactKey: Guid(c90e3e5a4228c9e5386b61003ae41b29) Importer(815301076,1909f56bfc062723c751e8b465ee728b)
Start importing Assets/Models/Printer/PrinterGreenPLAToyBricks/Brick Green.mat using Guid(c90e3e5a4228c9e5386b61003ae41b29) Importer(815301076,1909f56bfc062723c751e8b465ee728b)  -> (artifact id: 'cc6aa2dbd60362ff9504be4e76843231') in 0.103154 seconds
Number of updated asset objects reloaded before import = 0
Number of asset objects unloaded after import = 1
========================================================================
Received Import Request.
  Time since last request: 0.042300 seconds.
  path: Assets/Models/Printer/PrinterYellowPLAToySteamroller/Steamroller Materials/Joystick Red.mat
  artifactKey: Guid(90bc22b3153ee951ead2f94512292e88) Importer(815301076,1909f56bfc062723c751e8b465ee728b)
Start importing Assets/Models/Printer/PrinterYellowPLAToySteamroller/Steamroller Materials/Joystick Red.mat using Guid(90bc22b3153ee951ead2f94512292e88) Importer(815301076,1909f56bfc062723c751e8b465ee728b)  -> (artifact id: '928353dce1b424d6ff0603789a9fc31b') in 0.010770 seconds
Number of updated asset objects reloaded before import = 0
Number of asset objects unloaded after import = 1
========================================================================
Received Import Request.
  Time since last request: 0.000564 seconds.
  path: Assets/Models/Printer/PrinterYellowPLAToySteamroller/Steamroller Materials/Exhaust Grey.mat
  artifactKey: Guid(d7bb9aff20e28e9c0b0466e9f67edde8) Importer(815301076,1909f56bfc062723c751e8b465ee728b)
Start importing Assets/Models/Printer/PrinterYellowPLAToySteamroller/Steamroller Materials/Exhaust Grey.mat using Guid(d7bb9aff20e28e9c0b0466e9f67edde8) Importer(815301076,1909f56bfc062723c751e8b465ee728b)  -> (artifact id: 'db8b246cf3ccd6b390d16a8fd6f27721') in 0.009386 seconds
Number of updated asset objects reloaded before import = 0
Number of asset objects unloaded after import = 1
========================================================================
Received Import Request.
  Time since last request: 0.016070 seconds.
  path: Assets/Models/Printer/PrinterYellowPLAToySteamroller/Steamroller Materials/Light Red.mat
  artifactKey: Guid(044812f45cba9498298be7126dee1dfc) Importer(815301076,1909f56bfc062723c751e8b465ee728b)
Start importing Assets/Models/Printer/PrinterYellowPLAToySteamroller/Steamroller Materials/Light Red.mat using Guid(044812f45cba9498298be7126dee1dfc) Importer(815301076,1909f56bfc062723c751e8b465ee728b)  -> (artifact id: 'c692ea3a2bc33e68d32f766202aa1589') in 0.008968 seconds
Number of updated asset objects reloaded before import = 0
Number of asset objects unloaded after import = 1
========================================================================
Received Import Request.
  Time since last request: 0.049146 seconds.
  path: Assets/Models/Printer/PrinterYellowPLAToySteamroller/Steamroller Materials/Roller Grey.mat
  artifactKey: Guid(0948d020c700b35cdab7a0ea18848601) Importer(815301076,1909f56bfc062723c751e8b465ee728b)
Start importing Assets/Models/Printer/PrinterYellowPLAToySteamroller/Steamroller Materials/Roller Grey.mat using Guid(0948d020c700b35cdab7a0ea18848601) Importer(815301076,1909f56bfc062723c751e8b465ee728b)  -> (artifact id: '7e075285c9b929064c45d1983f9d1b01') in 0.010686 seconds
Number of updated asset objects reloaded before import = 0
Number of asset objects unloaded after import = 1
========================================================================
Received Import Request.
  Time since last request: 0.008811 seconds.
  path: Assets/Models/Printer/PrinterYellowPLAToySteamroller/Steamroller Materials/Tire Rim Yellow.mat
  artifactKey: Guid(49c4b9e91872d2effa13068dc8edca1a) Importer(815301076,1909f56bfc062723c751e8b465ee728b)
Start importing Assets/Models/Printer/PrinterYellowPLAToySteamroller/Steamroller Materials/Tire Rim Yellow.mat using Guid(49c4b9e91872d2effa13068dc8edca1a) Importer(815301076,1909f56bfc062723c751e8b465ee728b)  -> (artifact id: '4b9139be73a862f4a654075cd4c24c5e') in 0.009341 seconds
Number of updated asset objects reloaded before import = 0
Number of asset objects unloaded after import = 1
========================================================================
Received Import Request.
  Time since last request: 0.016822 seconds.
  path: Assets/Models/Printer/PrinterYellowPLAToySteamroller/Steamroller Materials/Window Glass.mat
  artifactKey: Guid(1d86c369234d4ab74831e497182e2b92) Importer(815301076,1909f56bfc062723c751e8b465ee728b)
Start importing Assets/Models/Printer/PrinterYellowPLAToySteamroller/Steamroller Materials/Window Glass.mat using Guid(1d86c369234d4ab74831e497182e2b92) Importer(815301076,1909f56bfc062723c751e8b465ee728b)  -> (artifact id: '2ebe41da1acb912e488611f43bfcd5ba') in 0.008032 seconds
Number of updated asset objects reloaded before import = 0
Number of asset objects unloaded after import = 1
========================================================================
Received Prepare
Begin MonoManager ReloadAssembly
Symbol file LoadedFromMemory is not a mono symbol file
- Loaded All Assemblies, in  0.519 seconds
Refreshing native plugins compatible for Editor in 2.14 ms, found 1 plugins.
Native extension for LinuxStandalone target not found
Native extension for WindowsStandalone target not found
Native extension for WebGL target not found
[Package Manager] Server::EnsureServerProcessIsRunning -- launch failed, reason: Unity was launched with the -noUpm command-line argument
[Package Manager] UpmClient::Send -- Unable to send message (not connected to UPM process).
[Package Manager] Cannot connect to Unity Package Manager local server
Mono: successfully reloaded assembly
- Finished resetting the current domain, in  0.886 seconds
Domain Reload Profiling: 1404ms
	BeginReloadAssembly (173ms)
		ExecutionOrderSort (0ms)
		DisableScriptedObjects (5ms)
		BackupInstance (0ms)
		ReleaseScriptingObjects (0ms)
		CreateAndSetChildDomain (67ms)
	RebuildCommonClasses (45ms)
	RebuildNativeTypeToScriptingClass (10ms)
	initialDomainReloadingComplete (37ms)
	LoadAllAssembliesAndSetupDomain (252ms)
		LoadAssemblies (299ms)
		RebuildTransferFunctionScriptingTraits (0ms)
		AnalyzeDomain (18ms)
			TypeCache.Refresh (9ms)
				TypeCache.ScanAssembly (0ms)
			ScanForSourceGeneratedMonoScriptInfo (0ms)
			ResolveRequiredComponents (6ms)
	FinalizeReload (887ms)
		ReleaseScriptCaches (0ms)
		RebuildScriptCaches (0ms)
		SetupLoadedEditorAssemblies (477ms)
			LogAssemblyErrors (0ms)
			InitializePlatformSupportModulesInManaged (61ms)
			SetLoadedEditorAssemblies (9ms)
			RefreshPlugins (0ms)
			BeforeProcessingInitializeOnLoad (82ms)
			ProcessInitializeOnLoadAttributes (294ms)
			ProcessInitializeOnLoadMethodAttributes (24ms)
			AfterProcessingInitializeOnLoad (7ms)
			EditorAssembliesLoaded (0ms)
		ExecutionOrderSort2 (0ms)
		AwakeInstancesAfterBackupRestoration (6ms)
Refreshing native plugins compatible for Editor in 2.31 ms, found 1 plugins.
Preloading 0 native plugins for Editor in 0.00 ms.
Unloading 3177 Unused Serialized files (Serialized files now loaded: 0)
Unloading 30 unused Assets / (1.3 MB). Loaded Objects now: 3868.
Memory consumption went from 134.4 MB to 133.1 MB.
Total: 5.505481 ms (FindLiveObjects: 0.406280 ms CreateObjectMapping: 0.117530 ms MarkObjects: 3.704631 ms  DeleteObjects: 1.275530 ms)

Prepare: number of updated asset objects reloaded= 0
AssetImportParameters requested are different than current active one (requested -> active):
  custom:container-demuxer-ogg: 62fdf1f143b41e24485cea50d1cbac27 -> 
  custom:video-decoder-ogg-theora: a1e56fd34408186e4bbccfd4996cb3dc -> 
  custom:CustomObjectIndexerAttribute: 306bfa6df2d96854e1ebb52f3ddacab7 -> 
  custom:container-demuxer-webm: 4f35f7cbe854078d1ac9338744f61a02 -> 
  custom:container-muxer-webm: aa71ff27fc2769a1b78a27578f13a17b -> 
  custom:video-decoder-webm-vp8: 9c59270c3fd7afecdb556c50c9e8de78 -> 
  custom:SearchIndexIgnoredProperties: e643bd26f0fe6173181afceb89e7c659 -> 
  custom:AudioImporter_EditorPlatform: 2f0ff77a95e0ac474e3e8eeba4e2f7cb -> 
  custom:video-encoder-webm-vp8: eb34c28f22e8b96e1ab97ce403110664 -> 
  custom:audio-decoder-ogg-vorbis: bf7c407c2cedff20999df2af8eb42d56 -> 
  custom:audio-encoder-webm-vorbis: bf7c407c2cedff20999df2af8eb42d56 -> 
========================================================================
Received Prepare
Begin MonoManager ReloadAssembly
Symbol file LoadedFromMemory is not a mono symbol file
- Loaded All Assemblies, in  0.528 seconds
Refreshing native plugins compatible for Editor in 2.15 ms, found 1 plugins.
Native extension for LinuxStandalone target not found
Native extension for WindowsStandalone target not found
Native extension for WebGL target not found
[Package Manager] Server::EnsureServerProcessIsRunning -- launch failed, reason: Unity was launched with the -noUpm command-line argument
[Package Manager] UpmClient::Send -- Unable to send message (not connected to UPM process).
[Package Manager] Cannot connect to Unity Package Manager local server
Mono: successfully reloaded assembly
- Finished resetting the current domain, in  0.830 seconds
Domain Reload Profiling: 1357ms
	BeginReloadAssembly (179ms)
		ExecutionOrderSort (0ms)
		DisableScriptedObjects (7ms)
		BackupInstance (0ms)
		ReleaseScriptingObjects (0ms)
		CreateAndSetChildDomain (68ms)
	RebuildCommonClasses (46ms)
	RebuildNativeTypeToScriptingClass (10ms)
	initialDomainReloadingComplete (37ms)
	LoadAllAssembliesAndSetupDomain (255ms)
		LoadAssemblies (293ms)
		RebuildTransferFunctionScriptingTraits (0ms)
		AnalyzeDomain (26ms)
			TypeCache.Refresh (10ms)
				TypeCache.ScanAssembly (0ms)
			ScanForSourceGeneratedMonoScriptInfo (9ms)
			ResolveRequiredComponents (5ms)
	FinalizeReload (830ms)
		ReleaseScriptCaches (0ms)
		RebuildScriptCaches (0ms)
		SetupLoadedEditorAssemblies (446ms)
			LogAssemblyErrors (0ms)
			InitializePlatformSupportModulesInManaged (50ms)
			SetLoadedEditorAssemblies (7ms)
			RefreshPlugins (0ms)
			BeforeProcessingInitializeOnLoad (77ms)
			ProcessInitializeOnLoadAttributes (281ms)
			ProcessInitializeOnLoadMethodAttributes (24ms)
			AfterProcessingInitializeOnLoad (7ms)
			EditorAssembliesLoaded (0ms)
		ExecutionOrderSort2 (0ms)
		AwakeInstancesAfterBackupRestoration (6ms)
Refreshing native plugins compatible for Editor in 2.07 ms, found 1 plugins.
Preloading 0 native plugins for Editor in 0.00 ms.
Unloading 3177 Unused Serialized files (Serialized files now loaded: 0)
Unloading 30 unused Assets / (1.3 MB). Loaded Objects now: 3871.
Memory consumption went from 134.5 MB to 133.2 MB.
Total: 5.379602 ms (FindLiveObjects: 0.518291 ms CreateObjectMapping: 0.102630 ms MarkObjects: 3.608521 ms  DeleteObjects: 1.147600 ms)

Prepare: number of updated asset objects reloaded= 0
AssetImportParameters requested are different than current active one (requested -> active):
  custom:container-demuxer-ogg: 62fdf1f143b41e24485cea50d1cbac27 -> 
  custom:video-decoder-ogg-theora: a1e56fd34408186e4bbccfd4996cb3dc -> 
  custom:CustomObjectIndexerAttribute: 306bfa6df2d96854e1ebb52f3ddacab7 -> 
  custom:container-demuxer-webm: 4f35f7cbe854078d1ac9338744f61a02 -> 
  custom:container-muxer-webm: aa71ff27fc2769a1b78a27578f13a17b -> 
  custom:video-decoder-webm-vp8: 9c59270c3fd7afecdb556c50c9e8de78 -> 
  custom:SearchIndexIgnoredProperties: e643bd26f0fe6173181afceb89e7c659 -> 
  custom:AudioImporter_EditorPlatform: 2f0ff77a95e0ac474e3e8eeba4e2f7cb -> 
  custom:video-encoder-webm-vp8: eb34c28f22e8b96e1ab97ce403110664 -> 
  custom:audio-decoder-ogg-vorbis: bf7c407c2cedff20999df2af8eb42d56 -> 
  custom:audio-encoder-webm-vorbis: bf7c407c2cedff20999df2af8eb42d56 -> 
========================================================================
Received Prepare
Begin MonoManager ReloadAssembly
Symbol file LoadedFromMemory is not a mono symbol file
- Loaded All Assemblies, in  0.497 seconds
Refreshing native plugins compatible for Editor in 2.14 ms, found 1 plugins.
Native extension for LinuxStandalone target not found
Native extension for WindowsStandalone target not found
Native extension for WebGL target not found
[Package Manager] Server::EnsureServerProcessIsRunning -- launch failed, reason: Unity was launched with the -noUpm command-line argument
[Package Manager] UpmClient::Send -- Unable to send message (not connected to UPM process).
[Package Manager] Cannot connect to Unity Package Manager local server
Mono: successfully reloaded assembly
- Finished resetting the current domain, in  0.855 seconds
Domain Reload Profiling: 1352ms
	BeginReloadAssembly (173ms)
		ExecutionOrderSort (0ms)
		DisableScriptedObjects (6ms)
		BackupInstance (0ms)
		ReleaseScriptingObjects (0ms)
		CreateAndSetChildDomain (61ms)
	RebuildCommonClasses (45ms)
	RebuildNativeTypeToScriptingClass (9ms)
	initialDomainReloadingComplete (37ms)
	LoadAllAssembliesAndSetupDomain (231ms)
		LoadAssemblies (284ms)
		RebuildTransferFunctionScriptingTraits (0ms)
		AnalyzeDomain (14ms)
			TypeCache.Refresh (7ms)
				TypeCache.ScanAssembly (0ms)
			ScanForSourceGeneratedMonoScriptInfo (0ms)
			ResolveRequiredComponents (5ms)
	FinalizeReload (856ms)
		ReleaseScriptCaches (0ms)
		RebuildScriptCaches (0ms)
		SetupLoadedEditorAssemblies (467ms)
			LogAssemblyErrors (0ms)
			InitializePlatformSupportModulesInManaged (50ms)
			SetLoadedEditorAssemblies (7ms)
			RefreshPlugins (0ms)
			BeforeProcessingInitializeOnLoad (94ms)
			ProcessInitializeOnLoadAttributes (286ms)
			ProcessInitializeOnLoadMethodAttributes (24ms)
			AfterProcessingInitializeOnLoad (7ms)
			EditorAssembliesLoaded (0ms)
		ExecutionOrderSort2 (0ms)
		AwakeInstancesAfterBackupRestoration (6ms)
Refreshing native plugins compatible for Editor in 2.04 ms, found 1 plugins.
Preloading 0 native plugins for Editor in 0.00 ms.
Unloading 3177 Unused Serialized files (Serialized files now loaded: 0)
Unloading 30 unused Assets / (1.3 MB). Loaded Objects now: 3874.
Memory consumption went from 134.5 MB to 133.2 MB.
Total: 5.553072 ms (FindLiveObjects: 0.490821 ms CreateObjectMapping: 0.129160 ms MarkObjects: 3.824181 ms  DeleteObjects: 1.106710 ms)

Prepare: number of updated asset objects reloaded= 0
AssetImportParameters requested are different than current active one (requested -> active):
  custom:container-demuxer-ogg: 62fdf1f143b41e24485cea50d1cbac27 -> 
  custom:video-decoder-ogg-theora: a1e56fd34408186e4bbccfd4996cb3dc -> 
  custom:CustomObjectIndexerAttribute: 306bfa6df2d96854e1ebb52f3ddacab7 -> 
  custom:container-demuxer-webm: 4f35f7cbe854078d1ac9338744f61a02 -> 
  custom:container-muxer-webm: aa71ff27fc2769a1b78a27578f13a17b -> 
  custom:video-decoder-webm-vp8: 9c59270c3fd7afecdb556c50c9e8de78 -> 
  custom:SearchIndexIgnoredProperties: e643bd26f0fe6173181afceb89e7c659 -> 
  custom:AudioImporter_EditorPlatform: 2f0ff77a95e0ac474e3e8eeba4e2f7cb -> 
  custom:video-encoder-webm-vp8: eb34c28f22e8b96e1ab97ce403110664 -> 
  custom:audio-decoder-ogg-vorbis: bf7c407c2cedff20999df2af8eb42d56 -> 
  custom:audio-encoder-webm-vorbis: bf7c407c2cedff20999df2af8eb42d56 -> 
========================================================================
Received Prepare
Begin MonoManager ReloadAssembly
Symbol file LoadedFromMemory is not a mono symbol file
- Loaded All Assemblies, in  0.507 seconds
Refreshing native plugins compatible for Editor in 2.21 ms, found 1 plugins.
Native extension for LinuxStandalone target not found
Native extension for WindowsStandalone target not found
Native extension for WebGL target not found
[Package Manager] Server::EnsureServerProcessIsRunning -- launch failed, reason: Unity was launched with the -noUpm command-line argument
[Package Manager] UpmClient::Send -- Unable to send message (not connected to UPM process).
[Package Manager] Cannot connect to Unity Package Manager local server
Mono: successfully reloaded assembly
- Finished resetting the current domain, in  0.851 seconds
Domain Reload Profiling: 1357ms
	BeginReloadAssembly (154ms)
		ExecutionOrderSort (0ms)
		DisableScriptedObjects (6ms)
		BackupInstance (0ms)
		ReleaseScriptingObjects (0ms)
		CreateAndSetChildDomain (53ms)
	RebuildCommonClasses (42ms)
	RebuildNativeTypeToScriptingClass (9ms)
	initialDomainReloadingComplete (35ms)
	LoadAllAssembliesAndSetupDomain (265ms)
		LoadAssemblies (300ms)
		RebuildTransferFunctionScriptingTraits (0ms)
		AnalyzeDomain (26ms)
			TypeCache.Refresh (10ms)
				TypeCache.ScanAssembly (0ms)
			ScanForSourceGeneratedMonoScriptInfo (9ms)
			ResolveRequiredComponents (4ms)
	FinalizeReload (852ms)
		ReleaseScriptCaches (0ms)
		RebuildScriptCaches (0ms)
		SetupLoadedEditorAssemblies (477ms)
			LogAssemblyErrors (0ms)
			InitializePlatformSupportModulesInManaged (58ms)
			SetLoadedEditorAssemblies (8ms)
			RefreshPlugins (0ms)
			BeforeProcessingInitializeOnLoad (84ms)
			ProcessInitializeOnLoadAttributes (294ms)
			ProcessInitializeOnLoadMethodAttributes (25ms)
			AfterProcessingInitializeOnLoad (7ms)
			EditorAssembliesLoaded (0ms)
		ExecutionOrderSort2 (0ms)
		AwakeInstancesAfterBackupRestoration (7ms)
Refreshing native plugins compatible for Editor in 2.14 ms, found 1 plugins.
Preloading 0 native plugins for Editor in 0.00 ms.
Unloading 3177 Unused Serialized files (Serialized files now loaded: 0)
Unloading 30 unused Assets / (1.3 MB). Loaded Objects now: 3877.
Memory consumption went from 134.5 MB to 133.2 MB.
Total: 5.852462 ms (FindLiveObjects: 0.396951 ms CreateObjectMapping: 0.099180 ms MarkObjects: 4.145941 ms  DeleteObjects: 1.208230 ms)

Prepare: number of updated asset objects reloaded= 0
AssetImportParameters requested are different than current active one (requested -> active):
  custom:container-demuxer-ogg: 62fdf1f143b41e24485cea50d1cbac27 -> 
  custom:video-decoder-ogg-theora: a1e56fd34408186e4bbccfd4996cb3dc -> 
  custom:CustomObjectIndexerAttribute: 306bfa6df2d96854e1ebb52f3ddacab7 -> 
  custom:container-demuxer-webm: 4f35f7cbe854078d1ac9338744f61a02 -> 
  custom:container-muxer-webm: aa71ff27fc2769a1b78a27578f13a17b -> 
  custom:video-decoder-webm-vp8: 9c59270c3fd7afecdb556c50c9e8de78 -> 
  custom:SearchIndexIgnoredProperties: e643bd26f0fe6173181afceb89e7c659 -> 
  custom:AudioImporter_EditorPlatform: 2f0ff77a95e0ac474e3e8eeba4e2f7cb -> 
  custom:video-encoder-webm-vp8: eb34c28f22e8b96e1ab97ce403110664 -> 
  custom:audio-decoder-ogg-vorbis: bf7c407c2cedff20999df2af8eb42d56 -> 
  custom:audio-encoder-webm-vorbis: bf7c407c2cedff20999df2af8eb42d56 -> 
========================================================================
Received Prepare
Begin MonoManager ReloadAssembly
Symbol file LoadedFromMemory is not a mono symbol file
- Loaded All Assemblies, in  0.511 seconds
Refreshing native plugins compatible for Editor in 2.23 ms, found 1 plugins.
Native extension for LinuxStandalone target not found
Native extension for WindowsStandalone target not found
Native extension for WebGL target not found
[Package Manager] Server::EnsureServerProcessIsRunning -- launch failed, reason: Unity was launched with the -noUpm command-line argument
[Package Manager] UpmClient::Send -- Unable to send message (not connected to UPM process).
[Package Manager] Cannot connect to Unity Package Manager local server
Mono: successfully reloaded assembly
- Finished resetting the current domain, in  0.865 seconds
Domain Reload Profiling: 1376ms
	BeginReloadAssembly (183ms)
		ExecutionOrderSort (0ms)
		DisableScriptedObjects (6ms)
		BackupInstance (0ms)
		ReleaseScriptingObjects (0ms)
		CreateAndSetChildDomain (75ms)
	RebuildCommonClasses (45ms)
	RebuildNativeTypeToScriptingClass (10ms)
	initialDomainReloadingComplete (38ms)
	LoadAllAssembliesAndSetupDomain (234ms)
		LoadAssemblies (287ms)
		RebuildTransferFunctionScriptingTraits (0ms)
		AnalyzeDomain (14ms)
			TypeCache.Refresh (7ms)
				TypeCache.ScanAssembly (0ms)
			ScanForSourceGeneratedMonoScriptInfo (0ms)
			ResolveRequiredComponents (5ms)
	FinalizeReload (865ms)
		ReleaseScriptCaches (0ms)
		RebuildScriptCaches (0ms)
		SetupLoadedEditorAssemblies (467ms)
			LogAssemblyErrors (0ms)
			InitializePlatformSupportModulesInManaged (57ms)
			SetLoadedEditorAssemblies (7ms)
			RefreshPlugins (0ms)
			BeforeProcessingInitializeOnLoad (77ms)
			ProcessInitializeOnLoadAttributes (295ms)
			ProcessInitializeOnLoadMethodAttributes (23ms)
			AfterProcessingInitializeOnLoad (7ms)
			EditorAssembliesLoaded (0ms)
		ExecutionOrderSort2 (0ms)
		AwakeInstancesAfterBackupRestoration (6ms)
Refreshing native plugins compatible for Editor in 2.12 ms, found 1 plugins.
Preloading 0 native plugins for Editor in 0.00 ms.
Unloading 3177 Unused Serialized files (Serialized files now loaded: 0)
Unloading 30 unused Assets / (1.3 MB). Loaded Objects now: 3880.
Memory consumption went from 134.5 MB to 133.2 MB.
Total: 5.684572 ms (FindLiveObjects: 0.390320 ms CreateObjectMapping: 0.098910 ms MarkObjects: 4.026861 ms  DeleteObjects: 1.167021 ms)

Prepare: number of updated asset objects reloaded= 0
AssetImportParameters requested are different than current active one (requested -> active):
  custom:container-demuxer-ogg: 62fdf1f143b41e24485cea50d1cbac27 -> 
  custom:video-decoder-ogg-theora: a1e56fd34408186e4bbccfd4996cb3dc -> 
  custom:CustomObjectIndexerAttribute: 306bfa6df2d96854e1ebb52f3ddacab7 -> 
  custom:container-demuxer-webm: 4f35f7cbe854078d1ac9338744f61a02 -> 
  custom:container-muxer-webm: aa71ff27fc2769a1b78a27578f13a17b -> 
  custom:video-decoder-webm-vp8: 9c59270c3fd7afecdb556c50c9e8de78 -> 
  custom:SearchIndexIgnoredProperties: e643bd26f0fe6173181afceb89e7c659 -> 
  custom:AudioImporter_EditorPlatform: 2f0ff77a95e0ac474e3e8eeba4e2f7cb -> 
  custom:video-encoder-webm-vp8: eb34c28f22e8b96e1ab97ce403110664 -> 
  custom:audio-decoder-ogg-vorbis: bf7c407c2cedff20999df2af8eb42d56 -> 
  custom:audio-encoder-webm-vorbis: bf7c407c2cedff20999df2af8eb42d56 -> 
========================================================================
Received Prepare
Begin MonoManager ReloadAssembly
Symbol file LoadedFromMemory is not a mono symbol file
- Loaded All Assemblies, in  0.514 seconds
Refreshing native plugins compatible for Editor in 2.15 ms, found 1 plugins.
Native extension for LinuxStandalone target not found
Native extension for WindowsStandalone target not found
Native extension for WebGL target not found
[Package Manager] Server::EnsureServerProcessIsRunning -- launch failed, reason: Unity was launched with the -noUpm command-line argument
[Package Manager] UpmClient::Send -- Unable to send message (not connected to UPM process).
[Package Manager] Cannot connect to Unity Package Manager local server
Mono: successfully reloaded assembly
- Finished resetting the current domain, in  0.854 seconds
Domain Reload Profiling: 1367ms
	BeginReloadAssembly (172ms)
		ExecutionOrderSort (0ms)
		DisableScriptedObjects (6ms)
		BackupInstance (0ms)
		ReleaseScriptingObjects (0ms)
		CreateAndSetChildDomain (66ms)
	RebuildCommonClasses (43ms)
	RebuildNativeTypeToScriptingClass (10ms)
	initialDomainReloadingComplete (37ms)
	LoadAllAssembliesAndSetupDomain (251ms)
		LoadAssemblies (289ms)
		RebuildTransferFunctionScriptingTraits (0ms)
		AnalyzeDomain (25ms)
			TypeCache.Refresh (10ms)
				TypeCache.ScanAssembly (0ms)
			ScanForSourceGeneratedMonoScriptInfo (8ms)
			ResolveRequiredComponents (5ms)
	FinalizeReload (854ms)
		ReleaseScriptCaches (0ms)
		RebuildScriptCaches (0ms)
		SetupLoadedEditorAssemblies (468ms)
			LogAssemblyErrors (0ms)
			InitializePlatformSupportModulesInManaged (48ms)
			SetLoadedEditorAssemblies (7ms)
			RefreshPlugins (0ms)
			BeforeProcessingInitializeOnLoad (81ms)
			ProcessInitializeOnLoadAttributes (298ms)
			ProcessInitializeOnLoadMethodAttributes (26ms)
			AfterProcessingInitializeOnLoad (7ms)
			EditorAssembliesLoaded (0ms)
		ExecutionOrderSort2 (0ms)
		AwakeInstancesAfterBackupRestoration (6ms)
Refreshing native plugins compatible for Editor in 2.06 ms, found 1 plugins.
Preloading 0 native plugins for Editor in 0.00 ms.
Unloading 3177 Unused Serialized files (Serialized files now loaded: 0)
Unloading 30 unused Assets / (1.3 MB). Loaded Objects now: 3883.
Memory consumption went from 134.4 MB to 133.2 MB.
Total: 5.507662 ms (FindLiveObjects: 0.404320 ms CreateObjectMapping: 0.097540 ms MarkObjects: 3.912871 ms  DeleteObjects: 1.090541 ms)

Prepare: number of updated asset objects reloaded= 0
AssetImportParameters requested are different than current active one (requested -> active):
  custom:container-demuxer-ogg: 62fdf1f143b41e24485cea50d1cbac27 -> 
  custom:video-decoder-ogg-theora: a1e56fd34408186e4bbccfd4996cb3dc -> 
  custom:CustomObjectIndexerAttribute: 306bfa6df2d96854e1ebb52f3ddacab7 -> 
  custom:container-demuxer-webm: 4f35f7cbe854078d1ac9338744f61a02 -> 
  custom:container-muxer-webm: aa71ff27fc2769a1b78a27578f13a17b -> 
  custom:video-decoder-webm-vp8: 9c59270c3fd7afecdb556c50c9e8de78 -> 
  custom:SearchIndexIgnoredProperties: e643bd26f0fe6173181afceb89e7c659 -> 
  custom:AudioImporter_EditorPlatform: 2f0ff77a95e0ac474e3e8eeba4e2f7cb -> 
  custom:video-encoder-webm-vp8: eb34c28f22e8b96e1ab97ce403110664 -> 
  custom:audio-decoder-ogg-vorbis: bf7c407c2cedff20999df2af8eb42d56 -> 
  custom:audio-encoder-webm-vorbis: bf7c407c2cedff20999df2af8eb42d56 -> 
========================================================================
Received Prepare
Begin MonoManager ReloadAssembly
Symbol file LoadedFromMemory is not a mono symbol file
- Loaded All Assemblies, in  0.519 seconds
Refreshing native plugins compatible for Editor in 2.16 ms, found 1 plugins.
Native extension for LinuxStandalone target not found
Native extension for WindowsStandalone target not found
Native extension for WebGL target not found
[Package Manager] Server::EnsureServerProcessIsRunning -- launch failed, reason: Unity was launched with the -noUpm command-line argument
[Package Manager] UpmClient::Send -- Unable to send message (not connected to UPM process).
[Package Manager] Cannot connect to Unity Package Manager local server
Mono: successfully reloaded assembly
- Finished resetting the current domain, in  0.876 seconds
Domain Reload Profiling: 1395ms
	BeginReloadAssembly (182ms)
		ExecutionOrderSort (0ms)
		DisableScriptedObjects (6ms)
		BackupInstance (0ms)
		ReleaseScriptingObjects (0ms)
		CreateAndSetChildDomain (74ms)
	RebuildCommonClasses (44ms)
	RebuildNativeTypeToScriptingClass (10ms)
	initialDomainReloadingComplete (38ms)
	LoadAllAssembliesAndSetupDomain (244ms)
		LoadAssemblies (296ms)
		RebuildTransferFunctionScriptingTraits (0ms)
		AnalyzeDomain (14ms)
			TypeCache.Refresh (7ms)
				TypeCache.ScanAssembly (0ms)
			ScanForSourceGeneratedMonoScriptInfo (0ms)
			ResolveRequiredComponents (5ms)
	FinalizeReload (877ms)
		ReleaseScriptCaches (0ms)
		RebuildScriptCaches (0ms)
		SetupLoadedEditorAssemblies (467ms)
			LogAssemblyErrors (0ms)
			InitializePlatformSupportModulesInManaged (50ms)
			SetLoadedEditorAssemblies (7ms)
			RefreshPlugins (0ms)
			BeforeProcessingInitializeOnLoad (78ms)
			ProcessInitializeOnLoadAttributes (300ms)
			ProcessInitializeOnLoadMethodAttributes (24ms)
			AfterProcessingInitializeOnLoad (7ms)
			EditorAssembliesLoaded (0ms)
		ExecutionOrderSort2 (0ms)
		AwakeInstancesAfterBackupRestoration (7ms)
Refreshing native plugins compatible for Editor in 2.03 ms, found 1 plugins.
Preloading 0 native plugins for Editor in 0.00 ms.
Unloading 3177 Unused Serialized files (Serialized files now loaded: 0)
Unloading 30 unused Assets / (1.3 MB). Loaded Objects now: 3886.
Memory consumption went from 134.5 MB to 133.2 MB.
Total: 6.054863 ms (FindLiveObjects: 0.494451 ms CreateObjectMapping: 0.143570 ms MarkObjects: 4.230241 ms  DeleteObjects: 1.183301 ms)

Prepare: number of updated asset objects reloaded= 0
AssetImportParameters requested are different than current active one (requested -> active):
  custom:container-demuxer-ogg: 62fdf1f143b41e24485cea50d1cbac27 -> 
  custom:video-decoder-ogg-theora: a1e56fd34408186e4bbccfd4996cb3dc -> 
  custom:CustomObjectIndexerAttribute: 306bfa6df2d96854e1ebb52f3ddacab7 -> 
  custom:container-demuxer-webm: 4f35f7cbe854078d1ac9338744f61a02 -> 
  custom:container-muxer-webm: aa71ff27fc2769a1b78a27578f13a17b -> 
  custom:video-decoder-webm-vp8: 9c59270c3fd7afecdb556c50c9e8de78 -> 
  custom:SearchIndexIgnoredProperties: e643bd26f0fe6173181afceb89e7c659 -> 
  custom:AudioImporter_EditorPlatform: 2f0ff77a95e0ac474e3e8eeba4e2f7cb -> 
  custom:video-encoder-webm-vp8: eb34c28f22e8b96e1ab97ce403110664 -> 
  custom:audio-decoder-ogg-vorbis: bf7c407c2cedff20999df2af8eb42d56 -> 
  custom:audio-encoder-webm-vorbis: bf7c407c2cedff20999df2af8eb42d56 -> 
========================================================================
Received Prepare
Begin MonoManager ReloadAssembly
Symbol file LoadedFromMemory is not a mono symbol file
- Loaded All Assemblies, in  0.525 seconds
Refreshing native plugins compatible for Editor in 2.13 ms, found 1 plugins.
Native extension for LinuxStandalone target not found
Native extension for WindowsStandalone target not found
Native extension for WebGL target not found
[Package Manager] Server::EnsureServerProcessIsRunning -- launch failed, reason: Unity was launched with the -noUpm command-line argument
[Package Manager] UpmClient::Send -- Unable to send message (not connected to UPM process).
[Package Manager] Cannot connect to Unity Package Manager local server
Mono: successfully reloaded assembly
- Finished resetting the current domain, in  0.846 seconds
Domain Reload Profiling: 1370ms
	BeginReloadAssembly (168ms)
		ExecutionOrderSort (0ms)
		DisableScriptedObjects (6ms)
		BackupInstance (0ms)
		ReleaseScriptingObjects (0ms)
		CreateAndSetChildDomain (63ms)
	RebuildCommonClasses (45ms)
	RebuildNativeTypeToScriptingClass (10ms)
	initialDomainReloadingComplete (36ms)
	LoadAllAssembliesAndSetupDomain (265ms)
		LoadAssemblies (303ms)
		RebuildTransferFunctionScriptingTraits (0ms)
		AnalyzeDomain (25ms)
			TypeCache.Refresh (10ms)
				TypeCache.ScanAssembly (0ms)
			ScanForSourceGeneratedMonoScriptInfo (9ms)
			ResolveRequiredComponents (4ms)
	FinalizeReload (846ms)
		ReleaseScriptCaches (0ms)
		RebuildScriptCaches (0ms)
		SetupLoadedEditorAssemblies (463ms)
			LogAssemblyErrors (0ms)
			InitializePlatformSupportModulesInManaged (49ms)
			SetLoadedEditorAssemblies (9ms)
			RefreshPlugins (0ms)
			BeforeProcessingInitializeOnLoad (84ms)
			ProcessInitializeOnLoadAttributes (289ms)
			ProcessInitializeOnLoadMethodAttributes (24ms)
			AfterProcessingInitializeOnLoad (7ms)
			EditorAssembliesLoaded (0ms)
		ExecutionOrderSort2 (0ms)
		AwakeInstancesAfterBackupRestoration (7ms)
Refreshing native plugins compatible for Editor in 2.09 ms, found 1 plugins.
Preloading 0 native plugins for Editor in 0.00 ms.
Unloading 3177 Unused Serialized files (Serialized files now loaded: 0)
Unloading 30 unused Assets / (1.3 MB). Loaded Objects now: 3889.
Memory consumption went from 134.5 MB to 133.2 MB.
Total: 5.650472 ms (FindLiveObjects: 0.387590 ms CreateObjectMapping: 0.102830 ms MarkObjects: 4.022152 ms  DeleteObjects: 1.135710 ms)

Prepare: number of updated asset objects reloaded= 0
AssetImportParameters requested are different than current active one (requested -> active):
  custom:container-demuxer-ogg: 62fdf1f143b41e24485cea50d1cbac27 -> 
  custom:video-decoder-ogg-theora: a1e56fd34408186e4bbccfd4996cb3dc -> 
  custom:CustomObjectIndexerAttribute: 306bfa6df2d96854e1ebb52f3ddacab7 -> 
  custom:container-demuxer-webm: 4f35f7cbe854078d1ac9338744f61a02 -> 
  custom:container-muxer-webm: aa71ff27fc2769a1b78a27578f13a17b -> 
  custom:video-decoder-webm-vp8: 9c59270c3fd7afecdb556c50c9e8de78 -> 
  custom:SearchIndexIgnoredProperties: e643bd26f0fe6173181afceb89e7c659 -> 
  custom:AudioImporter_EditorPlatform: 2f0ff77a95e0ac474e3e8eeba4e2f7cb -> 
  custom:video-encoder-webm-vp8: eb34c28f22e8b96e1ab97ce403110664 -> 
  custom:audio-decoder-ogg-vorbis: bf7c407c2cedff20999df2af8eb42d56 -> 
  custom:audio-encoder-webm-vorbis: bf7c407c2cedff20999df2af8eb42d56 -> 
========================================================================
Received Prepare
Begin MonoManager ReloadAssembly
Symbol file LoadedFromMemory is not a mono symbol file
- Loaded All Assemblies, in  0.514 seconds
Refreshing native plugins compatible for Editor in 2.18 ms, found 1 plugins.
Native extension for LinuxStandalone target not found
Native extension for WindowsStandalone target not found
Native extension for WebGL target not found
[Package Manager] Server::EnsureServerProcessIsRunning -- launch failed, reason: Unity was launched with the -noUpm command-line argument
[Package Manager] UpmClient::Send -- Unable to send message (not connected to UPM process).
[Package Manager] Cannot connect to Unity Package Manager local server
Mono: successfully reloaded assembly
- Finished resetting the current domain, in  0.851 seconds
Domain Reload Profiling: 1364ms
	BeginReloadAssembly (164ms)
		ExecutionOrderSort (0ms)
		DisableScriptedObjects (6ms)
		BackupInstance (0ms)
		ReleaseScriptingObjects (0ms)
		CreateAndSetChildDomain (57ms)
	RebuildCommonClasses (44ms)
	RebuildNativeTypeToScriptingClass (10ms)
	initialDomainReloadingComplete (35ms)
	LoadAllAssembliesAndSetupDomain (260ms)
		LoadAssemblies (312ms)
		RebuildTransferFunctionScriptingTraits (0ms)
		AnalyzeDomain (14ms)
			TypeCache.Refresh (7ms)
				TypeCache.ScanAssembly (0ms)
			ScanForSourceGeneratedMonoScriptInfo (0ms)
			ResolveRequiredComponents (5ms)
	FinalizeReload (852ms)
		ReleaseScriptCaches (0ms)
		RebuildScriptCaches (0ms)
		SetupLoadedEditorAssemblies (451ms)
			LogAssemblyErrors (0ms)
			InitializePlatformSupportModulesInManaged (48ms)
			SetLoadedEditorAssemblies (7ms)
			RefreshPlugins (0ms)
			BeforeProcessingInitializeOnLoad (81ms)
			ProcessInitializeOnLoadAttributes (281ms)
			ProcessInitializeOnLoadMethodAttributes (27ms)
			AfterProcessingInitializeOnLoad (7ms)
			EditorAssembliesLoaded (0ms)
		ExecutionOrderSort2 (0ms)
		AwakeInstancesAfterBackupRestoration (7ms)
Refreshing native plugins compatible for Editor in 2.91 ms, found 1 plugins.
Preloading 0 native plugins for Editor in 0.00 ms.
Unloading 3177 Unused Serialized files (Serialized files now loaded: 0)
Unloading 30 unused Assets / (1.3 MB). Loaded Objects now: 3892.
Memory consumption went from 134.5 MB to 133.2 MB.
Total: 5.769092 ms (FindLiveObjects: 0.468170 ms CreateObjectMapping: 0.150710 ms MarkObjects: 3.612852 ms  DeleteObjects: 1.535050 ms)

Prepare: number of updated asset objects reloaded= 0
AssetImportParameters requested are different than current active one (requested -> active):
  custom:container-demuxer-ogg: 62fdf1f143b41e24485cea50d1cbac27 -> 
  custom:video-decoder-ogg-theora: a1e56fd34408186e4bbccfd4996cb3dc -> 
  custom:CustomObjectIndexerAttribute: 306bfa6df2d96854e1ebb52f3ddacab7 -> 
  custom:container-demuxer-webm: 4f35f7cbe854078d1ac9338744f61a02 -> 
  custom:container-muxer-webm: aa71ff27fc2769a1b78a27578f13a17b -> 
  custom:video-decoder-webm-vp8: 9c59270c3fd7afecdb556c50c9e8de78 -> 
  custom:SearchIndexIgnoredProperties: e643bd26f0fe6173181afceb89e7c659 -> 
  custom:AudioImporter_EditorPlatform: 2f0ff77a95e0ac474e3e8eeba4e2f7cb -> 
  custom:video-encoder-webm-vp8: eb34c28f22e8b96e1ab97ce403110664 -> 
  custom:audio-decoder-ogg-vorbis: bf7c407c2cedff20999df2af8eb42d56 -> 
  custom:audio-encoder-webm-vorbis: bf7c407c2cedff20999df2af8eb42d56 -> 
========================================================================
Received Prepare
Begin MonoManager ReloadAssembly
Symbol file LoadedFromMemory is not a mono symbol file
- Loaded All Assemblies, in  0.523 seconds
Refreshing native plugins compatible for Editor in 2.09 ms, found 1 plugins.
Native extension for LinuxStandalone target not found
Native extension for WindowsStandalone target not found
Native extension for WebGL target not found
[Package Manager] Server::EnsureServerProcessIsRunning -- launch failed, reason: Unity was launched with the -noUpm command-line argument
[Package Manager] UpmClient::Send -- Unable to send message (not connected to UPM process).
[Package Manager] Cannot connect to Unity Package Manager local server
Mono: successfully reloaded assembly
- Finished resetting the current domain, in  0.882 seconds
Domain Reload Profiling: 1404ms
	BeginReloadAssembly (176ms)
		ExecutionOrderSort (0ms)
		DisableScriptedObjects (9ms)
		BackupInstance (0ms)
		ReleaseScriptingObjects (0ms)
		CreateAndSetChildDomain (61ms)
	RebuildCommonClasses (45ms)
	RebuildNativeTypeToScriptingClass (10ms)
	initialDomainReloadingComplete (38ms)
	LoadAllAssembliesAndSetupDomain (253ms)
		LoadAssemblies (295ms)
		RebuildTransferFunctionScriptingTraits (0ms)
		AnalyzeDomain (25ms)
			TypeCache.Refresh (10ms)
				TypeCache.ScanAssembly (0ms)
			ScanForSourceGeneratedMonoScriptInfo (9ms)
			ResolveRequiredComponents (5ms)
	FinalizeReload (882ms)
		ReleaseScriptCaches (0ms)
		RebuildScriptCaches (0ms)
		SetupLoadedEditorAssemblies (469ms)
			LogAssemblyErrors (0ms)
			InitializePlatformSupportModulesInManaged (51ms)
			SetLoadedEditorAssemblies (6ms)
			RefreshPlugins (0ms)
			BeforeProcessingInitializeOnLoad (80ms)
			ProcessInitializeOnLoadAttributes (299ms)
			ProcessInitializeOnLoadMethodAttributes (25ms)
			AfterProcessingInitializeOnLoad (7ms)
			EditorAssembliesLoaded (0ms)
		ExecutionOrderSort2 (0ms)
		AwakeInstancesAfterBackupRestoration (9ms)
Refreshing native plugins compatible for Editor in 2.12 ms, found 1 plugins.
Preloading 0 native plugins for Editor in 0.00 ms.
Unloading 3177 Unused Serialized files (Serialized files now loaded: 0)
Unloading 30 unused Assets / (1.3 MB). Loaded Objects now: 3895.
Memory consumption went from 134.5 MB to 133.2 MB.
Total: 5.629742 ms (FindLiveObjects: 0.331511 ms CreateObjectMapping: 0.077610 ms MarkObjects: 4.097441 ms  DeleteObjects: 1.120680 ms)

Prepare: number of updated asset objects reloaded= 0
AssetImportParameters requested are different than current active one (requested -> active):
  custom:container-demuxer-ogg: 62fdf1f143b41e24485cea50d1cbac27 -> 
  custom:video-decoder-ogg-theora: a1e56fd34408186e4bbccfd4996cb3dc -> 
  custom:CustomObjectIndexerAttribute: 306bfa6df2d96854e1ebb52f3ddacab7 -> 
  custom:container-demuxer-webm: 4f35f7cbe854078d1ac9338744f61a02 -> 
  custom:container-muxer-webm: aa71ff27fc2769a1b78a27578f13a17b -> 
  custom:video-decoder-webm-vp8: 9c59270c3fd7afecdb556c50c9e8de78 -> 
  custom:SearchIndexIgnoredProperties: e643bd26f0fe6173181afceb89e7c659 -> 
  custom:AudioImporter_EditorPlatform: 2f0ff77a95e0ac474e3e8eeba4e2f7cb -> 
  custom:video-encoder-webm-vp8: eb34c28f22e8b96e1ab97ce403110664 -> 
  custom:audio-decoder-ogg-vorbis: bf7c407c2cedff20999df2af8eb42d56 -> 
  custom:audio-encoder-webm-vorbis: bf7c407c2cedff20999df2af8eb42d56 -> 
========================================================================
Received Prepare
Begin MonoManager ReloadAssembly
Symbol file LoadedFromMemory is not a mono symbol file
- Loaded All Assemblies, in  0.516 seconds
Refreshing native plugins compatible for Editor in 2.11 ms, found 1 plugins.
Native extension for LinuxStandalone target not found
Native extension for WindowsStandalone target not found
Native extension for WebGL target not found
[Package Manager] Server::EnsureServerProcessIsRunning -- launch failed, reason: Unity was launched with the -noUpm command-line argument
[Package Manager] UpmClient::Send -- Unable to send message (not connected to UPM process).
[Package Manager] Cannot connect to Unity Package Manager local server
Mono: successfully reloaded assembly
- Finished resetting the current domain, in  0.852 seconds
Domain Reload Profiling: 1367ms
	BeginReloadAssembly (172ms)
		ExecutionOrderSort (0ms)
		DisableScriptedObjects (6ms)
		BackupInstance (0ms)
		ReleaseScriptingObjects (0ms)
		CreateAndSetChildDomain (67ms)
	RebuildCommonClasses (45ms)
	RebuildNativeTypeToScriptingClass (9ms)
	initialDomainReloadingComplete (36ms)
	LoadAllAssembliesAndSetupDomain (252ms)
		LoadAssemblies (304ms)
		RebuildTransferFunctionScriptingTraits (0ms)
		AnalyzeDomain (13ms)
			TypeCache.Refresh (7ms)
				TypeCache.ScanAssembly (0ms)
			ScanForSourceGeneratedMonoScriptInfo (0ms)
			ResolveRequiredComponents (5ms)
	FinalizeReload (853ms)
		ReleaseScriptCaches (0ms)
		RebuildScriptCaches (0ms)
		SetupLoadedEditorAssemblies (456ms)
			LogAssemblyErrors (0ms)
			InitializePlatformSupportModulesInManaged (49ms)
			SetLoadedEditorAssemblies (6ms)
			RefreshPlugins (0ms)
			BeforeProcessingInitializeOnLoad (82ms)
			ProcessInitializeOnLoadAttributes (284ms)
			ProcessInitializeOnLoadMethodAttributes (27ms)
			AfterProcessingInitializeOnLoad (8ms)
			EditorAssembliesLoaded (0ms)
		ExecutionOrderSort2 (0ms)
		AwakeInstancesAfterBackupRestoration (7ms)
Refreshing native plugins compatible for Editor in 2.08 ms, found 1 plugins.
Preloading 0 native plugins for Editor in 0.00 ms.
Unloading 3177 Unused Serialized files (Serialized files now loaded: 0)
Unloading 30 unused Assets / (1.3 MB). Loaded Objects now: 3898.
Memory consumption went from 134.4 MB to 133.2 MB.
Total: 5.319612 ms (FindLiveObjects: 0.356451 ms CreateObjectMapping: 0.083570 ms MarkObjects: 3.751491 ms  DeleteObjects: 1.125860 ms)

Prepare: number of updated asset objects reloaded= 0
AssetImportParameters requested are different than current active one (requested -> active):
  custom:container-demuxer-ogg: 62fdf1f143b41e24485cea50d1cbac27 -> 
  custom:video-decoder-ogg-theora: a1e56fd34408186e4bbccfd4996cb3dc -> 
  custom:CustomObjectIndexerAttribute: 306bfa6df2d96854e1ebb52f3ddacab7 -> 
  custom:container-demuxer-webm: 4f35f7cbe854078d1ac9338744f61a02 -> 
  custom:container-muxer-webm: aa71ff27fc2769a1b78a27578f13a17b -> 
  custom:video-decoder-webm-vp8: 9c59270c3fd7afecdb556c50c9e8de78 -> 
  custom:SearchIndexIgnoredProperties: e643bd26f0fe6173181afceb89e7c659 -> 
  custom:AudioImporter_EditorPlatform: 2f0ff77a95e0ac474e3e8eeba4e2f7cb -> 
  custom:video-encoder-webm-vp8: eb34c28f22e8b96e1ab97ce403110664 -> 
  custom:audio-decoder-ogg-vorbis: bf7c407c2cedff20999df2af8eb42d56 -> 
  custom:audio-encoder-webm-vorbis: bf7c407c2cedff20999df2af8eb42d56 -> 
========================================================================
Received Prepare
Begin MonoManager ReloadAssembly
Symbol file LoadedFromMemory is not a mono symbol file
- Loaded All Assemblies, in  0.512 seconds
Refreshing native plugins compatible for Editor in 2.12 ms, found 1 plugins.
Native extension for LinuxStandalone target not found
Native extension for WindowsStandalone target not found
Native extension for WebGL target not found
[Package Manager] Server::EnsureServerProcessIsRunning -- launch failed, reason: Unity was launched with the -noUpm command-line argument
[Package Manager] UpmClient::Send -- Unable to send message (not connected to UPM process).
[Package Manager] Cannot connect to Unity Package Manager local server
Mono: successfully reloaded assembly
- Finished resetting the current domain, in  0.869 seconds
Domain Reload Profiling: 1380ms
	BeginReloadAssembly (171ms)
		ExecutionOrderSort (0ms)
		DisableScriptedObjects (6ms)
		BackupInstance (0ms)
		ReleaseScriptingObjects (0ms)
		CreateAndSetChildDomain (64ms)
	RebuildCommonClasses (45ms)
	RebuildNativeTypeToScriptingClass (10ms)
	initialDomainReloadingComplete (36ms)
	LoadAllAssembliesAndSetupDomain (249ms)
		LoadAssemblies (288ms)
		RebuildTransferFunctionScriptingTraits (0ms)
		AnalyzeDomain (25ms)
			TypeCache.Refresh (10ms)
				TypeCache.ScanAssembly (0ms)
			ScanForSourceGeneratedMonoScriptInfo (9ms)
			ResolveRequiredComponents (5ms)
	FinalizeReload (870ms)
		ReleaseScriptCaches (0ms)
		RebuildScriptCaches (0ms)
		SetupLoadedEditorAssemblies (487ms)
			LogAssemblyErrors (0ms)
			InitializePlatformSupportModulesInManaged (48ms)
			SetLoadedEditorAssemblies (8ms)
			RefreshPlugins (0ms)
			BeforeProcessingInitializeOnLoad (99ms)
			ProcessInitializeOnLoadAttributes (301ms)
			ProcessInitializeOnLoadMethodAttributes (23ms)
			AfterProcessingInitializeOnLoad (7ms)
			EditorAssembliesLoaded (0ms)
		ExecutionOrderSort2 (0ms)
		AwakeInstancesAfterBackupRestoration (6ms)
Refreshing native plugins compatible for Editor in 2.06 ms, found 1 plugins.
Preloading 0 native plugins for Editor in 0.00 ms.
Unloading 3177 Unused Serialized files (Serialized files now loaded: 0)
Unloading 30 unused Assets / (1.3 MB). Loaded Objects now: 3901.
Memory consumption went from 134.5 MB to 133.2 MB.
Total: 5.112982 ms (FindLiveObjects: 0.342000 ms CreateObjectMapping: 0.076510 ms MarkObjects: 3.665142 ms  DeleteObjects: 1.027030 ms)

Prepare: number of updated asset objects reloaded= 0
AssetImportParameters requested are different than current active one (requested -> active):
  custom:container-demuxer-ogg: 62fdf1f143b41e24485cea50d1cbac27 -> 
  custom:video-decoder-ogg-theora: a1e56fd34408186e4bbccfd4996cb3dc -> 
  custom:CustomObjectIndexerAttribute: 306bfa6df2d96854e1ebb52f3ddacab7 -> 
  custom:container-demuxer-webm: 4f35f7cbe854078d1ac9338744f61a02 -> 
  custom:container-muxer-webm: aa71ff27fc2769a1b78a27578f13a17b -> 
  custom:video-decoder-webm-vp8: 9c59270c3fd7afecdb556c50c9e8de78 -> 
  custom:SearchIndexIgnoredProperties: e643bd26f0fe6173181afceb89e7c659 -> 
  custom:AudioImporter_EditorPlatform: 2f0ff77a95e0ac474e3e8eeba4e2f7cb -> 
  custom:video-encoder-webm-vp8: eb34c28f22e8b96e1ab97ce403110664 -> 
  custom:audio-decoder-ogg-vorbis: bf7c407c2cedff20999df2af8eb42d56 -> 
  custom:audio-encoder-webm-vorbis: bf7c407c2cedff20999df2af8eb42d56 -> 
========================================================================
Received Prepare
Begin MonoManager ReloadAssembly
Symbol file LoadedFromMemory is not a mono symbol file
- Loaded All Assemblies, in  0.512 seconds
Refreshing native plugins compatible for Editor in 2.13 ms, found 1 plugins.
Native extension for LinuxStandalone target not found
Native extension for WindowsStandalone target not found
Native extension for WebGL target not found
[Package Manager] Server::EnsureServerProcessIsRunning -- launch failed, reason: Unity was launched with the -noUpm command-line argument
[Package Manager] UpmClient::Send -- Unable to send message (not connected to UPM process).
[Package Manager] Cannot connect to Unity Package Manager local server
Mono: successfully reloaded assembly
- Finished resetting the current domain, in  0.922 seconds
Domain Reload Profiling: 1432ms
	BeginReloadAssembly (174ms)
		ExecutionOrderSort (0ms)
		DisableScriptedObjects (6ms)
		BackupInstance (0ms)
		ReleaseScriptingObjects (0ms)
		CreateAndSetChildDomain (67ms)
	RebuildCommonClasses (47ms)
	RebuildNativeTypeToScriptingClass (10ms)
	initialDomainReloadingComplete (38ms)
	LoadAllAssembliesAndSetupDomain (242ms)
		LoadAssemblies (293ms)
		RebuildTransferFunctionScriptingTraits (0ms)
		AnalyzeDomain (14ms)
			TypeCache.Refresh (7ms)
				TypeCache.ScanAssembly (0ms)
			ScanForSourceGeneratedMonoScriptInfo (0ms)
			ResolveRequiredComponents (5ms)
	FinalizeReload (922ms)
		ReleaseScriptCaches (0ms)
		RebuildScriptCaches (0ms)
		SetupLoadedEditorAssemblies (512ms)
			LogAssemblyErrors (0ms)
			InitializePlatformSupportModulesInManaged (60ms)
			SetLoadedEditorAssemblies (9ms)
			RefreshPlugins (0ms)
			BeforeProcessingInitializeOnLoad (107ms)
			ProcessInitializeOnLoadAttributes (304ms)
			ProcessInitializeOnLoadMethodAttributes (24ms)
			AfterProcessingInitializeOnLoad (7ms)
			EditorAssembliesLoaded (0ms)
		ExecutionOrderSort2 (0ms)
		AwakeInstancesAfterBackupRestoration (6ms)
Refreshing native plugins compatible for Editor in 2.16 ms, found 1 plugins.
Preloading 0 native plugins for Editor in 0.00 ms.
Unloading 3177 Unused Serialized files (Serialized files now loaded: 0)
Unloading 30 unused Assets / (1.3 MB). Loaded Objects now: 3904.
Memory consumption went from 134.5 MB to 133.2 MB.
Total: 5.341231 ms (FindLiveObjects: 0.322400 ms CreateObjectMapping: 0.079090 ms MarkObjects: 3.695811 ms  DeleteObjects: 1.242150 ms)

Prepare: number of updated asset objects reloaded= 0
AssetImportParameters requested are different than current active one (requested -> active):
  custom:container-demuxer-ogg: 62fdf1f143b41e24485cea50d1cbac27 -> 
  custom:video-decoder-ogg-theora: a1e56fd34408186e4bbccfd4996cb3dc -> 
  custom:CustomObjectIndexerAttribute: 306bfa6df2d96854e1ebb52f3ddacab7 -> 
  custom:container-demuxer-webm: 4f35f7cbe854078d1ac9338744f61a02 -> 
  custom:container-muxer-webm: aa71ff27fc2769a1b78a27578f13a17b -> 
  custom:video-decoder-webm-vp8: 9c59270c3fd7afecdb556c50c9e8de78 -> 
  custom:SearchIndexIgnoredProperties: e643bd26f0fe6173181afceb89e7c659 -> 
  custom:AudioImporter_EditorPlatform: 2f0ff77a95e0ac474e3e8eeba4e2f7cb -> 
  custom:video-encoder-webm-vp8: eb34c28f22e8b96e1ab97ce403110664 -> 
  custom:audio-decoder-ogg-vorbis: bf7c407c2cedff20999df2af8eb42d56 -> 
  custom:audio-encoder-webm-vorbis: bf7c407c2cedff20999df2af8eb42d56 -> 
========================================================================
Received Prepare
Begin MonoManager ReloadAssembly
Symbol file LoadedFromMemory is not a mono symbol file
- Loaded All Assemblies, in  0.499 seconds
Refreshing native plugins compatible for Editor in 2.24 ms, found 1 plugins.
Native extension for LinuxStandalone target not found
Native extension for WindowsStandalone target not found
Native extension for WebGL target not found
[Package Manager] Server::EnsureServerProcessIsRunning -- launch failed, reason: Unity was launched with the -noUpm command-line argument
[Package Manager] UpmClient::Send -- Unable to send message (not connected to UPM process).
[Package Manager] Cannot connect to Unity Package Manager local server
Mono: successfully reloaded assembly
- Finished resetting the current domain, in  0.874 seconds
Domain Reload Profiling: 1372ms
	BeginReloadAssembly (166ms)
		ExecutionOrderSort (0ms)
		DisableScriptedObjects (6ms)
		BackupInstance (0ms)
		ReleaseScriptingObjects (0ms)
		CreateAndSetChildDomain (61ms)
	RebuildCommonClasses (46ms)
	RebuildNativeTypeToScriptingClass (10ms)
	initialDomainReloadingComplete (35ms)
	LoadAllAssembliesAndSetupDomain (241ms)
		LoadAssemblies (293ms)
		RebuildTransferFunctionScriptingTraits (0ms)
		AnalyzeDomain (13ms)
			TypeCache.Refresh (7ms)
				TypeCache.ScanAssembly (0ms)
			ScanForSourceGeneratedMonoScriptInfo (0ms)
			ResolveRequiredComponents (5ms)
	FinalizeReload (874ms)
		ReleaseScriptCaches (0ms)
		RebuildScriptCaches (0ms)
		SetupLoadedEditorAssemblies (462ms)
			LogAssemblyErrors (0ms)
			InitializePlatformSupportModulesInManaged (47ms)
			SetLoadedEditorAssemblies (7ms)
			RefreshPlugins (0ms)
			BeforeProcessingInitializeOnLoad (86ms)
			ProcessInitializeOnLoadAttributes (288ms)
			ProcessInitializeOnLoadMethodAttributes (26ms)
			AfterProcessingInitializeOnLoad (8ms)
			EditorAssembliesLoaded (0ms)
		ExecutionOrderSort2 (0ms)
		AwakeInstancesAfterBackupRestoration (7ms)
Refreshing native plugins compatible for Editor in 2.12 ms, found 1 plugins.
Preloading 0 native plugins for Editor in 0.00 ms.
Unloading 3177 Unused Serialized files (Serialized files now loaded: 0)
Unloading 30 unused Assets / (1.3 MB). Loaded Objects now: 3907.
Memory consumption went from 134.5 MB to 133.2 MB.
Total: 5.986742 ms (FindLiveObjects: 0.427130 ms CreateObjectMapping: 0.108090 ms MarkObjects: 4.212731 ms  DeleteObjects: 1.235591 ms)

Prepare: number of updated asset objects reloaded= 0
AssetImportParameters requested are different than current active one (requested -> active):
  custom:container-demuxer-ogg: 62fdf1f143b41e24485cea50d1cbac27 -> 
  custom:video-decoder-ogg-theora: a1e56fd34408186e4bbccfd4996cb3dc -> 
  custom:CustomObjectIndexerAttribute: 306bfa6df2d96854e1ebb52f3ddacab7 -> 
  custom:container-demuxer-webm: 4f35f7cbe854078d1ac9338744f61a02 -> 
  custom:container-muxer-webm: aa71ff27fc2769a1b78a27578f13a17b -> 
  custom:video-decoder-webm-vp8: 9c59270c3fd7afecdb556c50c9e8de78 -> 
  custom:SearchIndexIgnoredProperties: e643bd26f0fe6173181afceb89e7c659 -> 
  custom:AudioImporter_EditorPlatform: 2f0ff77a95e0ac474e3e8eeba4e2f7cb -> 
  custom:video-encoder-webm-vp8: eb34c28f22e8b96e1ab97ce403110664 -> 
  custom:audio-decoder-ogg-vorbis: bf7c407c2cedff20999df2af8eb42d56 -> 
  custom:audio-encoder-webm-vorbis: bf7c407c2cedff20999df2af8eb42d56 -> 
========================================================================
Received Prepare
Begin MonoManager ReloadAssembly
Symbol file LoadedFromMemory is not a mono symbol file
- Loaded All Assemblies, in  0.526 seconds
Refreshing native plugins compatible for Editor in 2.13 ms, found 1 plugins.
Native extension for LinuxStandalone target not found
Native extension for WindowsStandalone target not found
Native extension for WebGL target not found
[Package Manager] Server::EnsureServerProcessIsRunning -- launch failed, reason: Unity was launched with the -noUpm command-line argument
[Package Manager] UpmClient::Send -- Unable to send message (not connected to UPM process).
[Package Manager] Cannot connect to Unity Package Manager local server
Mono: successfully reloaded assembly
- Finished resetting the current domain, in  0.867 seconds
Domain Reload Profiling: 1392ms
	BeginReloadAssembly (174ms)
		ExecutionOrderSort (0ms)
		DisableScriptedObjects (6ms)
		BackupInstance (0ms)
		ReleaseScriptingObjects (0ms)
		CreateAndSetChildDomain (71ms)
	RebuildCommonClasses (46ms)
	RebuildNativeTypeToScriptingClass (9ms)
	initialDomainReloadingComplete (36ms)
	LoadAllAssembliesAndSetupDomain (259ms)
		LoadAssemblies (306ms)
		RebuildTransferFunctionScriptingTraits (0ms)
		AnalyzeDomain (15ms)
			TypeCache.Refresh (7ms)
				TypeCache.ScanAssembly (0ms)
			ScanForSourceGeneratedMonoScriptInfo (0ms)
			ResolveRequiredComponents (6ms)
	FinalizeReload (867ms)
		ReleaseScriptCaches (0ms)
		RebuildScriptCaches (0ms)
		SetupLoadedEditorAssemblies (477ms)
			LogAssemblyErrors (0ms)
			InitializePlatformSupportModulesInManaged (47ms)
			SetLoadedEditorAssemblies (8ms)
			RefreshPlugins (0ms)
			BeforeProcessingInitializeOnLoad (96ms)
			ProcessInitializeOnLoadAttributes (295ms)
			ProcessInitializeOnLoadMethodAttributes (24ms)
			AfterProcessingInitializeOnLoad (7ms)
			EditorAssembliesLoaded (0ms)
		ExecutionOrderSort2 (0ms)
		AwakeInstancesAfterBackupRestoration (6ms)
Refreshing native plugins compatible for Editor in 2.06 ms, found 1 plugins.
Preloading 0 native plugins for Editor in 0.00 ms.
Unloading 3177 Unused Serialized files (Serialized files now loaded: 0)
Unloading 30 unused Assets / (1.3 MB). Loaded Objects now: 3910.
Memory consumption went from 134.5 MB to 133.2 MB.
Total: 5.907232 ms (FindLiveObjects: 0.364060 ms CreateObjectMapping: 0.097460 ms MarkObjects: 4.285392 ms  DeleteObjects: 1.158320 ms)

Prepare: number of updated asset objects reloaded= 0
AssetImportParameters requested are different than current active one (requested -> active):
  custom:container-demuxer-ogg: 62fdf1f143b41e24485cea50d1cbac27 -> 
  custom:video-decoder-ogg-theora: a1e56fd34408186e4bbccfd4996cb3dc -> 
  custom:CustomObjectIndexerAttribute: 306bfa6df2d96854e1ebb52f3ddacab7 -> 
  custom:container-demuxer-webm: 4f35f7cbe854078d1ac9338744f61a02 -> 
  custom:container-muxer-webm: aa71ff27fc2769a1b78a27578f13a17b -> 
  custom:video-decoder-webm-vp8: 9c59270c3fd7afecdb556c50c9e8de78 -> 
  custom:SearchIndexIgnoredProperties: e643bd26f0fe6173181afceb89e7c659 -> 
  custom:AudioImporter_EditorPlatform: 2f0ff77a95e0ac474e3e8eeba4e2f7cb -> 
  custom:video-encoder-webm-vp8: eb34c28f22e8b96e1ab97ce403110664 -> 
  custom:audio-decoder-ogg-vorbis: bf7c407c2cedff20999df2af8eb42d56 -> 
  custom:audio-encoder-webm-vorbis: bf7c407c2cedff20999df2af8eb42d56 -> 
========================================================================
Received Prepare
Begin MonoManager ReloadAssembly
Symbol file LoadedFromMemory is not a mono symbol file
- Loaded All Assemblies, in  0.519 seconds
Refreshing native plugins compatible for Editor in 2.25 ms, found 1 plugins.
Native extension for LinuxStandalone target not found
Native extension for WindowsStandalone target not found
Native extension for WebGL target not found
[Package Manager] Server::EnsureServerProcessIsRunning -- launch failed, reason: Unity was launched with the -noUpm command-line argument
[Package Manager] UpmClient::Send -- Unable to send message (not connected to UPM process).
[Package Manager] Cannot connect to Unity Package Manager local server
Mono: successfully reloaded assembly
- Finished resetting the current domain, in  0.901 seconds
Domain Reload Profiling: 1419ms
	BeginReloadAssembly (180ms)
		ExecutionOrderSort (0ms)
		DisableScriptedObjects (7ms)
		BackupInstance (0ms)
		ReleaseScriptingObjects (0ms)
		CreateAndSetChildDomain (72ms)
	RebuildCommonClasses (47ms)
	RebuildNativeTypeToScriptingClass (10ms)
	initialDomainReloadingComplete (37ms)
	LoadAllAssembliesAndSetupDomain (243ms)
		LoadAssemblies (294ms)
		RebuildTransferFunctionScriptingTraits (0ms)
		AnalyzeDomain (14ms)
			TypeCache.Refresh (7ms)
				TypeCache.ScanAssembly (0ms)
			ScanForSourceGeneratedMonoScriptInfo (0ms)
			ResolveRequiredComponents (5ms)
	FinalizeReload (902ms)
		ReleaseScriptCaches (0ms)
		RebuildScriptCaches (0ms)
		SetupLoadedEditorAssemblies (474ms)
			LogAssemblyErrors (0ms)
			InitializePlatformSupportModulesInManaged (51ms)
			SetLoadedEditorAssemblies (8ms)
			RefreshPlugins (0ms)
			BeforeProcessingInitializeOnLoad (87ms)
			ProcessInitializeOnLoadAttributes (294ms)
			ProcessInitializeOnLoadMethodAttributes (26ms)
			AfterProcessingInitializeOnLoad (7ms)
			EditorAssembliesLoaded (0ms)
		ExecutionOrderSort2 (0ms)
		AwakeInstancesAfterBackupRestoration (7ms)
Refreshing native plugins compatible for Editor in 2.11 ms, found 1 plugins.
Preloading 0 native plugins for Editor in 0.00 ms.
Unloading 3177 Unused Serialized files (Serialized files now loaded: 0)
Unloading 30 unused Assets / (1.3 MB). Loaded Objects now: 3913.
Memory consumption went from 134.5 MB to 133.2 MB.
Total: 5.500592 ms (FindLiveObjects: 0.362270 ms CreateObjectMapping: 0.116250 ms MarkObjects: 3.913212 ms  DeleteObjects: 1.106080 ms)

Prepare: number of updated asset objects reloaded= 0
AssetImportParameters requested are different than current active one (requested -> active):
  custom:container-demuxer-ogg: 62fdf1f143b41e24485cea50d1cbac27 -> 
  custom:video-decoder-ogg-theora: a1e56fd34408186e4bbccfd4996cb3dc -> 
  custom:CustomObjectIndexerAttribute: 306bfa6df2d96854e1ebb52f3ddacab7 -> 
  custom:container-demuxer-webm: 4f35f7cbe854078d1ac9338744f61a02 -> 
  custom:container-muxer-webm: aa71ff27fc2769a1b78a27578f13a17b -> 
  custom:video-decoder-webm-vp8: 9c59270c3fd7afecdb556c50c9e8de78 -> 
  custom:SearchIndexIgnoredProperties: e643bd26f0fe6173181afceb89e7c659 -> 
  custom:AudioImporter_EditorPlatform: 2f0ff77a95e0ac474e3e8eeba4e2f7cb -> 
  custom:video-encoder-webm-vp8: eb34c28f22e8b96e1ab97ce403110664 -> 
  custom:audio-decoder-ogg-vorbis: bf7c407c2cedff20999df2af8eb42d56 -> 
  custom:audio-encoder-webm-vorbis: bf7c407c2cedff20999df2af8eb42d56 -> 
========================================================================
Received Prepare
Begin MonoManager ReloadAssembly
Symbol file LoadedFromMemory is not a mono symbol file
- Loaded All Assemblies, in  0.526 seconds
Refreshing native plugins compatible for Editor in 2.17 ms, found 1 plugins.
Native extension for LinuxStandalone target not found
Native extension for WindowsStandalone target not found
Native extension for WebGL target not found
[Package Manager] Server::EnsureServerProcessIsRunning -- launch failed, reason: Unity was launched with the -noUpm command-line argument
[Package Manager] UpmClient::Send -- Unable to send message (not connected to UPM process).
[Package Manager] Cannot connect to Unity Package Manager local server
Mono: successfully reloaded assembly
- Finished resetting the current domain, in  0.849 seconds
Domain Reload Profiling: 1374ms
	BeginReloadAssembly (181ms)
		ExecutionOrderSort (0ms)
		DisableScriptedObjects (8ms)
		BackupInstance (0ms)
		ReleaseScriptingObjects (0ms)
		CreateAndSetChildDomain (65ms)
	RebuildCommonClasses (47ms)
	RebuildNativeTypeToScriptingClass (10ms)
	initialDomainReloadingComplete (38ms)
	LoadAllAssembliesAndSetupDomain (248ms)
		LoadAssemblies (290ms)
		RebuildTransferFunctionScriptingTraits (0ms)
		AnalyzeDomain (26ms)
			TypeCache.Refresh (11ms)
				TypeCache.ScanAssembly (0ms)
			ScanForSourceGeneratedMonoScriptInfo (9ms)
			ResolveRequiredComponents (4ms)
	FinalizeReload (849ms)
		ReleaseScriptCaches (0ms)
		RebuildScriptCaches (0ms)
		SetupLoadedEditorAssemblies (455ms)
			LogAssemblyErrors (0ms)
			InitializePlatformSupportModulesInManaged (46ms)
			SetLoadedEditorAssemblies (7ms)
			RefreshPlugins (0ms)
			BeforeProcessingInitializeOnLoad (78ms)
			ProcessInitializeOnLoadAttributes (293ms)
			ProcessInitializeOnLoadMethodAttributes (23ms)
			AfterProcessingInitializeOnLoad (7ms)
			EditorAssembliesLoaded (0ms)
		ExecutionOrderSort2 (0ms)
		AwakeInstancesAfterBackupRestoration (6ms)
Refreshing native plugins compatible for Editor in 2.18 ms, found 1 plugins.
Preloading 0 native plugins for Editor in 0.00 ms.
Unloading 3177 Unused Serialized files (Serialized files now loaded: 0)
Unloading 30 unused Assets / (1.3 MB). Loaded Objects now: 3916.
Memory consumption went from 134.5 MB to 133.2 MB.
Total: 5.391332 ms (FindLiveObjects: 0.445770 ms CreateObjectMapping: 0.144740 ms MarkObjects: 3.705671 ms  DeleteObjects: 1.092581 ms)

Prepare: number of updated asset objects reloaded= 0
AssetImportParameters requested are different than current active one (requested -> active):
  custom:container-demuxer-ogg: 62fdf1f143b41e24485cea50d1cbac27 -> 
  custom:video-decoder-ogg-theora: a1e56fd34408186e4bbccfd4996cb3dc -> 
  custom:CustomObjectIndexerAttribute: 306bfa6df2d96854e1ebb52f3ddacab7 -> 
  custom:container-demuxer-webm: 4f35f7cbe854078d1ac9338744f61a02 -> 
  custom:container-muxer-webm: aa71ff27fc2769a1b78a27578f13a17b -> 
  custom:video-decoder-webm-vp8: 9c59270c3fd7afecdb556c50c9e8de78 -> 
  custom:SearchIndexIgnoredProperties: e643bd26f0fe6173181afceb89e7c659 -> 
  custom:AudioImporter_EditorPlatform: 2f0ff77a95e0ac474e3e8eeba4e2f7cb -> 
  custom:video-encoder-webm-vp8: eb34c28f22e8b96e1ab97ce403110664 -> 
  custom:audio-decoder-ogg-vorbis: bf7c407c2cedff20999df2af8eb42d56 -> 
  custom:audio-encoder-webm-vorbis: bf7c407c2cedff20999df2af8eb42d56 -> 
========================================================================
Received Import Request.
  Time since last request: 1758.184998 seconds.
  path: Assets/Models/Table/Table.prefab
  artifactKey: Guid(0cbc00f9c4813806797ef7c5d58e20b3) Importer(815301076,1909f56bfc062723c751e8b465ee728b)
Start importing Assets/Models/Table/Table.prefab using Guid(0cbc00f9c4813806797ef7c5d58e20b3) Importer(815301076,1909f56bfc062723c751e8b465ee728b)  -> (artifact id: '904eaa46cd5cb73ca3f6534b409852bd') in 0.112496 seconds
Number of updated asset objects reloaded before import = 0
Number of asset objects unloaded after import = 15
========================================================================
Received Import Request.
  Time since last request: 32.477814 seconds.
  path: Assets/polyperfect/Poly Christmas/Prefabs/Christmas/Bag_Gift_Christmas_B.prefab
  artifactKey: Guid(d57212e3f523e134b88c84664362ce02) Importer(815301076,1909f56bfc062723c751e8b465ee728b)
Start importing Assets/polyperfect/Poly Christmas/Prefabs/Christmas/Bag_Gift_Christmas_B.prefab using Guid(d57212e3f523e134b88c84664362ce02) Importer(815301076,1909f56bfc062723c751e8b465ee728b)  -> (artifact id: 'be8374c5037385276fb73890a3a1fb10') in 0.056434 seconds
Number of updated asset objects reloaded before import = 0
Number of asset objects unloaded after import = 12
========================================================================
Received Import Request.
  Time since last request: 0.036223 seconds.
  path: Assets/polyperfect/Poly Christmas/Prefabs/Christmas/Bag_Gift_Christmas_C.prefab
  artifactKey: Guid(a310f2abf494537438b4fff3819ad521) Importer(815301076,1909f56bfc062723c751e8b465ee728b)
Start importing Assets/polyperfect/Poly Christmas/Prefabs/Christmas/Bag_Gift_Christmas_C.prefab using Guid(a310f2abf494537438b4fff3819ad521) Importer(815301076,1909f56bfc062723c751e8b465ee728b)  -> (artifact id: '464a4cb86b03e981e5a51f9d4aca0a68') in 0.020529 seconds
Number of updated asset objects reloaded before import = 0
Number of asset objects unloaded after import = 12
========================================================================
Received Import Request.
  Time since last request: 0.064997 seconds.
  path: Assets/polyperfect/Poly Christmas/Prefabs/Christmas/Bell_D_Christmas.prefab
  artifactKey: Guid(fbb34b5496ce8e94f85f03dde3cfaf3f) Importer(815301076,1909f56bfc062723c751e8b465ee728b)
Start importing Assets/polyperfect/Poly Christmas/Prefabs/Christmas/Bell_D_Christmas.prefab using Guid(fbb34b5496ce8e94f85f03dde3cfaf3f) Importer(815301076,1909f56bfc062723c751e8b465ee728b)  -> (artifact id: 'e154f865ee966802d57112f6ca3fb75a') in 0.022541 seconds
Number of updated asset objects reloaded before import = 0
Number of asset objects unloaded after import = 12
========================================================================
Received Import Request.
  Time since last request: 0.074675 seconds.
  path: Assets/polyperfect/Poly Christmas/Prefabs/Christmas/Candle_Decorated_Lit_Christmas.prefab
  artifactKey: Guid(1a3e19330166a7f4095032c5de4d8767) Importer(815301076,1909f56bfc062723c751e8b465ee728b)
Start importing Assets/polyperfect/Poly Christmas/Prefabs/Christmas/Candle_Decorated_Lit_Christmas.prefab using Guid(1a3e19330166a7f4095032c5de4d8767) Importer(815301076,1909f56bfc062723c751e8b465ee728b)  -> (artifact id: '412ad35796152c440555eae90aea4f65') in 0.049060 seconds
Number of updated asset objects reloaded before import = 0
Number of asset objects unloaded after import = 13
========================================================================
Received Import Request.
  Time since last request: 0.079585 seconds.
  path: Assets/polyperfect/Poly Christmas/Prefabs/Christmas/Candle_Holder_Short_A_Unlit_Christmas.prefab
  artifactKey: Guid(9678aca628b1ac3479d518b61ac9f14a) Importer(815301076,1909f56bfc062723c751e8b465ee728b)
Start importing Assets/polyperfect/Poly Christmas/Prefabs/Christmas/Candle_Holder_Short_A_Unlit_Christmas.prefab using Guid(9678aca628b1ac3479d518b61ac9f14a) Importer(815301076,1909f56bfc062723c751e8b465ee728b)  -> (artifact id: '32e1013dc74e68515c5d9f61a2100229') in 0.029198 seconds
Number of updated asset objects reloaded before import = 0
Number of asset objects unloaded after import = 12
========================================================================
Received Import Request.
  Time since last request: 0.000024 seconds.
  path: Assets/polyperfect/Poly Christmas/Prefabs/Christmas/Candle_Holder_Short_B_Unlit_Christmas.prefab
  artifactKey: Guid(66624b9ed169cb249ba975b0919cdf01) Importer(815301076,1909f56bfc062723c751e8b465ee728b)
Start importing Assets/polyperfect/Poly Christmas/Prefabs/Christmas/Candle_Holder_Short_B_Unlit_Christmas.prefab using Guid(66624b9ed169cb249ba975b0919cdf01) Importer(815301076,1909f56bfc062723c751e8b465ee728b)  -> (artifact id: 'f0f75b9eafa5d319037dd029c58be40b') in 0.030091 seconds
Number of updated asset objects reloaded before import = 0
Number of asset objects unloaded after import = 12
========================================================================
Received Import Request.
  Time since last request: 0.003058 seconds.
  path: Assets/polyperfect/Poly Christmas/Prefabs/Christmas/Candle_Holder_Tall_C_Lit_Christmas.prefab
  artifactKey: Guid(7822cbfcb2e01f74cbf7e3201edec767) Importer(815301076,1909f56bfc062723c751e8b465ee728b)
Start importing Assets/polyperfect/Poly Christmas/Prefabs/Christmas/Candle_Holder_Tall_C_Lit_Christmas.prefab using Guid(7822cbfcb2e01f74cbf7e3201edec767) Importer(815301076,1909f56bfc062723c751e8b465ee728b)  -> (artifact id: '614b99002c7722fb12080567274e3c22') in 0.035185 seconds
Number of updated asset objects reloaded before import = 0
Number of asset objects unloaded after import = 13
========================================================================
Received Import Request.
  Time since last request: 0.000034 seconds.
  path: Assets/polyperfect/Poly Christmas/Prefabs/Christmas/Candy_Cane.prefab
  artifactKey: Guid(eeddf08d6bf2d9445a90504b31b8a3ed) Importer(815301076,1909f56bfc062723c751e8b465ee728b)
Start importing Assets/polyperfect/Poly Christmas/Prefabs/Christmas/Candy_Cane.prefab using Guid(eeddf08d6bf2d9445a90504b31b8a3ed) Importer(815301076,1909f56bfc062723c751e8b465ee728b)  -> (artifact id: 'd3515b5d8be538f6bbe2870ae27eea90') in 0.023048 seconds
Number of updated asset objects reloaded before import = 0
Number of asset objects unloaded after import = 12
========================================================================
Received Import Request.
  Time since last request: 0.000039 seconds.
  path: Assets/polyperfect/Poly Christmas/Prefabs/Christmas/Cracker_A_Christmas.prefab
  artifactKey: Guid(934141e827233834a8e70bf5f52d3886) Importer(815301076,1909f56bfc062723c751e8b465ee728b)
Start importing Assets/polyperfect/Poly Christmas/Prefabs/Christmas/Cracker_A_Christmas.prefab using Guid(934141e827233834a8e70bf5f52d3886) Importer(815301076,1909f56bfc062723c751e8b465ee728b)  -> (artifact id: '6d0b1e075e0f0802e163a5931340aec0') in 0.024753 seconds
Number of updated asset objects reloaded before import = 0
Number of asset objects unloaded after import = 12
========================================================================
Received Import Request.
  Time since last request: 0.000044 seconds.
  path: Assets/polyperfect/Poly Christmas/Prefabs/Christmas/Chimney_Christmas_Top.prefab
  artifactKey: Guid(bc25847744180f143a82f2f1fefa65f4) Importer(815301076,1909f56bfc062723c751e8b465ee728b)
Start importing Assets/polyperfect/Poly Christmas/Prefabs/Christmas/Chimney_Christmas_Top.prefab using Guid(bc25847744180f143a82f2f1fefa65f4) Importer(815301076,1909f56bfc062723c751e8b465ee728b)  -> (artifact id: 'ff8d43587808e57e1d788adae530dc34') in 0.022537 seconds
Number of updated asset objects reloaded before import = 0
Number of asset objects unloaded after import = 12
========================================================================
Received Import Request.
  Time since last request: 0.000443 seconds.
  path: Assets/polyperfect/Poly Christmas/Prefabs/Christmas/Fireplace_Brick_Large.prefab
  artifactKey: Guid(389853f73f540ff4f873ba42549519bb) Importer(815301076,1909f56bfc062723c751e8b465ee728b)
Start importing Assets/polyperfect/Poly Christmas/Prefabs/Christmas/Fireplace_Brick_Large.prefab using Guid(389853f73f540ff4f873ba42549519bb) Importer(815301076,1909f56bfc062723c751e8b465ee728b)  -> (artifact id: '0593937953ced77ee5df9d42bf572f8f') in 0.022190 seconds
Number of updated asset objects reloaded before import = 0
Number of asset objects unloaded after import = 12
========================================================================
Received Import Request.
  Time since last request: 0.000031 seconds.
  path: Assets/polyperfect/Poly Christmas/Prefabs/Christmas/Chimney_Christmas_2m.prefab
  artifactKey: Guid(cf476e74f1d471b458ee0d1b49049898) Importer(815301076,1909f56bfc062723c751e8b465ee728b)
Start importing Assets/polyperfect/Poly Christmas/Prefabs/Christmas/Chimney_Christmas_2m.prefab using Guid(cf476e74f1d471b458ee0d1b49049898) Importer(815301076,1909f56bfc062723c751e8b465ee728b)  -> (artifact id: '9dd0bcfd2994f0084be07eb836bf6716') in 0.022292 seconds
Number of updated asset objects reloaded before import = 0
Number of asset objects unloaded after import = 12
========================================================================
Received Import Request.
  Time since last request: 0.000033 seconds.
  path: Assets/polyperfect/Poly Christmas/Prefabs/Christmas/Gift_Christmas_Cylinder_C.prefab
  artifactKey: Guid(40fd742884ea1b9429237ebfd4fe82fa) Importer(815301076,1909f56bfc062723c751e8b465ee728b)
Start importing Assets/polyperfect/Poly Christmas/Prefabs/Christmas/Gift_Christmas_Cylinder_C.prefab using Guid(40fd742884ea1b9429237ebfd4fe82fa) Importer(815301076,1909f56bfc062723c751e8b465ee728b)  -> (artifact id: '48fa2913b34d99e58f3d5def1737efe6') in 0.023293 seconds
Number of updated asset objects reloaded before import = 0
Number of asset objects unloaded after import = 12
========================================================================
Received Import Request.
  Time since last request: 0.000286 seconds.
  path: Assets/polyperfect/Poly Christmas/Prefabs/Christmas/Gingerbread_Heart_A.prefab
  artifactKey: Guid(ee124429ba354984887a870b7b6c49c3) Importer(815301076,1909f56bfc062723c751e8b465ee728b)
Start importing Assets/polyperfect/Poly Christmas/Prefabs/Christmas/Gingerbread_Heart_A.prefab using Guid(ee124429ba354984887a870b7b6c49c3) Importer(815301076,1909f56bfc062723c751e8b465ee728b)  -> (artifact id: 'be1d6efb8bd1bcadc636ac7f36e74a61') in 0.021868 seconds
Number of updated asset objects reloaded before import = 0
Number of asset objects unloaded after import = 12
========================================================================
Received Import Request.
  Time since last request: 0.000029 seconds.
  path: Assets/polyperfect/Poly Christmas/Prefabs/Christmas/Gingerbread_Star_B.prefab
  artifactKey: Guid(c4d96fe03b4f3434693d009cbd8388c2) Importer(815301076,1909f56bfc062723c751e8b465ee728b)
Start importing Assets/polyperfect/Poly Christmas/Prefabs/Christmas/Gingerbread_Star_B.prefab using Guid(c4d96fe03b4f3434693d009cbd8388c2) Importer(815301076,1909f56bfc062723c751e8b465ee728b)  -> (artifact id: '8fd7ad12d79e22d3df60044b887541c4') in 0.020093 seconds
Number of updated asset objects reloaded before import = 0
Number of asset objects unloaded after import = 12
========================================================================
Received Import Request.
  Time since last request: 0.000370 seconds.
  path: Assets/polyperfect/Poly Christmas/Prefabs/Christmas/Gift_Christmas_Long_Open.prefab
  artifactKey: Guid(104a3741cf0ee61499996f4193cf554b) Importer(815301076,1909f56bfc062723c751e8b465ee728b)
Start importing Assets/polyperfect/Poly Christmas/Prefabs/Christmas/Gift_Christmas_Long_Open.prefab using Guid(104a3741cf0ee61499996f4193cf554b) Importer(815301076,1909f56bfc062723c751e8b465ee728b)  -> (artifact id: '6532e0f860986d1a9aa1fdb1beebcb5b') in 0.019548 seconds
Number of updated asset objects reloaded before import = 0
Number of asset objects unloaded after import = 12
========================================================================
Received Import Request.
  Time since last request: 0.000027 seconds.
  path: Assets/polyperfect/Poly Christmas/Prefabs/Christmas/Light_String_White_5m_Christmas.prefab
  artifactKey: Guid(747bd6e850004a14798a291803c5daa4) Importer(815301076,1909f56bfc062723c751e8b465ee728b)
Start importing Assets/polyperfect/Poly Christmas/Prefabs/Christmas/Light_String_White_5m_Christmas.prefab using Guid(747bd6e850004a14798a291803c5daa4) Importer(815301076,1909f56bfc062723c751e8b465ee728b)  -> (artifact id: 'cffee045458ab2cf54e7d964bf639ee4') in 0.023497 seconds
Number of updated asset objects reloaded before import = 0
Number of asset objects unloaded after import = 12
========================================================================
Received Import Request.
  Time since last request: 0.000026 seconds.
  path: Assets/polyperfect/Poly Christmas/Prefabs/Christmas/Pinecone.prefab
  artifactKey: Guid(594d0276bda3be24ab66e3b82a3bf2fd) Importer(815301076,1909f56bfc062723c751e8b465ee728b)
Start importing Assets/polyperfect/Poly Christmas/Prefabs/Christmas/Pinecone.prefab using Guid(594d0276bda3be24ab66e3b82a3bf2fd) Importer(815301076,1909f56bfc062723c751e8b465ee728b)  -> (artifact id: 'dcd5a04b87c420a7b3e3ac9f28c82d2c') in 0.028051 seconds
Number of updated asset objects reloaded before import = 0
Number of asset objects unloaded after import = 12
========================================================================
Received Import Request.
  Time since last request: 0.000037 seconds.
  path: Assets/polyperfect/Poly Christmas/Prefabs/Christmas/Plate_Dinner_English.prefab
  artifactKey: Guid(2e4ce174d6fedb649b3dd104c2df0083) Importer(815301076,1909f56bfc062723c751e8b465ee728b)
Start importing Assets/polyperfect/Poly Christmas/Prefabs/Christmas/Plate_Dinner_English.prefab using Guid(2e4ce174d6fedb649b3dd104c2df0083) Importer(815301076,1909f56bfc062723c751e8b465ee728b)  -> (artifact id: 'fa41a77e8cd898f5a8a61e140a5cdea8') in 0.025769 seconds
Number of updated asset objects reloaded before import = 0
Number of asset objects unloaded after import = 12
========================================================================
Received Import Request.
  Time since last request: 0.000041 seconds.
  path: Assets/polyperfect/Poly Christmas/Prefabs/Christmas/Mistletoe_B.prefab
  artifactKey: Guid(188d10171200cc642ab6bf02c438b703) Importer(815301076,1909f56bfc062723c751e8b465ee728b)
Start importing Assets/polyperfect/Poly Christmas/Prefabs/Christmas/Mistletoe_B.prefab using Guid(188d10171200cc642ab6bf02c438b703) Importer(815301076,1909f56bfc062723c751e8b465ee728b)  -> (artifact id: 'fabce2751df5a0352da000bbb05c83c6') in 0.023409 seconds
Number of updated asset objects reloaded before import = 0
Number of asset objects unloaded after import = 12
========================================================================
Received Import Request.
  Time since last request: 0.000033 seconds.
  path: Assets/polyperfect/Poly Christmas/Prefabs/Christmas/Light_String_Color_Big_3m_Christmas.prefab
  artifactKey: Guid(ab3691c921032cb4cba90f80cf907775) Importer(815301076,1909f56bfc062723c751e8b465ee728b)
Start importing Assets/polyperfect/Poly Christmas/Prefabs/Christmas/Light_String_Color_Big_3m_Christmas.prefab using Guid(ab3691c921032cb4cba90f80cf907775) Importer(815301076,1909f56bfc062723c751e8b465ee728b)  -> (artifact id: 'fc488dc4890f52394abbc71a417075ac') in 0.021423 seconds
Number of updated asset objects reloaded before import = 0
Number of asset objects unloaded after import = 12
========================================================================
Received Import Request.
  Time since last request: 0.000031 seconds.
  path: Assets/polyperfect/Poly Christmas/Meshes/People/Seasons People/SKM_Boy_Large_Christmas.fbx
  artifactKey: Guid(14c584747ddfe034b9751463d2539273) Importer(815301076,1909f56bfc062723c751e8b465ee728b)
Start importing Assets/polyperfect/Poly Christmas/Meshes/People/Seasons People/SKM_Boy_Large_Christmas.fbx using Guid(14c584747ddfe034b9751463d2539273) Importer(815301076,1909f56bfc062723c751e8b465ee728b)  -> (artifact id: 'ce14b9ad7bc1136b4267b239ce9ea343') in 0.057795 seconds
Number of updated asset objects reloaded before import = 0
Number of asset objects unloaded after import = 142
========================================================================
Received Import Request.
  Time since last request: 0.000910 seconds.
  path: Assets/polyperfect/Poly Christmas/Meshes/Christmas/SM_Candle_Decorated_Lit_Christmas.fbx
  artifactKey: Guid(9cacb2bb64304f64d9e741bbccfd149f) Importer(815301076,1909f56bfc062723c751e8b465ee728b)
Start importing Assets/polyperfect/Poly Christmas/Meshes/Christmas/SM_Candle_Decorated_Lit_Christmas.fbx using Guid(9cacb2bb64304f64d9e741bbccfd149f) Importer(815301076,1909f56bfc062723c751e8b465ee728b)  -> (artifact id: '96232570458d6042d0a3a77cf8136b89') in 0.021823 seconds
Number of updated asset objects reloaded before import = 0
Number of asset objects unloaded after import = 7
========================================================================
Received Import Request.
  Time since last request: 0.001500 seconds.
  path: Assets/polyperfect/Poly Christmas/Prefabs/Christmas/Christmas_Stockings.prefab
  artifactKey: Guid(e61c9848e5f6c4144a3b0d6a431d9420) Importer(815301076,1909f56bfc062723c751e8b465ee728b)
Start importing Assets/polyperfect/Poly Christmas/Prefabs/Christmas/Christmas_Stockings.prefab using Guid(e61c9848e5f6c4144a3b0d6a431d9420) Importer(815301076,1909f56bfc062723c751e8b465ee728b)  -> (artifact id: '51a985a829ff44199b702fa12dcf8be4') in 0.030352 seconds
Number of updated asset objects reloaded before import = 0
Number of asset objects unloaded after import = 12
========================================================================
Received Import Request.
  Time since last request: 0.000150 seconds.
  path: Assets/polyperfect/Poly Christmas/Meshes/Christmas/SM_Candle_Holder_Tall_C_Unlit_Christmas.fbx
  artifactKey: Guid(f522d1e147cd5e34eac7c751238a4809) Importer(815301076,1909f56bfc062723c751e8b465ee728b)
Start importing Assets/polyperfect/Poly Christmas/Meshes/Christmas/SM_Candle_Holder_Tall_C_Unlit_Christmas.fbx using Guid(f522d1e147cd5e34eac7c751238a4809) Importer(815301076,1909f56bfc062723c751e8b465ee728b)  -> (artifact id: '7633e1c3a0f6ebd6aa87f340de3901ad') in 0.020282 seconds
Number of updated asset objects reloaded before import = 0
Number of asset objects unloaded after import = 7
========================================================================
Received Import Request.
  Time since last request: 0.000029 seconds.
  path: Assets/polyperfect/Poly Christmas/Prefabs/Christmas/Candle_Holder_Tall_B_Unlit_Christmas.prefab
  artifactKey: Guid(4808eb401dad26648a74f01c05566228) Importer(815301076,1909f56bfc062723c751e8b465ee728b)
Start importing Assets/polyperfect/Poly Christmas/Prefabs/Christmas/Candle_Holder_Tall_B_Unlit_Christmas.prefab using Guid(4808eb401dad26648a74f01c05566228) Importer(815301076,1909f56bfc062723c751e8b465ee728b)  -> (artifact id: '362d98ee48593d46fdf0c145c002e013') in 0.023172 seconds
Number of updated asset objects reloaded before import = 0
Number of asset objects unloaded after import = 12
========================================================================
Received Import Request.
  Time since last request: 0.000034 seconds.
  path: Assets/polyperfect/Poly Christmas/Meshes/Christmas/SM_Chimney_Christmas_Top.fbx
  artifactKey: Guid(17e961a9fa6e8a741a8c3d16c2a3402c) Importer(815301076,1909f56bfc062723c751e8b465ee728b)
Start importing Assets/polyperfect/Poly Christmas/Meshes/Christmas/SM_Chimney_Christmas_Top.fbx using Guid(17e961a9fa6e8a741a8c3d16c2a3402c) Importer(815301076,1909f56bfc062723c751e8b465ee728b)  -> (artifact id: '3697729d04661f4d99e88d72e6d22ac9') in 0.018708 seconds
Number of updated asset objects reloaded before import = 0
Number of asset objects unloaded after import = 7
========================================================================
Received Import Request.
  Time since last request: 0.000252 seconds.
  path: Assets/polyperfect/Poly Christmas/Meshes/Christmas/SM_Cookie_Jam_Heart.fbx
  artifactKey: Guid(36256b5f39f57f44ea27014d238bc35b) Importer(815301076,1909f56bfc062723c751e8b465ee728b)
Start importing Assets/polyperfect/Poly Christmas/Meshes/Christmas/SM_Cookie_Jam_Heart.fbx using Guid(36256b5f39f57f44ea27014d238bc35b) Importer(815301076,1909f56bfc062723c751e8b465ee728b)  -> (artifact id: '4cee2516bd9a1a04a6bb925e1601f6ad') in 0.021012 seconds
Number of updated asset objects reloaded before import = 0
Number of asset objects unloaded after import = 7
========================================================================
Received Import Request.
  Time since last request: 0.000182 seconds.
  path: Assets/polyperfect/Poly Christmas/Meshes/Christmas/SM_Candle_Decorated_Unlit_Christmas.fbx
  artifactKey: Guid(f6a3556f412250d4aa403b0209ff5394) Importer(815301076,1909f56bfc062723c751e8b465ee728b)
Start importing Assets/polyperfect/Poly Christmas/Meshes/Christmas/SM_Candle_Decorated_Unlit_Christmas.fbx using Guid(f6a3556f412250d4aa403b0209ff5394) Importer(815301076,1909f56bfc062723c751e8b465ee728b)  -> (artifact id: '25bfaf8322ca74c9245f66b2accb35d5') in 0.019247 seconds
Number of updated asset objects reloaded before import = 0
Number of asset objects unloaded after import = 7
========================================================================
Received Import Request.
  Time since last request: 0.001380 seconds.
  path: Assets/polyperfect/Poly Christmas/Prefabs/Christmas/Hat_Santa.prefab
  artifactKey: Guid(d0e881a3109fdcf4a850143faf698d76) Importer(815301076,1909f56bfc062723c751e8b465ee728b)
Start importing Assets/polyperfect/Poly Christmas/Prefabs/Christmas/Hat_Santa.prefab using Guid(d0e881a3109fdcf4a850143faf698d76) Importer(815301076,1909f56bfc062723c751e8b465ee728b)  -> (artifact id: 'bac70eea8397e75c84e515e6051116d2') in 0.024986 seconds
Number of updated asset objects reloaded before import = 0
Number of asset objects unloaded after import = 11
========================================================================
Received Import Request.
  Time since last request: 0.000033 seconds.
  path: Assets/polyperfect/Poly Christmas/Meshes/Christmas/SM_Chimney_Christmas_1m.fbx
  artifactKey: Guid(ad10dd5d1b1b476458555003b548963f) Importer(815301076,1909f56bfc062723c751e8b465ee728b)
Start importing Assets/polyperfect/Poly Christmas/Meshes/Christmas/SM_Chimney_Christmas_1m.fbx using Guid(ad10dd5d1b1b476458555003b548963f) Importer(815301076,1909f56bfc062723c751e8b465ee728b)  -> (artifact id: '07a1ffb51b8da7947517875ac4c99552') in 0.023914 seconds
Number of updated asset objects reloaded before import = 0
Number of asset objects unloaded after import = 7
========================================================================
Received Import Request.
  Time since last request: 0.000371 seconds.
  path: Assets/polyperfect/Poly Christmas/Prefabs/Christmas/Sleigh_Wooden.prefab
  artifactKey: Guid(b07b226a4007b804e8041ba51687016d) Importer(815301076,1909f56bfc062723c751e8b465ee728b)
Start importing Assets/polyperfect/Poly Christmas/Prefabs/Christmas/Sleigh_Wooden.prefab using Guid(b07b226a4007b804e8041ba51687016d) Importer(815301076,1909f56bfc062723c751e8b465ee728b)  -> (artifact id: 'e019171f85e57ae48cdb766d1f7c57e1') in 0.023316 seconds
Number of updated asset objects reloaded before import = 0
Number of asset objects unloaded after import = 12
========================================================================
Received Import Request.
  Time since last request: 0.000028 seconds.
  path: Assets/polyperfect/Poly Christmas/Prefabs/Christmas/Gift_Christmas_Cube_D.prefab
  artifactKey: Guid(979b0a6dc2288834badf7c19739d05ab) Importer(815301076,1909f56bfc062723c751e8b465ee728b)
Start importing Assets/polyperfect/Poly Christmas/Prefabs/Christmas/Gift_Christmas_Cube_D.prefab using Guid(979b0a6dc2288834badf7c19739d05ab) Importer(815301076,1909f56bfc062723c751e8b465ee728b)  -> (artifact id: '0d57d536c40635a3d1326d804bdf54fe') in 0.025060 seconds
Number of updated asset objects reloaded before import = 0
Number of asset objects unloaded after import = 12
========================================================================
Received Import Request.
  Time since last request: 0.000028 seconds.
  path: Assets/polyperfect/Poly Christmas/Prefabs/Christmas/Gift_Christmas_Long_Open_Lid.prefab
  artifactKey: Guid(7f495781324ed2d4eb438e4cf6019d8e) Importer(815301076,1909f56bfc062723c751e8b465ee728b)
Start importing Assets/polyperfect/Poly Christmas/Prefabs/Christmas/Gift_Christmas_Long_Open_Lid.prefab using Guid(7f495781324ed2d4eb438e4cf6019d8e) Importer(815301076,1909f56bfc062723c751e8b465ee728b)  -> (artifact id: 'd0eb6401f00ff0f290c07a1be2f9a3d6') in 0.021139 seconds
Number of updated asset objects reloaded before import = 0
Number of asset objects unloaded after import = 12
========================================================================
Received Import Request.
  Time since last request: 0.000024 seconds.
  path: Assets/polyperfect/Poly Christmas/Meshes/Christmas/SM_Candle_Holder_Tall_B_Lit_Christmas.fbx
  artifactKey: Guid(10e5831c4c259df4094b558469511885) Importer(815301076,1909f56bfc062723c751e8b465ee728b)
Start importing Assets/polyperfect/Poly Christmas/Meshes/Christmas/SM_Candle_Holder_Tall_B_Lit_Christmas.fbx using Guid(10e5831c4c259df4094b558469511885) Importer(815301076,1909f56bfc062723c751e8b465ee728b)  -> (artifact id: 'c40e54b5c7e561514eb2688e1c693738') in 0.016364 seconds
Number of updated asset objects reloaded before import = 0
Number of asset objects unloaded after import = 7
========================================================================
Received Import Request.
  Time since last request: 0.000119 seconds.
  path: Assets/polyperfect/Poly Christmas/Prefabs/Christmas/Fish_Carp.prefab
  artifactKey: Guid(f414741cd310cc54d94c141896f3e162) Importer(815301076,1909f56bfc062723c751e8b465ee728b)
Start importing Assets/polyperfect/Poly Christmas/Prefabs/Christmas/Fish_Carp.prefab using Guid(f414741cd310cc54d94c141896f3e162) Importer(815301076,1909f56bfc062723c751e8b465ee728b)  -> (artifact id: 'f21abef0b0d70abb16f6ac9232650cc4') in 0.022758 seconds
Number of updated asset objects reloaded before import = 0
Number of asset objects unloaded after import = 12
========================================================================
Received Import Request.
  Time since last request: 0.000034 seconds.
  path: Assets/polyperfect/Poly Christmas/Meshes/Christmas/SM_Candle_Holder_Short_A_Lit_Christmas.fbx
  artifactKey: Guid(fa6eabaacc20903429e6b42e01f3e0c9) Importer(815301076,1909f56bfc062723c751e8b465ee728b)
Start importing Assets/polyperfect/Poly Christmas/Meshes/Christmas/SM_Candle_Holder_Short_A_Lit_Christmas.fbx using Guid(fa6eabaacc20903429e6b42e01f3e0c9) Importer(815301076,1909f56bfc062723c751e8b465ee728b)  -> (artifact id: '91a527711781c107593bb6aad59debd5') in 0.019464 seconds
Number of updated asset objects reloaded before import = 0
Number of asset objects unloaded after import = 7
========================================================================
Received Import Request.
  Time since last request: 0.000043 seconds.
  path: Assets/polyperfect/Poly Christmas/Meshes/Christmas/SM_Gift_Christmas_Cube_Open_Base.fbx
  artifactKey: Guid(1c86593e9424ca34b8a5839681421dbf) Importer(815301076,1909f56bfc062723c751e8b465ee728b)
Start importing Assets/polyperfect/Poly Christmas/Meshes/Christmas/SM_Gift_Christmas_Cube_Open_Base.fbx using Guid(1c86593e9424ca34b8a5839681421dbf) Importer(815301076,1909f56bfc062723c751e8b465ee728b)  -> (artifact id: 'd5b13b174cbccc982dc98e4d9edcd47f') in 0.016439 seconds
Number of updated asset objects reloaded before import = 0
Number of asset objects unloaded after import = 7
========================================================================
Received Import Request.
  Time since last request: 0.000026 seconds.
  path: Assets/polyperfect/Poly Christmas/Prefabs/Christmas/Mince_Pie.prefab
  artifactKey: Guid(4f5c39ef93b182342924a20fdcc0dee0) Importer(815301076,1909f56bfc062723c751e8b465ee728b)
Start importing Assets/polyperfect/Poly Christmas/Prefabs/Christmas/Mince_Pie.prefab using Guid(4f5c39ef93b182342924a20fdcc0dee0) Importer(815301076,1909f56bfc062723c751e8b465ee728b)  -> (artifact id: '09847248e7806d286a120c2930d3e79d') in 0.025191 seconds
Number of updated asset objects reloaded before import = 0
Number of asset objects unloaded after import = 12
========================================================================
Received Import Request.
  Time since last request: 0.000017 seconds.
  path: Assets/polyperfect/Poly Christmas/Meshes/Christmas/SM_Gingerbread_Man.fbx
  artifactKey: Guid(8da57ffd7cd541f4889b67362e9b2c52) Importer(815301076,1909f56bfc062723c751e8b465ee728b)
Start importing Assets/polyperfect/Poly Christmas/Meshes/Christmas/SM_Gingerbread_Man.fbx using Guid(8da57ffd7cd541f4889b67362e9b2c52) Importer(815301076,1909f56bfc062723c751e8b465ee728b)  -> (artifact id: 'd1ad53274230b00b0d776684b42d1a42') in 0.014140 seconds
Number of updated asset objects reloaded before import = 0
Number of asset objects unloaded after import = 7
========================================================================
Received Import Request.
  Time since last request: 0.000133 seconds.
  path: Assets/polyperfect/Poly Christmas/Prefabs/Christmas/Sleigh_Christmas.prefab
  artifactKey: Guid(bdfcb529799320b45aa29f35ea838ab8) Importer(815301076,1909f56bfc062723c751e8b465ee728b)
Start importing Assets/polyperfect/Poly Christmas/Prefabs/Christmas/Sleigh_Christmas.prefab using Guid(bdfcb529799320b45aa29f35ea838ab8) Importer(815301076,1909f56bfc062723c751e8b465ee728b)  -> (artifact id: 'b403fc6aef4301eb910e3d60aee8d61d') in 0.022466 seconds
Number of updated asset objects reloaded before import = 0
Number of asset objects unloaded after import = 23
========================================================================
Received Import Request.
  Time since last request: 0.000024 seconds.
  path: Assets/polyperfect/Poly Christmas/Meshes/Christmas/SM_Gingerbread_Star_B.fbx
  artifactKey: Guid(c8851b40216a91c40bd197b6164ceba3) Importer(815301076,1909f56bfc062723c751e8b465ee728b)
Start importing Assets/polyperfect/Poly Christmas/Meshes/Christmas/SM_Gingerbread_Star_B.fbx using Guid(c8851b40216a91c40bd197b6164ceba3) Importer(815301076,1909f56bfc062723c751e8b465ee728b)  -> (artifact id: '09bb4643480ca435f1432ec248db70a2') in 0.014758 seconds
Number of updated asset objects reloaded before import = 0
Number of asset objects unloaded after import = 7
========================================================================
Received Import Request.
  Time since last request: 0.000098 seconds.
  path: Assets/polyperfect/Poly Christmas/Prefabs/Christmas/Mistletoe_A.prefab
  artifactKey: Guid(ccc795b2310d71845acb838ee5564ef0) Importer(815301076,1909f56bfc062723c751e8b465ee728b)
Start importing Assets/polyperfect/Poly Christmas/Prefabs/Christmas/Mistletoe_A.prefab using Guid(ccc795b2310d71845acb838ee5564ef0) Importer(815301076,1909f56bfc062723c751e8b465ee728b)  -> (artifact id: '417e56d8f5816c85eb474437cfb5ea0e') in 0.019531 seconds
Number of updated asset objects reloaded before import = 0
Number of asset objects unloaded after import = 12
========================================================================
Received Import Request.
  Time since last request: 0.000027 seconds.
  path: Assets/polyperfect/Poly Christmas/Prefabs/Christmas/Gingerbread_Tree_A.prefab
  artifactKey: Guid(409ae2c07e2ae7f47b09620e410637dc) Importer(815301076,1909f56bfc062723c751e8b465ee728b)
Start importing Assets/polyperfect/Poly Christmas/Prefabs/Christmas/Gingerbread_Tree_A.prefab using Guid(409ae2c07e2ae7f47b09620e410637dc) Importer(815301076,1909f56bfc062723c751e8b465ee728b)  -> (artifact id: '492ab991f7e8db5bba5aed4ebcbecf57') in 0.018196 seconds
Number of updated asset objects reloaded before import = 0
Number of asset objects unloaded after import = 12
========================================================================
Received Import Request.
  Time since last request: 0.000027 seconds.
  path: Assets/polyperfect/Poly Christmas/Meshes/Christmas/SM_Gingerbread_Tree_B.fbx
  artifactKey: Guid(71a9f0083c341ee438eb7d2e49e33bd5) Importer(815301076,1909f56bfc062723c751e8b465ee728b)
Start importing Assets/polyperfect/Poly Christmas/Meshes/Christmas/SM_Gingerbread_Tree_B.fbx using Guid(71a9f0083c341ee438eb7d2e49e33bd5) Importer(815301076,1909f56bfc062723c751e8b465ee728b)  -> (artifact id: 'a9d836be562e646e47ebaa6aefd2da08') in 0.014993 seconds
Number of updated asset objects reloaded before import = 0
Number of asset objects unloaded after import = 7
========================================================================
Received Import Request.
  Time since last request: 0.000020 seconds.
  path: Assets/polyperfect/Poly Christmas/Prefabs/Christmas/Gift_Christmas_Cylinder_Open_Lid.prefab
  artifactKey: Guid(804e29121695fde47ada9301915331ec) Importer(815301076,1909f56bfc062723c751e8b465ee728b)
Start importing Assets/polyperfect/Poly Christmas/Prefabs/Christmas/Gift_Christmas_Cylinder_Open_Lid.prefab using Guid(804e29121695fde47ada9301915331ec) Importer(815301076,1909f56bfc062723c751e8b465ee728b)  -> (artifact id: '3b18a79158562389899881232be77308') in 0.017059 seconds
Number of updated asset objects reloaded before import = 0
Number of asset objects unloaded after import = 12
========================================================================
Received Import Request.
  Time since last request: 0.000026 seconds.
  path: Assets/polyperfect/Poly Christmas/Meshes/Christmas/SM_Gingerbread_Heart_A.fbx
  artifactKey: Guid(d13f980251c5d4f42b71b0adde29f8a0) Importer(815301076,1909f56bfc062723c751e8b465ee728b)
Start importing Assets/polyperfect/Poly Christmas/Meshes/Christmas/SM_Gingerbread_Heart_A.fbx using Guid(d13f980251c5d4f42b71b0adde29f8a0) Importer(815301076,1909f56bfc062723c751e8b465ee728b)  -> (artifact id: 'd878c39be74baf6025e5e61b780e2d7b') in 0.013686 seconds
Number of updated asset objects reloaded before import = 0
Number of asset objects unloaded after import = 7
========================================================================
Received Import Request.
  Time since last request: 0.000019 seconds.
  path: Assets/polyperfect/Poly Christmas/Meshes/Christmas/SM_Light_String_White_2m_Christmas.fbx
  artifactKey: Guid(f342cf8a642dac14ca3b25ed8a2a3e86) Importer(815301076,1909f56bfc062723c751e8b465ee728b)
Start importing Assets/polyperfect/Poly Christmas/Meshes/Christmas/SM_Light_String_White_2m_Christmas.fbx using Guid(f342cf8a642dac14ca3b25ed8a2a3e86) Importer(815301076,1909f56bfc062723c751e8b465ee728b)  -> (artifact id: '64b6b61d86cbbf1515f03eb8f14ce486') in 0.013665 seconds
Number of updated asset objects reloaded before import = 0
Number of asset objects unloaded after import = 7
========================================================================
Received Import Request.
  Time since last request: 0.000027 seconds.
  path: Assets/polyperfect/Poly Christmas/Meshes/Christmas/SM_Pinecone.fbx
  artifactKey: Guid(de8de15b00c05b041a7cddc33cdb8e84) Importer(815301076,1909f56bfc062723c751e8b465ee728b)
Start importing Assets/polyperfect/Poly Christmas/Meshes/Christmas/SM_Pinecone.fbx using Guid(de8de15b00c05b041a7cddc33cdb8e84) Importer(815301076,1909f56bfc062723c751e8b465ee728b)  -> (artifact id: 'c4858cd2c6297887d6cfcf4701bbc612') in 0.022301 seconds
Number of updated asset objects reloaded before import = 0
Number of asset objects unloaded after import = 7
========================================================================
Received Import Request.
  Time since last request: 0.000037 seconds.
  path: Assets/polyperfect/Poly Christmas/Prefabs/Christmas/Plate_Dinner_Czech_B.prefab
  artifactKey: Guid(7dc62fa4f5d0c134cb3cf55d08dab295) Importer(815301076,1909f56bfc062723c751e8b465ee728b)
Start importing Assets/polyperfect/Poly Christmas/Prefabs/Christmas/Plate_Dinner_Czech_B.prefab using Guid(7dc62fa4f5d0c134cb3cf55d08dab295) Importer(815301076,1909f56bfc062723c751e8b465ee728b)  -> (artifact id: 'c6c83c058925d574c50a31f0b4527809') in 0.019362 seconds
Number of updated asset objects reloaded before import = 0
Number of asset objects unloaded after import = 12
========================================================================
Received Import Request.
  Time since last request: 0.000018 seconds.
  path: Assets/polyperfect/Poly Christmas/Meshes/Christmas/SM_Sleigh_Wooden.fbx
  artifactKey: Guid(aded4f79ce404f849a69d42427694104) Importer(815301076,1909f56bfc062723c751e8b465ee728b)
Start importing Assets/polyperfect/Poly Christmas/Meshes/Christmas/SM_Sleigh_Wooden.fbx using Guid(aded4f79ce404f849a69d42427694104) Importer(815301076,1909f56bfc062723c751e8b465ee728b)  -> (artifact id: '826524c4a947fead22eb2dc3f6d5c1d8') in 0.014063 seconds
Number of updated asset objects reloaded before import = 0
Number of asset objects unloaded after import = 7
========================================================================
Received Import Request.
  Time since last request: 0.000019 seconds.
  path: Assets/polyperfect/Poly Christmas/Prefabs/Christmas/Light_String_White_Small_2m_Christmas.prefab
  artifactKey: Guid(2bb6beef5ca3c004db6cd01a8b2edbd4) Importer(815301076,1909f56bfc062723c751e8b465ee728b)
Start importing Assets/polyperfect/Poly Christmas/Prefabs/Christmas/Light_String_White_Small_2m_Christmas.prefab using Guid(2bb6beef5ca3c004db6cd01a8b2edbd4) Importer(815301076,1909f56bfc062723c751e8b465ee728b)  -> (artifact id: '16d042b544cb5823e9d63bbff5af5415') in 0.018714 seconds
Number of updated asset objects reloaded before import = 0
Number of asset objects unloaded after import = 12
========================================================================
Received Import Request.
  Time since last request: 0.000026 seconds.
  path: Assets/polyperfect/Poly Christmas/Meshes/Christmas/SM_Serving_Pot_Christmas.fbx
  artifactKey: Guid(785e4345e2886814f86520681f301fc2) Importer(815301076,1909f56bfc062723c751e8b465ee728b)
Start importing Assets/polyperfect/Poly Christmas/Meshes/Christmas/SM_Serving_Pot_Christmas.fbx using Guid(785e4345e2886814f86520681f301fc2) Importer(815301076,1909f56bfc062723c751e8b465ee728b)  -> (artifact id: '6174a5003262e1da6a669d0fe444c468') in 0.034795 seconds
Number of updated asset objects reloaded before import = 0
Number of asset objects unloaded after import = 14
========================================================================
Received Import Request.
  Time since last request: 0.000021 seconds.
  path: Assets/polyperfect/Poly Christmas/Prefabs/Christmas/Gingerbread_Tree_B.prefab
  artifactKey: Guid(4dce7315d2de9c64b8c8a63e92908610) Importer(815301076,1909f56bfc062723c751e8b465ee728b)
Start importing Assets/polyperfect/Poly Christmas/Prefabs/Christmas/Gingerbread_Tree_B.prefab using Guid(4dce7315d2de9c64b8c8a63e92908610) Importer(815301076,1909f56bfc062723c751e8b465ee728b)  -> (artifact id: 'ea2d77f35dd45000fe14d5f10c44a34e') in 0.017476 seconds
Number of updated asset objects reloaded before import = 0
Number of asset objects unloaded after import = 12
========================================================================
Received Import Request.
  Time since last request: 0.000104 seconds.
  path: Assets/polyperfect/Poly Christmas/Meshes/Christmas/SM_Candle_Holder_Short_B_Lit_Christmas.fbx
  artifactKey: Guid(a005925c03aaf9b4a9dd228a030e79d3) Importer(815301076,1909f56bfc062723c751e8b465ee728b)
Start importing Assets/polyperfect/Poly Christmas/Meshes/Christmas/SM_Candle_Holder_Short_B_Lit_Christmas.fbx using Guid(a005925c03aaf9b4a9dd228a030e79d3) Importer(815301076,1909f56bfc062723c751e8b465ee728b)  -> (artifact id: 'b4dc0b1d594a464b34923844e2266ca8') in 0.014630 seconds
Number of updated asset objects reloaded before import = 0
Number of asset objects unloaded after import = 7
========================================================================
Received Import Request.
  Time since last request: 0.000020 seconds.
  path: Assets/polyperfect/Poly Christmas/Prefabs/Christmas/Table_Christmas_Dinner_English.prefab
  artifactKey: Guid(1b1c580947b96324f81a7751d73caf16) Importer(815301076,1909f56bfc062723c751e8b465ee728b)
Start importing Assets/polyperfect/Poly Christmas/Prefabs/Christmas/Table_Christmas_Dinner_English.prefab using Guid(1b1c580947b96324f81a7751d73caf16) Importer(815301076,1909f56bfc062723c751e8b465ee728b)  -> (artifact id: '6241ea13c9e425d82459a6f6e71951f4') in 0.050461 seconds
Number of updated asset objects reloaded before import = 0
Number of asset objects unloaded after import = 360
========================================================================
Received Import Request.
  Time since last request: 0.000033 seconds.
  path: Assets/polyperfect/Poly Christmas/Prefabs/Christmas/Light_String_White_2m_Christmas.prefab
  artifactKey: Guid(ebaaf098508c5d0498c00258bf1152c7) Importer(815301076,1909f56bfc062723c751e8b465ee728b)
Start importing Assets/polyperfect/Poly Christmas/Prefabs/Christmas/Light_String_White_2m_Christmas.prefab using Guid(ebaaf098508c5d0498c00258bf1152c7) Importer(815301076,1909f56bfc062723c751e8b465ee728b)  -> (artifact id: '7ca6efa294dbc4043e7dadad3fbbc313') in 0.021475 seconds
Number of updated asset objects reloaded before import = 0
Number of asset objects unloaded after import = 12
========================================================================
Received Import Request.
  Time since last request: 0.000035 seconds.
  path: Assets/polyperfect/Poly Christmas/Meshes/Christmas/SM_Light_String_White_5m_Christmas.fbx
  artifactKey: Guid(f8fa5173150a7a2499c211aa6f2aad51) Importer(815301076,1909f56bfc062723c751e8b465ee728b)
Start importing Assets/polyperfect/Poly Christmas/Meshes/Christmas/SM_Light_String_White_5m_Christmas.fbx using Guid(f8fa5173150a7a2499c211aa6f2aad51) Importer(815301076,1909f56bfc062723c751e8b465ee728b)  -> (artifact id: 'fc0803f580ab9faccee226cf6a857f42') in 0.016069 seconds
Number of updated asset objects reloaded before import = 0
Number of asset objects unloaded after import = 7
========================================================================
Received Import Request.
  Time since last request: 0.000040 seconds.
  path: Assets/polyperfect/Poly Christmas/Meshes/Christmas/SM_Gift_Christmas_Cylinder_B.fbx
  artifactKey: Guid(623749415298ac44fa8af50c6be22257) Importer(815301076,1909f56bfc062723c751e8b465ee728b)
Start importing Assets/polyperfect/Poly Christmas/Meshes/Christmas/SM_Gift_Christmas_Cylinder_B.fbx using Guid(623749415298ac44fa8af50c6be22257) Importer(815301076,1909f56bfc062723c751e8b465ee728b)  -> (artifact id: 'e7fcb45b2db3fb2a016b608b9bf6a0dc') in 0.015643 seconds
Number of updated asset objects reloaded before import = 0
Number of asset objects unloaded after import = 7
========================================================================
Received Import Request.
  Time since last request: 0.000122 seconds.
  path: Assets/polyperfect/Poly Christmas/Prefabs/Christmas/Snowman_A.prefab
  artifactKey: Guid(d9514d19d7e5322418ca8534967ba021) Importer(815301076,1909f56bfc062723c751e8b465ee728b)
Start importing Assets/polyperfect/Poly Christmas/Prefabs/Christmas/Snowman_A.prefab using Guid(d9514d19d7e5322418ca8534967ba021) Importer(815301076,1909f56bfc062723c751e8b465ee728b)  -> (artifact id: 'ea8117de39d4c3543605a5556665b132') in 0.024788 seconds
Number of updated asset objects reloaded before import = 0
Number of asset objects unloaded after import = 12
========================================================================
Received Import Request.
  Time since last request: 0.000030 seconds.
  path: Assets/polyperfect/Poly Christmas/Meshes/Christmas/SM_Cutlery_Fork_Christmas.fbx
  artifactKey: Guid(842ccfcd808bdea48947721dc3b8be71) Importer(815301076,1909f56bfc062723c751e8b465ee728b)
Start importing Assets/polyperfect/Poly Christmas/Meshes/Christmas/SM_Cutlery_Fork_Christmas.fbx using Guid(842ccfcd808bdea48947721dc3b8be71) Importer(815301076,1909f56bfc062723c751e8b465ee728b)  -> (artifact id: '75bbc00cd01cce11d74c7eebca756a54') in 0.015759 seconds
Number of updated asset objects reloaded before import = 0
Number of asset objects unloaded after import = 7
========================================================================
Received Import Request.
  Time since last request: 0.000141 seconds.
  path: Assets/polyperfect/Poly Christmas/Meshes/Christmas/SM_Gift_Christmas_Long_C.fbx
  artifactKey: Guid(0f8e6610521443046b5a554d038ad23b) Importer(815301076,1909f56bfc062723c751e8b465ee728b)
Start importing Assets/polyperfect/Poly Christmas/Meshes/Christmas/SM_Gift_Christmas_Long_C.fbx using Guid(0f8e6610521443046b5a554d038ad23b) Importer(815301076,1909f56bfc062723c751e8b465ee728b)  -> (artifact id: 'f3443287ab4e93cef3a8d9aeaa3afb28') in 0.018954 seconds
Number of updated asset objects reloaded before import = 0
Number of asset objects unloaded after import = 7
========================================================================
Received Import Request.
  Time since last request: 0.000165 seconds.
  path: Assets/polyperfect/Poly Christmas/Meshes/Christmas/SM_Gift_Christmas_Cube_Open_Lid.fbx
  artifactKey: Guid(87024de4d7afa7b48904de849541a5d8) Importer(815301076,1909f56bfc062723c751e8b465ee728b)
Start importing Assets/polyperfect/Poly Christmas/Meshes/Christmas/SM_Gift_Christmas_Cube_Open_Lid.fbx using Guid(87024de4d7afa7b48904de849541a5d8) Importer(815301076,1909f56bfc062723c751e8b465ee728b)  -> (artifact id: '0af0d9387fcb4464b9966f5eeded2ff8') in 0.019459 seconds
Number of updated asset objects reloaded before import = 0
Number of asset objects unloaded after import = 7
========================================================================
Received Import Request.
  Time since last request: 0.000233 seconds.
  path: Assets/polyperfect/Poly Christmas/Meshes/Christmas/SM_Snowman_A.fbx
  artifactKey: Guid(e090def0da62a1145a4da2db3614c160) Importer(815301076,1909f56bfc062723c751e8b465ee728b)
Start importing Assets/polyperfect/Poly Christmas/Meshes/Christmas/SM_Snowman_A.fbx using Guid(e090def0da62a1145a4da2db3614c160) Importer(815301076,1909f56bfc062723c751e8b465ee728b)  -> (artifact id: 'a8c5d85165f50c3ce289054a2d97b601') in 0.017229 seconds
Number of updated asset objects reloaded before import = 0
Number of asset objects unloaded after import = 7
========================================================================
Received Import Request.
  Time since last request: 0.000879 seconds.
  path: Assets/polyperfect/Poly Christmas/Meshes/Christmas/SM_Snowman_B.fbx
  artifactKey: Guid(3d50f47fc316ae04e818e442c9684905) Importer(815301076,1909f56bfc062723c751e8b465ee728b)
Start importing Assets/polyperfect/Poly Christmas/Meshes/Christmas/SM_Snowman_B.fbx using Guid(3d50f47fc316ae04e818e442c9684905) Importer(815301076,1909f56bfc062723c751e8b465ee728b)  -> (artifact id: '93c9e3cdc6a44a4f9ff383350c90be18') in 0.019887 seconds
Number of updated asset objects reloaded before import = 0
Number of asset objects unloaded after import = 7
========================================================================
Received Import Request.
  Time since last request: 0.000535 seconds.
  path: Assets/polyperfect/Poly Christmas/Meshes/Christmas/SM_Chair_Dinner_Christmas.fbx
  artifactKey: Guid(59ee12d79258b9945aa183b1bf6a6997) Importer(815301076,1909f56bfc062723c751e8b465ee728b)
Start importing Assets/polyperfect/Poly Christmas/Meshes/Christmas/SM_Chair_Dinner_Christmas.fbx using Guid(59ee12d79258b9945aa183b1bf6a6997) Importer(815301076,1909f56bfc062723c751e8b465ee728b)  -> (artifact id: 'c0ecfa0ffa72fc58b52980a6dcc15f06') in 0.027638 seconds
Number of updated asset objects reloaded before import = 0
Number of asset objects unloaded after import = 7
========================================================================
Received Import Request.
  Time since last request: 0.000116 seconds.
  path: Assets/polyperfect/Poly Christmas/Meshes/Christmas/SM_Bag_Gift_Christmas_C.fbx
  artifactKey: Guid(fee939a4254649a4fbf1616fd5f97794) Importer(815301076,1909f56bfc062723c751e8b465ee728b)
Start importing Assets/polyperfect/Poly Christmas/Meshes/Christmas/SM_Bag_Gift_Christmas_C.fbx using Guid(fee939a4254649a4fbf1616fd5f97794) Importer(815301076,1909f56bfc062723c751e8b465ee728b)  -> (artifact id: '9b5ad61a0d280d694cf2bb667b4b5c02') in 0.016255 seconds
Number of updated asset objects reloaded before import = 0
Number of asset objects unloaded after import = 7
========================================================================
Received Import Request.
  Time since last request: 0.000131 seconds.
  path: Assets/polyperfect/Poly Christmas/Prefabs/Christmas/Bell_C_Christmas.prefab
  artifactKey: Guid(325b87f9781ba1641a6d4d4c7a013f0c) Importer(815301076,1909f56bfc062723c751e8b465ee728b)
Start importing Assets/polyperfect/Poly Christmas/Prefabs/Christmas/Bell_C_Christmas.prefab using Guid(325b87f9781ba1641a6d4d4c7a013f0c) Importer(815301076,1909f56bfc062723c751e8b465ee728b)  -> (artifact id: '91f2d13925095e210ca478d55761e50b') in 0.021302 seconds
Number of updated asset objects reloaded before import = 0
Number of asset objects unloaded after import = 12
========================================================================
Received Import Request.
  Time since last request: 0.000035 seconds.
  path: Assets/polyperfect/Poly Christmas/Meshes/Christmas/SM_Gingerbread_Tree.fbx
  artifactKey: Guid(811b06d77a4da1a41b300483511d8ba1) Importer(815301076,1909f56bfc062723c751e8b465ee728b)
Start importing Assets/polyperfect/Poly Christmas/Meshes/Christmas/SM_Gingerbread_Tree.fbx using Guid(811b06d77a4da1a41b300483511d8ba1) Importer(815301076,1909f56bfc062723c751e8b465ee728b)  -> (artifact id: '501e4542b1c9791a19601e83c1773eee') in 0.015320 seconds
Number of updated asset objects reloaded before import = 0
Number of asset objects unloaded after import = 7
========================================================================
Received Import Request.
  Time since last request: 0.000244 seconds.
  path: Assets/polyperfect/Poly Christmas/Prefabs/Christmas/Light_String_White_3m_Christmas.prefab
  artifactKey: Guid(e42e48f25e1448b4a992e290f82cd854) Importer(815301076,1909f56bfc062723c751e8b465ee728b)
Start importing Assets/polyperfect/Poly Christmas/Prefabs/Christmas/Light_String_White_3m_Christmas.prefab using Guid(e42e48f25e1448b4a992e290f82cd854) Importer(815301076,1909f56bfc062723c751e8b465ee728b)  -> (artifact id: '2ff8657e800c1dd33c807b60b9fb7082') in 0.022092 seconds
Number of updated asset objects reloaded before import = 0
Number of asset objects unloaded after import = 12
========================================================================
Received Import Request.
  Time since last request: 0.000021 seconds.
  path: Assets/polyperfect/Poly Christmas/Prefabs/Christmas/Gingerbread_Heart_B.prefab
  artifactKey: Guid(4a311c70af69b2b46a31d284dae9aaa8) Importer(815301076,1909f56bfc062723c751e8b465ee728b)
Start importing Assets/polyperfect/Poly Christmas/Prefabs/Christmas/Gingerbread_Heart_B.prefab using Guid(4a311c70af69b2b46a31d284dae9aaa8) Importer(815301076,1909f56bfc062723c751e8b465ee728b)  -> (artifact id: '893bfb858c78e49e4bfd053412ec4409') in 0.021717 seconds
Number of updated asset objects reloaded before import = 0
Number of asset objects unloaded after import = 12
========================================================================
Received Import Request.
  Time since last request: 0.000718 seconds.
  path: Assets/polyperfect/Poly Christmas/Meshes/Christmas/SM_Bell_A_Christmas.fbx
  artifactKey: Guid(5882d2d371ac41d48ab7f6b90483ba1c) Importer(815301076,1909f56bfc062723c751e8b465ee728b)
Start importing Assets/polyperfect/Poly Christmas/Meshes/Christmas/SM_Bell_A_Christmas.fbx using Guid(5882d2d371ac41d48ab7f6b90483ba1c) Importer(815301076,1909f56bfc062723c751e8b465ee728b)  -> (artifact id: '679093564a0846a42624ffbe09e9a832') in 0.017363 seconds
Number of updated asset objects reloaded before import = 0
Number of asset objects unloaded after import = 7
========================================================================
Received Import Request.
  Time since last request: 0.001127 seconds.
  path: Assets/polyperfect/Poly Christmas/Meshes/Christmas/SM_Light_String_White_3m_Christmas.fbx
  artifactKey: Guid(aefca19229051c34dad53b79a2cf771f) Importer(815301076,1909f56bfc062723c751e8b465ee728b)
Start importing Assets/polyperfect/Poly Christmas/Meshes/Christmas/SM_Light_String_White_3m_Christmas.fbx using Guid(aefca19229051c34dad53b79a2cf771f) Importer(815301076,1909f56bfc062723c751e8b465ee728b)  -> (artifact id: 'dd52f4059f1800b3043230b4e787e99f') in 0.018062 seconds
Number of updated asset objects reloaded before import = 0
Number of asset objects unloaded after import = 7
========================================================================
Received Import Request.
  Time since last request: 0.001390 seconds.
  path: Assets/Models/Printer/PrinterGreenPLAToyBricks/PrinterGreenPLAToyBricks.prefab
  artifactKey: Guid(f495977a21b9c458c8150767ce5277c1) Importer(815301076,1909f56bfc062723c751e8b465ee728b)
Start importing Assets/Models/Printer/PrinterGreenPLAToyBricks/PrinterGreenPLAToyBricks.prefab using Guid(f495977a21b9c458c8150767ce5277c1) Importer(815301076,1909f56bfc062723c751e8b465ee728b)  -> (artifact id: '31febe052f86475cd802f085569cbc3e') in 0.174949 seconds
Number of updated asset objects reloaded before import = 0
Number of asset objects unloaded after import = 95
========================================================================
Received Import Request.
  Time since last request: 0.004935 seconds.
  path: Assets/polyperfect/Poly Christmas/Prefabs/Christmas/Candle_Holder_Short_A_Lit_Christmas.prefab
  artifactKey: Guid(5fa7736411867ff43b515b0edbb411b5) Importer(815301076,1909f56bfc062723c751e8b465ee728b)
Start importing Assets/polyperfect/Poly Christmas/Prefabs/Christmas/Candle_Holder_Short_A_Lit_Christmas.prefab using Guid(5fa7736411867ff43b515b0edbb411b5) Importer(815301076,1909f56bfc062723c751e8b465ee728b)  -> (artifact id: '8968f2728db190e0d00d6af38e15ac41') in 0.029820 seconds
Number of updated asset objects reloaded before import = 0
Number of asset objects unloaded after import = 12
========================================================================
Received Import Request.
  Time since last request: 0.000028 seconds.
  path: Assets/polyperfect/Poly Christmas/Meshes/Christmas/SM_Wreath_Advent_B.fbx
  artifactKey: Guid(8ff63230b4abf644690fa6831c2e1e6d) Importer(815301076,1909f56bfc062723c751e8b465ee728b)
Start importing Assets/polyperfect/Poly Christmas/Meshes/Christmas/SM_Wreath_Advent_B.fbx using Guid(8ff63230b4abf644690fa6831c2e1e6d) Importer(815301076,1909f56bfc062723c751e8b465ee728b)  -> (artifact id: 'a4ffe3c432d9f2ad70ad3016a20ce202') in 0.020654 seconds
Number of updated asset objects reloaded before import = 0
Number of asset objects unloaded after import = 7
========================================================================
Received Import Request.
  Time since last request: 0.000560 seconds.
  path: Assets/Models/Floor/Floor.prefab
  artifactKey: Guid(e80f7d2e23378f2419270c324fb9ecc0) Importer(815301076,1909f56bfc062723c751e8b465ee728b)
Start importing Assets/Models/Floor/Floor.prefab using Guid(e80f7d2e23378f2419270c324fb9ecc0) Importer(815301076,1909f56bfc062723c751e8b465ee728b)  -> (artifact id: 'f367b86102cc4172bffe596f04ad483a') in 0.237279 seconds
Number of updated asset objects reloaded before import = 0
Number of asset objects unloaded after import = 10
========================================================================
Received Import Request.
  Time since last request: 0.000042 seconds.
  path: Assets/polyperfect/Poly Christmas/Meshes/Christmas/SM_Light_String_Color_Big_3m_Christmas.fbx
  artifactKey: Guid(3e9fee99d00775e438ccf1b127f03cc8) Importer(815301076,1909f56bfc062723c751e8b465ee728b)
Start importing Assets/polyperfect/Poly Christmas/Meshes/Christmas/SM_Light_String_Color_Big_3m_Christmas.fbx using Guid(3e9fee99d00775e438ccf1b127f03cc8) Importer(815301076,1909f56bfc062723c751e8b465ee728b)  -> (artifact id: '444758059d32fa5a9d88fa385cb1d202') in 0.040869 seconds
Number of updated asset objects reloaded before import = 0
Number of asset objects unloaded after import = 7
========================================================================
Received Import Request.
  Time since last request: 0.000039 seconds.
  path: Assets/polyperfect/Poly Christmas/Prefabs/Christmas/Light_String_Color_Big_5m_Christmas.prefab
  artifactKey: Guid(6ef52b4c0ca215444bb78a849af2cb19) Importer(815301076,1909f56bfc062723c751e8b465ee728b)
Start importing Assets/polyperfect/Poly Christmas/Prefabs/Christmas/Light_String_Color_Big_5m_Christmas.prefab using Guid(6ef52b4c0ca215444bb78a849af2cb19) Importer(815301076,1909f56bfc062723c751e8b465ee728b)  -> (artifact id: 'f5454bd88f4311fd91760526f061cf09') in 0.024936 seconds
Number of updated asset objects reloaded before import = 0
Number of asset objects unloaded after import = 12
========================================================================
Received Import Request.
  Time since last request: 0.000024 seconds.
  path: Assets/Models/Printer/PrinterYellowPLAToySteamroller/PrinterYellowPLAToySteamroller.prefab
  artifactKey: Guid(f4f466b9dc819a8a9b98739db4c3406d) Importer(815301076,1909f56bfc062723c751e8b465ee728b)
Start importing Assets/Models/Printer/PrinterYellowPLAToySteamroller/PrinterYellowPLAToySteamroller.prefab using Guid(f4f466b9dc819a8a9b98739db4c3406d) Importer(815301076,1909f56bfc062723c751e8b465ee728b)  -> (artifact id: '6626428d7823fc3fa924c25b04c3965c') in 0.177439 seconds
Number of updated asset objects reloaded before import = 0
Number of asset objects unloaded after import = 104
========================================================================
Received Import Request.
  Time since last request: 0.000432 seconds.
  path: Assets/polyperfect/Poly Christmas/Meshes/Christmas/SM_Toy_Teddy_Bear_A.fbx
  artifactKey: Guid(9443bb92fcde66244b105c5b65687377) Importer(815301076,1909f56bfc062723c751e8b465ee728b)
Start importing Assets/polyperfect/Poly Christmas/Meshes/Christmas/SM_Toy_Teddy_Bear_A.fbx using Guid(9443bb92fcde66244b105c5b65687377) Importer(815301076,1909f56bfc062723c751e8b465ee728b)  -> (artifact id: '82dfc2500f4ab3751eccb6d368f3229b') in 0.021763 seconds
Number of updated asset objects reloaded before import = 0
Number of asset objects unloaded after import = 7
========================================================================
Received Import Request.
  Time since last request: 0.001235 seconds.
  path: Assets/polyperfect/Poly Christmas/Meshes/Christmas/SM_Cookie_Chocolate_Chip.fbx
  artifactKey: Guid(e3beda14238d2c045813c133e509c7bf) Importer(815301076,1909f56bfc062723c751e8b465ee728b)
Start importing Assets/polyperfect/Poly Christmas/Meshes/Christmas/SM_Cookie_Chocolate_Chip.fbx using Guid(e3beda14238d2c045813c133e509c7bf) Importer(815301076,1909f56bfc062723c751e8b465ee728b)  -> (artifact id: '6f5c1b7cc2f837427f4e3c7894e54a19') in 0.022726 seconds
Number of updated asset objects reloaded before import = 0
Number of asset objects unloaded after import = 7
========================================================================
Received Import Request.
  Time since last request: 0.000492 seconds.
  path: Assets/polyperfect/Poly Christmas/Prefabs/Christmas/Light_String_White_Small_3m_Christmas.prefab
  artifactKey: Guid(b4f3a2dc312c508458524bdd7d94b3ab) Importer(815301076,1909f56bfc062723c751e8b465ee728b)
Start importing Assets/polyperfect/Poly Christmas/Prefabs/Christmas/Light_String_White_Small_3m_Christmas.prefab using Guid(b4f3a2dc312c508458524bdd7d94b3ab) Importer(815301076,1909f56bfc062723c751e8b465ee728b)  -> (artifact id: '962b1d1ea282b6f4cfaacd34738ce80e') in 0.026974 seconds
Number of updated asset objects reloaded before import = 0
Number of asset objects unloaded after import = 12
========================================================================
Received Import Request.
  Time since last request: 0.002989 seconds.
  path: Assets/polyperfect/Poly Christmas/Prefabs/Christmas/Bell_A_Christmas.prefab
  artifactKey: Guid(bbd720a4a3b378b44a45d901c79582c8) Importer(815301076,1909f56bfc062723c751e8b465ee728b)
Start importing Assets/polyperfect/Poly Christmas/Prefabs/Christmas/Bell_A_Christmas.prefab using Guid(bbd720a4a3b378b44a45d901c79582c8) Importer(815301076,1909f56bfc062723c751e8b465ee728b)  -> (artifact id: '6e50dea5577e849325aa7a28c4348e2f') in 0.025695 seconds
Number of updated asset objects reloaded before import = 0
Number of asset objects unloaded after import = 12
========================================================================
Received Import Request.
  Time since last request: 0.000903 seconds.
  path: Assets/polyperfect/Poly Christmas/Meshes/Christmas/SM_Toy_Train.fbx
  artifactKey: Guid(aec3c131a51b9fa43836601d5969c0f3) Importer(815301076,1909f56bfc062723c751e8b465ee728b)
Start importing Assets/polyperfect/Poly Christmas/Meshes/Christmas/SM_Toy_Train.fbx using Guid(aec3c131a51b9fa43836601d5969c0f3) Importer(815301076,1909f56bfc062723c751e8b465ee728b)  -> (artifact id: 'ec077921ed97f067ff46427d23d27979') in 0.106738 seconds
Number of updated asset objects reloaded before import = 0
Number of asset objects unloaded after import = 24
========================================================================
Received Import Request.
  Time since last request: 0.000659 seconds.
  path: Assets/polyperfect/Poly Christmas/Meshes/Christmas/SM_Mistletoe_B.fbx
  artifactKey: Guid(bd846c20813b81e459c0e139bb97e15e) Importer(815301076,1909f56bfc062723c751e8b465ee728b)
Start importing Assets/polyperfect/Poly Christmas/Meshes/Christmas/SM_Mistletoe_B.fbx using Guid(bd846c20813b81e459c0e139bb97e15e) Importer(815301076,1909f56bfc062723c751e8b465ee728b)  -> (artifact id: '300dc9e3e9ae90fffe4a2541bacdc091') in 0.031957 seconds
Number of updated asset objects reloaded before import = 0
Number of asset objects unloaded after import = 7
========================================================================
Received Import Request.
  Time since last request: 0.000026 seconds.
  path: Assets/polyperfect/Poly Christmas/Meshes/Christmas/SM_Holly_Plant.fbx
  artifactKey: Guid(5831b6894c6d6644383735e682f5bfbf) Importer(815301076,1909f56bfc062723c751e8b465ee728b)
Start importing Assets/polyperfect/Poly Christmas/Meshes/Christmas/SM_Holly_Plant.fbx using Guid(5831b6894c6d6644383735e682f5bfbf) Importer(815301076,1909f56bfc062723c751e8b465ee728b)  -> (artifact id: '0b8fdddf5700861403839afd0c9c614d') in 0.027667 seconds
Number of updated asset objects reloaded before import = 0
Number of asset objects unloaded after import = 7
========================================================================
Received Import Request.
  Time since last request: 0.000028 seconds.
  path: Assets/polyperfect/Poly Christmas/Meshes/Christmas/SM_Cranberry_Sauce.fbx
  artifactKey: Guid(bab7aed019ae1c54bb3ff268e20feb03) Importer(815301076,1909f56bfc062723c751e8b465ee728b)
Start importing Assets/polyperfect/Poly Christmas/Meshes/Christmas/SM_Cranberry_Sauce.fbx using Guid(bab7aed019ae1c54bb3ff268e20feb03) Importer(815301076,1909f56bfc062723c751e8b465ee728b)  -> (artifact id: 'c9b7ad193323307f478a98dd528c76c6') in 0.023496 seconds
Number of updated asset objects reloaded before import = 0
Number of asset objects unloaded after import = 7
========================================================================
Received Import Request.
  Time since last request: 0.000331 seconds.
  path: Assets/polyperfect/Poly Christmas/Meshes/Christmas/SM_Tray_Christmas.fbx
  artifactKey: Guid(33674e495c22d1d49a196d618e27072c) Importer(815301076,1909f56bfc062723c751e8b465ee728b)
Start importing Assets/polyperfect/Poly Christmas/Meshes/Christmas/SM_Tray_Christmas.fbx using Guid(33674e495c22d1d49a196d618e27072c) Importer(815301076,1909f56bfc062723c751e8b465ee728b)  -> (artifact id: 'eab2bb8eaa94e33cc4020d5587351d5e') in 0.025780 seconds
Number of updated asset objects reloaded before import = 0
Number of asset objects unloaded after import = 7
========================================================================
Received Import Request.
  Time since last request: 0.001388 seconds.
  path: Assets/polyperfect/Poly Christmas/Meshes/Christmas/SM_Gift_Christmas_Cylinder_Open_Lid.fbx
  artifactKey: Guid(400601fea5ffe0a4c9dbb626a1aa0044) Importer(815301076,1909f56bfc062723c751e8b465ee728b)
Start importing Assets/polyperfect/Poly Christmas/Meshes/Christmas/SM_Gift_Christmas_Cylinder_Open_Lid.fbx using Guid(400601fea5ffe0a4c9dbb626a1aa0044) Importer(815301076,1909f56bfc062723c751e8b465ee728b)  -> (artifact id: 'f49c8240d4a64464d879f8318415025c') in 0.027808 seconds
Number of updated asset objects reloaded before import = 0
Number of asset objects unloaded after import = 7
========================================================================
Received Import Request.
  Time since last request: 0.000719 seconds.
  path: Assets/polyperfect/Poly Christmas/Meshes/Christmas/SM_Gingerbread_Tree_A.fbx
  artifactKey: Guid(3eb0c2838f48a3242b68af49522144cb) Importer(815301076,1909f56bfc062723c751e8b465ee728b)
Start importing Assets/polyperfect/Poly Christmas/Meshes/Christmas/SM_Gingerbread_Tree_A.fbx using Guid(3eb0c2838f48a3242b68af49522144cb) Importer(815301076,1909f56bfc062723c751e8b465ee728b)  -> (artifact id: '2bba747634531dcd4a4c8bd8e936319a') in 0.024811 seconds
Number of updated asset objects reloaded before import = 0
Number of asset objects unloaded after import = 7
========================================================================
Received Import Request.
  Time since last request: 0.001865 seconds.
  path: Assets/polyperfect/Poly Christmas/Meshes/Christmas/SM_Bag_Gift_Christmas_B.fbx
  artifactKey: Guid(58ff19c9750f1cf4a8925f0b0fc0831c) Importer(815301076,1909f56bfc062723c751e8b465ee728b)
Start importing Assets/polyperfect/Poly Christmas/Meshes/Christmas/SM_Bag_Gift_Christmas_B.fbx using Guid(58ff19c9750f1cf4a8925f0b0fc0831c) Importer(815301076,1909f56bfc062723c751e8b465ee728b)  -> (artifact id: '85b6c83896b53c7e8feccfa9e9c3279f') in 0.028554 seconds
Number of updated asset objects reloaded before import = 0
Number of asset objects unloaded after import = 7
========================================================================
Received Import Request.
  Time since last request: 0.000679 seconds.
  path: Assets/polyperfect/Poly Christmas/Meshes/Christmas/SM_Candle_Holder_Tall_B_Unlit_Christmas.fbx
  artifactKey: Guid(8fe856520da176942ba04d34c1399081) Importer(815301076,1909f56bfc062723c751e8b465ee728b)
Start importing Assets/polyperfect/Poly Christmas/Meshes/Christmas/SM_Candle_Holder_Tall_B_Unlit_Christmas.fbx using Guid(8fe856520da176942ba04d34c1399081) Importer(815301076,1909f56bfc062723c751e8b465ee728b)  -> (artifact id: 'fc3ae7fe4369c43b021fd621726dd024') in 0.023229 seconds
Number of updated asset objects reloaded before import = 0
Number of asset objects unloaded after import = 7
========================================================================
Received Import Request.
  Time since last request: 0.002001 seconds.
  path: Assets/polyperfect/Poly Christmas/Meshes/Christmas/SM_Wreath_Wall.fbx
  artifactKey: Guid(07d6cc7b63bcc9c408bc1d34cf91d932) Importer(815301076,1909f56bfc062723c751e8b465ee728b)
Start importing Assets/polyperfect/Poly Christmas/Meshes/Christmas/SM_Wreath_Wall.fbx using Guid(07d6cc7b63bcc9c408bc1d34cf91d932) Importer(815301076,1909f56bfc062723c751e8b465ee728b)  -> (artifact id: 'bb319ecefaca891796ddfce82aa42fcc') in 0.022122 seconds
Number of updated asset objects reloaded before import = 0
Number of asset objects unloaded after import = 7
========================================================================
Received Import Request.
  Time since last request: 0.002453 seconds.
  path: Assets/polyperfect/Poly Christmas/Prefabs/Christmas/Gingerbread_Snowflake.prefab
  artifactKey: Guid(7c2517b3b9d989148b69bd24c7ef365f) Importer(815301076,1909f56bfc062723c751e8b465ee728b)
Start importing Assets/polyperfect/Poly Christmas/Prefabs/Christmas/Gingerbread_Snowflake.prefab using Guid(7c2517b3b9d989148b69bd24c7ef365f) Importer(815301076,1909f56bfc062723c751e8b465ee728b)  -> (artifact id: 'a24ed76d32d5c56decf0f806e9e230e3') in 0.020488 seconds
Number of updated asset objects reloaded before import = 0
Number of asset objects unloaded after import = 12
========================================================================
Received Import Request.
  Time since last request: 0.002194 seconds.
  path: Assets/polyperfect/Poly Christmas/Meshes/Christmas/SM_Gift_Christmas_Cylinder_C.fbx
  artifactKey: Guid(80e056aa34dd90244a2f0e44eb7c9062) Importer(815301076,1909f56bfc062723c751e8b465ee728b)
Start importing Assets/polyperfect/Poly Christmas/Meshes/Christmas/SM_Gift_Christmas_Cylinder_C.fbx using Guid(80e056aa34dd90244a2f0e44eb7c9062) Importer(815301076,1909f56bfc062723c751e8b465ee728b)  -> (artifact id: '661b89bef25d19027c41dd5e114a6983') in 0.018303 seconds
Number of updated asset objects reloaded before import = 0
Number of asset objects unloaded after import = 7
========================================================================
Received Import Request.
  Time since last request: 0.000131 seconds.
  path: Assets/polyperfect/Poly Christmas/Meshes/Christmas/SM_Hot_Chocolate.fbx
  artifactKey: Guid(054c7cbb1fd14544c9897fee6e69203e) Importer(815301076,1909f56bfc062723c751e8b465ee728b)
Start importing Assets/polyperfect/Poly Christmas/Meshes/Christmas/SM_Hot_Chocolate.fbx using Guid(054c7cbb1fd14544c9897fee6e69203e) Importer(815301076,1909f56bfc062723c751e8b465ee728b)  -> (artifact id: '7f4364ba2cb999e976c00f84e3797915') in 0.017357 seconds
Number of updated asset objects reloaded before import = 0
Number of asset objects unloaded after import = 7
========================================================================
Received Import Request.
  Time since last request: 0.000034 seconds.
  path: Assets/polyperfect/Poly Christmas/Prefabs/Christmas/Gift_Christmas_Long_B.prefab
  artifactKey: Guid(904581e9a585b3d4db18b5df811fa541) Importer(815301076,1909f56bfc062723c751e8b465ee728b)
Start importing Assets/polyperfect/Poly Christmas/Prefabs/Christmas/Gift_Christmas_Long_B.prefab using Guid(904581e9a585b3d4db18b5df811fa541) Importer(815301076,1909f56bfc062723c751e8b465ee728b)  -> (artifact id: '1d36f422d36d18be25be5e578e3a4bfe') in 0.024787 seconds
Number of updated asset objects reloaded before import = 0
Number of asset objects unloaded after import = 12
========================================================================
Received Import Request.
  Time since last request: 0.000868 seconds.
  path: Assets/polyperfect/Poly Christmas/Meshes/Christmas/SM_Plate_Soup_Christmas.fbx
  artifactKey: Guid(e71ecdee4e9f463418d0bd213acd64c4) Importer(815301076,1909f56bfc062723c751e8b465ee728b)
Start importing Assets/polyperfect/Poly Christmas/Meshes/Christmas/SM_Plate_Soup_Christmas.fbx using Guid(e71ecdee4e9f463418d0bd213acd64c4) Importer(815301076,1909f56bfc062723c751e8b465ee728b)  -> (artifact id: 'a2831caf27629c193c2cf2a76b77770d') in 0.018189 seconds
Number of updated asset objects reloaded before import = 0
Number of asset objects unloaded after import = 7
========================================================================
Received Import Request.
  Time since last request: 0.000995 seconds.
  path: Assets/polyperfect/Poly Christmas/Meshes/Christmas/SM_Gingerbread_Heart_B.fbx
  artifactKey: Guid(f3485f75420ffc048b74d31d95b850bc) Importer(815301076,1909f56bfc062723c751e8b465ee728b)
Start importing Assets/polyperfect/Poly Christmas/Meshes/Christmas/SM_Gingerbread_Heart_B.fbx using Guid(f3485f75420ffc048b74d31d95b850bc) Importer(815301076,1909f56bfc062723c751e8b465ee728b)  -> (artifact id: '105c9dba5f98f7e4c04846f8cd30d5e5') in 0.015817 seconds
Number of updated asset objects reloaded before import = 0
Number of asset objects unloaded after import = 7
========================================================================
Received Import Request.
  Time since last request: 0.000648 seconds.
  path: Assets/polyperfect/Poly Christmas/Prefabs/Christmas/Toy_Train.prefab
  artifactKey: Guid(f6aeb3670d1285f41846a506e9d6b48a) Importer(815301076,1909f56bfc062723c751e8b465ee728b)
Start importing Assets/polyperfect/Poly Christmas/Prefabs/Christmas/Toy_Train.prefab using Guid(f6aeb3670d1285f41846a506e9d6b48a) Importer(815301076,1909f56bfc062723c751e8b465ee728b)  -> (artifact id: '9ac11882a80d0df065678048eb3c8000') in 0.024393 seconds
Number of updated asset objects reloaded before import = 0
Number of asset objects unloaded after import = 32
========================================================================
Received Import Request.
  Time since last request: 0.000772 seconds.
  path: Assets/polyperfect/Poly Christmas/Prefabs/Christmas/Tray_Christmas.prefab
  artifactKey: Guid(79c2119c4d89a4d4fb14463acee970f3) Importer(815301076,1909f56bfc062723c751e8b465ee728b)
Start importing Assets/polyperfect/Poly Christmas/Prefabs/Christmas/Tray_Christmas.prefab using Guid(79c2119c4d89a4d4fb14463acee970f3) Importer(815301076,1909f56bfc062723c751e8b465ee728b)  -> (artifact id: 'd90045112804cf7f23563d5b8e7a2d6d') in 0.027459 seconds
Number of updated asset objects reloaded before import = 0
Number of asset objects unloaded after import = 12
========================================================================
Received Import Request.
  Time since last request: 0.000548 seconds.
  path: Assets/polyperfect/Poly Christmas/Prefabs/Christmas/Tree_Christmass.prefab
  artifactKey: Guid(f3b167d1455e3004d87a606e6f13fcb4) Importer(815301076,1909f56bfc062723c751e8b465ee728b)
Start importing Assets/polyperfect/Poly Christmas/Prefabs/Christmas/Tree_Christmass.prefab using Guid(f3b167d1455e3004d87a606e6f13fcb4) Importer(815301076,1909f56bfc062723c751e8b465ee728b)  -> (artifact id: 'd072da8e28f74017b5d0d72d2cebe65d') in 0.024725 seconds
Number of updated asset objects reloaded before import = 0
Number of asset objects unloaded after import = 12
========================================================================
Received Import Request.
  Time since last request: 0.000207 seconds.
  path: Assets/polyperfect/Poly Christmas/Prefabs/Christmas/Wreath_Wall.prefab
  artifactKey: Guid(555dcb078b4a0664392484c18bfefbc9) Importer(815301076,1909f56bfc062723c751e8b465ee728b)
Start importing Assets/polyperfect/Poly Christmas/Prefabs/Christmas/Wreath_Wall.prefab using Guid(555dcb078b4a0664392484c18bfefbc9) Importer(815301076,1909f56bfc062723c751e8b465ee728b)  -> (artifact id: '85cc569a6eeed2d2ba243d75ad1714a1') in 0.024247 seconds
Number of updated asset objects reloaded before import = 0
Number of asset objects unloaded after import = 12
========================================================================
Received Import Request.
  Time since last request: 0.000041 seconds.
  path: Assets/polyperfect/Poly Christmas/Prefabs/Christmas/Toy_Teddy_Bear_A.prefab
  artifactKey: Guid(f5cee404fa6c30e41a720db0974707a4) Importer(815301076,1909f56bfc062723c751e8b465ee728b)
Start importing Assets/polyperfect/Poly Christmas/Prefabs/Christmas/Toy_Teddy_Bear_A.prefab using Guid(f5cee404fa6c30e41a720db0974707a4) Importer(815301076,1909f56bfc062723c751e8b465ee728b)  -> (artifact id: '01b1d36ab579cc7f382680acf9f084a9') in 0.024202 seconds
Number of updated asset objects reloaded before import = 0
Number of asset objects unloaded after import = 12
========================================================================
Received Import Request.
  Time since last request: 0.000026 seconds.
  path: Assets/polyperfect/Poly Christmas/Prefabs/Christmas/Tree_Christmas_Ball.prefab
  artifactKey: Guid(0b7522220f7fb6f4591627b0456c6ad2) Importer(815301076,1909f56bfc062723c751e8b465ee728b)
Start importing Assets/polyperfect/Poly Christmas/Prefabs/Christmas/Tree_Christmas_Ball.prefab using Guid(0b7522220f7fb6f4591627b0456c6ad2) Importer(815301076,1909f56bfc062723c751e8b465ee728b)  -> (artifact id: 'd2f2cda1e4869e8917eb3e5091cd8c8a') in 0.021244 seconds
Number of updated asset objects reloaded before import = 0
Number of asset objects unloaded after import = 12
========================================================================
Received Import Request.
  Time since last request: 0.000485 seconds.
  path: Assets/Models/Wall/Wall.prefab
  artifactKey: Guid(54fa886f78babc18cb955911f3822644) Importer(815301076,1909f56bfc062723c751e8b465ee728b)
Start importing Assets/Models/Wall/Wall.prefab using Guid(54fa886f78babc18cb955911f3822644) Importer(815301076,1909f56bfc062723c751e8b465ee728b)  -> (artifact id: '1fa9a2a7aacbc9b0589f778a1e35763b') in 0.030310 seconds
Number of updated asset objects reloaded before import = 0
Number of asset objects unloaded after import = 17
========================================================================
Received Import Request.
  Time since last request: 0.000027 seconds.
  path: Assets/polyperfect/Poly Christmas/Meshes/Christmas/SM_Cutlery_Knife_Christmas.fbx
  artifactKey: Guid(538410383572b5548834d9a4584ccc72) Importer(815301076,1909f56bfc062723c751e8b465ee728b)
Start importing Assets/polyperfect/Poly Christmas/Meshes/Christmas/SM_Cutlery_Knife_Christmas.fbx using Guid(538410383572b5548834d9a4584ccc72) Importer(815301076,1909f56bfc062723c751e8b465ee728b)  -> (artifact id: '21969e60affbeef96164e435fd66eaf6') in 0.021580 seconds
Number of updated asset objects reloaded before import = 0
Number of asset objects unloaded after import = 7
========================================================================
Received Import Request.
  Time since last request: 0.000022 seconds.
  path: Assets/polyperfect/Poly Christmas/Prefabs/First person character.prefab
  artifactKey: Guid(7fcfd2b2a44cc3e4d96f3a35ef7a2a56) Importer(815301076,1909f56bfc062723c751e8b465ee728b)
Start importing Assets/polyperfect/Poly Christmas/Prefabs/First person character.prefab using Guid(7fcfd2b2a44cc3e4d96f3a35ef7a2a56) Importer(815301076,1909f56bfc062723c751e8b465ee728b)  -> (artifact id: '22372ba190383d65e556acc5e96141b3') in 0.006413 seconds
Number of updated asset objects reloaded before import = 0
Number of asset objects unloaded after import = 17
========================================================================
Received Import Request.
  Time since last request: 0.000035 seconds.
  path: Assets/polyperfect/Poly Christmas/Prefabs/Christmas/Gift_Christmas_Cube_B.prefab
  artifactKey: Guid(0ad3fbe4d0fe2f04d8abc3c7e4be3960) Importer(815301076,1909f56bfc062723c751e8b465ee728b)
Start importing Assets/polyperfect/Poly Christmas/Prefabs/Christmas/Gift_Christmas_Cube_B.prefab using Guid(0ad3fbe4d0fe2f04d8abc3c7e4be3960) Importer(815301076,1909f56bfc062723c751e8b465ee728b)  -> (artifact id: '08caa35aabd07b7c5b7e920ef2baa4f2') in 0.023397 seconds
Number of updated asset objects reloaded before import = 0
Number of asset objects unloaded after import = 12
========================================================================
Received Import Request.
  Time since last request: 0.000403 seconds.
  path: Assets/polyperfect/Poly Christmas/Prefabs/Christmas/Chair_Dinner_Christmas.prefab
  artifactKey: Guid(5d24157eaef68444da179d32f640de98) Importer(815301076,1909f56bfc062723c751e8b465ee728b)
Start importing Assets/polyperfect/Poly Christmas/Prefabs/Christmas/Chair_Dinner_Christmas.prefab using Guid(5d24157eaef68444da179d32f640de98) Importer(815301076,1909f56bfc062723c751e8b465ee728b)  -> (artifact id: '2c1749ccee03cb1c00945b91985a7640') in 0.021442 seconds
Number of updated asset objects reloaded before import = 0
Number of asset objects unloaded after import = 12
========================================================================
Received Import Request.
  Time since last request: 0.000025 seconds.
  path: Assets/polyperfect/Poly Christmas/Meshes/Christmas/SM_Santa_Milk_And_Cookies.fbx
  artifactKey: Guid(38231cd4bb1de6f4a9736df58c199914) Importer(815301076,1909f56bfc062723c751e8b465ee728b)
Start importing Assets/polyperfect/Poly Christmas/Meshes/Christmas/SM_Santa_Milk_And_Cookies.fbx using Guid(38231cd4bb1de6f4a9736df58c199914) Importer(815301076,1909f56bfc062723c751e8b465ee728b)  -> (artifact id: '74dd7e14ac994979031b3674206a94b9') in 0.022521 seconds
Number of updated asset objects reloaded before import = 0
Number of asset objects unloaded after import = 7
========================================================================
Received Import Request.
  Time since last request: 0.002467 seconds.
  path: Assets/polyperfect/Poly Christmas/Prefabs/Christmas/Light_String_Color_Big_2m_Christmas.prefab
  artifactKey: Guid(f81b5b9799f630241a64a7849e08c2ff) Importer(815301076,1909f56bfc062723c751e8b465ee728b)
Start importing Assets/polyperfect/Poly Christmas/Prefabs/Christmas/Light_String_Color_Big_2m_Christmas.prefab using Guid(f81b5b9799f630241a64a7849e08c2ff) Importer(815301076,1909f56bfc062723c751e8b465ee728b)  -> (artifact id: '765208704c7ecc2e59072d0e495ea529') in 0.021931 seconds
Number of updated asset objects reloaded before import = 0
Number of asset objects unloaded after import = 12
========================================================================
Received Import Request.
  Time since last request: 0.000736 seconds.
  path: Assets/polyperfect/Poly Christmas/Meshes/Christmas/SM_Light_String_Color_Big_Vertical_3m_Christmas.fbx
  artifactKey: Guid(abc680eacbdc20a49bfeb2cf37910c06) Importer(815301076,1909f56bfc062723c751e8b465ee728b)
Start importing Assets/polyperfect/Poly Christmas/Meshes/Christmas/SM_Light_String_Color_Big_Vertical_3m_Christmas.fbx using Guid(abc680eacbdc20a49bfeb2cf37910c06) Importer(815301076,1909f56bfc062723c751e8b465ee728b)  -> (artifact id: 'f267b16d3c0feeff2f63e3e922f16cc5') in 0.026686 seconds
Number of updated asset objects reloaded before import = 0
Number of asset objects unloaded after import = 7
========================================================================
Received Prepare
Begin MonoManager ReloadAssembly
Symbol file LoadedFromMemory is not a mono symbol file
- Loaded All Assemblies, in  0.785 seconds
Refreshing native plugins compatible for Editor in 3.10 ms, found 1 plugins.
Native extension for LinuxStandalone target not found
Native extension for WindowsStandalone target not found
Native extension for WebGL target not found
[Package Manager] Server::EnsureServerProcessIsRunning -- launch failed, reason: Unity was launched with the -noUpm command-line argument
[Package Manager] UpmClient::Send -- Unable to send message (not connected to UPM process).
[Package Manager] Cannot connect to Unity Package Manager local server
Mono: successfully reloaded assembly
- Finished resetting the current domain, in  1.325 seconds
Domain Reload Profiling: 2110ms
	BeginReloadAssembly (264ms)
		ExecutionOrderSort (0ms)
		DisableScriptedObjects (8ms)
		BackupInstance (0ms)
		ReleaseScriptingObjects (0ms)
		CreateAndSetChildDomain (118ms)
	RebuildCommonClasses (69ms)
	RebuildNativeTypeToScriptingClass (16ms)
	initialDomainReloadingComplete (54ms)
	LoadAllAssembliesAndSetupDomain (382ms)
		LoadAssemblies (450ms)
		RebuildTransferFunctionScriptingTraits (0ms)
		AnalyzeDomain (20ms)
			TypeCache.Refresh (9ms)
				TypeCache.ScanAssembly (0ms)
			ScanForSourceGeneratedMonoScriptInfo (0ms)
			ResolveRequiredComponents (8ms)
	FinalizeReload (1326ms)
		ReleaseScriptCaches (0ms)
		RebuildScriptCaches (0ms)
		SetupLoadedEditorAssemblies (716ms)
			LogAssemblyErrors (0ms)
			InitializePlatformSupportModulesInManaged (75ms)
			SetLoadedEditorAssemblies (11ms)
			RefreshPlugins (0ms)
			BeforeProcessingInitializeOnLoad (118ms)
			ProcessInitializeOnLoadAttributes (465ms)
			ProcessInitializeOnLoadMethodAttributes (37ms)
			AfterProcessingInitializeOnLoad (10ms)
			EditorAssembliesLoaded (0ms)
		ExecutionOrderSort2 (0ms)
		AwakeInstancesAfterBackupRestoration (10ms)
Refreshing native plugins compatible for Editor in 2.03 ms, found 1 plugins.
Preloading 0 native plugins for Editor in 0.00 ms.
Unloading 3177 Unused Serialized files (Serialized files now loaded: 0)
Unloading 29 unused Assets / (1.0 MB). Loaded Objects now: 3921.
Memory consumption went from 134.7 MB to 133.7 MB.
Total: 5.497042 ms (FindLiveObjects: 0.338820 ms CreateObjectMapping: 0.099521 ms MarkObjects: 4.148201 ms  DeleteObjects: 0.908120 ms)

Prepare: number of updated asset objects reloaded= 0
AssetImportParameters requested are different than current active one (requested -> active):
  custom:container-demuxer-ogg: 62fdf1f143b41e24485cea50d1cbac27 -> 
  custom:video-decoder-ogg-theora: a1e56fd34408186e4bbccfd4996cb3dc -> 
  custom:CustomObjectIndexerAttribute: 306bfa6df2d96854e1ebb52f3ddacab7 -> 
  custom:container-demuxer-webm: 4f35f7cbe854078d1ac9338744f61a02 -> 
  custom:container-muxer-webm: aa71ff27fc2769a1b78a27578f13a17b -> 
  custom:video-decoder-webm-vp8: 9c59270c3fd7afecdb556c50c9e8de78 -> 
  custom:SearchIndexIgnoredProperties: e643bd26f0fe6173181afceb89e7c659 -> 
  custom:AudioImporter_EditorPlatform: 2f0ff77a95e0ac474e3e8eeba4e2f7cb -> 
  custom:video-encoder-webm-vp8: eb34c28f22e8b96e1ab97ce403110664 -> 
  custom:audio-decoder-ogg-vorbis: bf7c407c2cedff20999df2af8eb42d56 -> 
  custom:audio-encoder-webm-vorbis: bf7c407c2cedff20999df2af8eb42d56 -> 
========================================================================
Received Prepare
Begin MonoManager ReloadAssembly
Symbol file LoadedFromMemory is not a mono symbol file
- Loaded All Assemblies, in  0.771 seconds
Refreshing native plugins compatible for Editor in 2.29 ms, found 1 plugins.
Native extension for LinuxStandalone target not found
Native extension for WindowsStandalone target not found
Native extension for WebGL target not found
[Package Manager] Server::EnsureServerProcessIsRunning -- launch failed, reason: Unity was launched with the -noUpm command-line argument
[Package Manager] UpmClient::Send -- Unable to send message (not connected to UPM process).
[Package Manager] Cannot connect to Unity Package Manager local server
Mono: successfully reloaded assembly
- Finished resetting the current domain, in  1.278 seconds
Domain Reload Profiling: 2048ms
	BeginReloadAssembly (247ms)
		ExecutionOrderSort (0ms)
		DisableScriptedObjects (9ms)
		BackupInstance (0ms)
		ReleaseScriptingObjects (0ms)
		CreateAndSetChildDomain (105ms)
	RebuildCommonClasses (72ms)
	RebuildNativeTypeToScriptingClass (16ms)
	initialDomainReloadingComplete (55ms)
	LoadAllAssembliesAndSetupDomain (379ms)
		LoadAssemblies (453ms)
		RebuildTransferFunctionScriptingTraits (0ms)
		AnalyzeDomain (18ms)
			TypeCache.Refresh (8ms)
				TypeCache.ScanAssembly (0ms)
			ScanForSourceGeneratedMonoScriptInfo (0ms)
			ResolveRequiredComponents (7ms)
	FinalizeReload (1279ms)
		ReleaseScriptCaches (0ms)
		RebuildScriptCaches (0ms)
		SetupLoadedEditorAssemblies (722ms)
			LogAssemblyErrors (0ms)
			InitializePlatformSupportModulesInManaged (64ms)
			SetLoadedEditorAssemblies (10ms)
			RefreshPlugins (0ms)
			BeforeProcessingInitializeOnLoad (114ms)
			ProcessInitializeOnLoadAttributes (485ms)
			ProcessInitializeOnLoadMethodAttributes (38ms)
			AfterProcessingInitializeOnLoad (10ms)
			EditorAssembliesLoaded (0ms)
		ExecutionOrderSort2 (0ms)
		AwakeInstancesAfterBackupRestoration (10ms)
Refreshing native plugins compatible for Editor in 2.11 ms, found 1 plugins.
Preloading 0 native plugins for Editor in 0.00 ms.
Unloading 3176 Unused Serialized files (Serialized files now loaded: 0)
Unloading 29 unused Assets / (1.0 MB). Loaded Objects now: 3924.
Memory consumption went from 134.5 MB to 133.5 MB.
Total: 5.863922 ms (FindLiveObjects: 0.357990 ms CreateObjectMapping: 0.084130 ms MarkObjects: 4.391422 ms  DeleteObjects: 1.028230 ms)

Prepare: number of updated asset objects reloaded= 0
AssetImportParameters requested are different than current active one (requested -> active):
  custom:container-demuxer-ogg: 62fdf1f143b41e24485cea50d1cbac27 -> 
  custom:video-decoder-ogg-theora: a1e56fd34408186e4bbccfd4996cb3dc -> 
  custom:CustomObjectIndexerAttribute: 306bfa6df2d96854e1ebb52f3ddacab7 -> 
  custom:container-demuxer-webm: 4f35f7cbe854078d1ac9338744f61a02 -> 
  custom:container-muxer-webm: aa71ff27fc2769a1b78a27578f13a17b -> 
  custom:video-decoder-webm-vp8: 9c59270c3fd7afecdb556c50c9e8de78 -> 
  custom:SearchIndexIgnoredProperties: e643bd26f0fe6173181afceb89e7c659 -> 
  custom:AudioImporter_EditorPlatform: 2f0ff77a95e0ac474e3e8eeba4e2f7cb -> 
  custom:video-encoder-webm-vp8: eb34c28f22e8b96e1ab97ce403110664 -> 
  custom:audio-decoder-ogg-vorbis: bf7c407c2cedff20999df2af8eb42d56 -> 
  custom:audio-encoder-webm-vorbis: bf7c407c2cedff20999df2af8eb42d56 -> 
Editor requested this worker to shutdown with reason: Scaling down because of idle timeout
TcpMessagingSession - receive error: operation aborted. errorcode: 125, details: Operation aborted.
AssetImportWorker is now disconnected from the server
Process exiting
Assertion failed on expression: 'm_PodArrays.empty()'
Checking for leaked weakptr:
  Found no leaked weakptrs.
All object instances wasn't destroyed before shutting down
Assertion failed on expression: 'm_MemoryFSRefCount == 0'
Memory Statistics:
[ALLOC_TEMP_TLS] TLS Allocator
  StackAllocators : 
    [ALLOC_TEMP_Loading.PreloadManager]
      Peak usage frame count: [0-1.0 KB]: 1 frames
      Initial Block Size 32.0 MB
      Current Block Size 32.0 MB
      Peak Allocated Bytes 0 B
      Overflow Count 0
    [ALLOC_TEMP_BakingJobs.worker 7]
      Initial Block Size 256.0 KB
      Current Block Size 256.0 KB
      Peak Allocated Bytes 0 B
      Overflow Count 0
    [ALLOC_TEMP_BakingJobs.worker 6]
      Initial Block Size 256.0 KB
      Current Block Size 256.0 KB
      Peak Allocated Bytes 0 B
      Overflow Count 0
    [ALLOC_TEMP_BakingJobs.worker 5]
      Initial Block Size 256.0 KB
      Current Block Size 256.0 KB
      Peak Allocated Bytes 0 B
      Overflow Count 0
    [ALLOC_TEMP_BakingJobs.worker 4]
      Initial Block Size 256.0 KB
      Current Block Size 256.0 KB
      Peak Allocated Bytes 0 B
      Overflow Count 0
    [ALLOC_TEMP_BakingJobs.worker 3]
      Initial Block Size 256.0 KB
      Current Block Size 256.0 KB
      Peak Allocated Bytes 0 B
      Overflow Count 0
    [ALLOC_TEMP_BakingJobs.worker 2]
      Initial Block Size 256.0 KB
      Current Block Size 256.0 KB
      Peak Allocated Bytes 0 B
      Overflow Count 0
    [ALLOC_TEMP_BakingJobs.worker 1]
      Initial Block Size 256.0 KB
      Current Block Size 256.0 KB
      Peak Allocated Bytes 0 B
      Overflow Count 0
    [ALLOC_TEMP_BakingJobs.worker 0]
      Initial Block Size 256.0 KB
      Current Block Size 256.0 KB
      Peak Allocated Bytes 0 B
      Overflow Count 0
    [ALLOC_TEMP_AssetDatabase.FileHasherHasher]
      Initial Block Size 64.0 KB
      Current Block Size 64.0 KB
      Peak Allocated Bytes 31 B
      Overflow Count 0
    [ALLOC_TEMP_AssetDatabase.FileHasherReader]
      Initial Block Size 64.0 KB
      Current Block Size 64.0 KB
      Peak Allocated Bytes 31 B
      Overflow Count 0
    [ALLOC_TEMP_AssetDatabase.FileHasherHasher]
      Initial Block Size 64.0 KB
      Current Block Size 64.0 KB
      Peak Allocated Bytes 31 B
      Overflow Count 0
    [ALLOC_TEMP_AssetDatabase.FileHasherReader]
      Initial Block Size 64.0 KB
      Current Block Size 64.0 KB
      Peak Allocated Bytes 31 B
      Overflow Count 0
    [ALLOC_TEMP_AssetDatabase.FileHasherHasher]
      Initial Block Size 64.0 KB
      Current Block Size 64.0 KB
      Peak Allocated Bytes 31 B
      Overflow Count 0
    [ALLOC_TEMP_AssetDatabase.FileHasherReader]
      Initial Block Size 64.0 KB
      Current Block Size 64.0 KB
      Peak Allocated Bytes 31 B
      Overflow Count 0
    [ALLOC_TEMP_AssetDatabase.FileHasherHasher]
      Initial Block Size 64.0 KB
      Current Block Size 64.0 KB
      Peak Allocated Bytes 31 B
      Overflow Count 0
    [ALLOC_TEMP_AssetDatabase.FileHasherReader]
      Initial Block Size 64.0 KB
      Current Block Size 64.0 KB
      Peak Allocated Bytes 31 B
      Overflow Count 0
    [ALLOC_TEMP_Loading.AsyncRead]
      Initial Block Size 64.0 KB
      Current Block Size 64.0 KB
      Peak Allocated Bytes 0 B
      Overflow Count 0
    [ALLOC_TEMP_BatchDeleteObjects]
      Initial Block Size 64.0 KB
      Current Block Size 64.0 KB
      Peak Allocated Bytes 0 B
      Overflow Count 0
    [ALLOC_TEMP_Background Job.worker 15]
      Initial Block Size 32.0 KB
      Current Block Size 32.0 KB
      Peak Allocated Bytes 0 B
      Overflow Count 0
    [ALLOC_TEMP_Background Job.worker 14]
      Initial Block Size 32.0 KB
      Current Block Size 32.0 KB
      Peak Allocated Bytes 0 B
      Overflow Count 0
    [ALLOC_TEMP_Background Job.worker 13]
      Initial Block Size 32.0 KB
      Current Block Size 32.0 KB
      Peak Allocated Bytes 0 B
      Overflow Count 0
    [ALLOC_TEMP_Background Job.worker 12]
      Initial Block Size 32.0 KB
      Current Block Size 32.0 KB
      Peak Allocated Bytes 0 B
      Overflow Count 0
    [ALLOC_TEMP_Background Job.worker 11]
      Initial Block Size 32.0 KB
      Current Block Size 32.0 KB
      Peak Allocated Bytes 0 B
      Overflow Count 0
    [ALLOC_TEMP_Background Job.worker 10]
      Initial Block Size 32.0 KB
      Current Block Size 32.0 KB
      Peak Allocated Bytes 0 B
      Overflow Count 0
    [ALLOC_TEMP_Background Job.worker 9]
      Initial Block Size 32.0 KB
      Current Block Size 32.0 KB
      Peak Allocated Bytes 0 B
      Overflow Count 0
    [ALLOC_TEMP_Background Job.worker 8]
      Initial Block Size 32.0 KB
      Current Block Size 32.0 KB
      Peak Allocated Bytes 0 B
      Overflow Count 0
    [ALLOC_TEMP_Background Job.worker 7]
      Initial Block Size 32.0 KB
      Current Block Size 32.0 KB
      Peak Allocated Bytes 0 B
      Overflow Count 0
    [ALLOC_TEMP_Background Job.worker 6]
      Initial Block Size 32.0 KB
      Current Block Size 32.0 KB
      Peak Allocated Bytes 0 B
      Overflow Count 0
    [ALLOC_TEMP_Background Job.worker 5]
      Initial Block Size 32.0 KB
      Current Block Size 32.0 KB
      Peak Allocated Bytes 0 B
      Overflow Count 0
    [ALLOC_TEMP_Background Job.worker 4]
      Initial Block Size 32.0 KB
      Current Block Size 32.0 KB
      Peak Allocated Bytes 0 B
      Overflow Count 0
    [ALLOC_TEMP_Background Job.worker 3]
      Initial Block Size 32.0 KB
      Current Block Size 32.0 KB
      Peak Allocated Bytes 0 B
      Overflow Count 0
    [ALLOC_TEMP_Background Job.worker 2]
      Initial Block Size 32.0 KB
      Current Block Size 32.0 KB
      Peak Allocated Bytes 0 B
      Overflow Count 0
    [ALLOC_TEMP_Background Job.worker 1]
      Initial Block Size 32.0 KB
      Current Block Size 116.0 KB
      Peak Allocated Bytes 58.8 KB
      Overflow Count 0
    [ALLOC_TEMP_Background Job.worker 0]
      Initial Block Size 32.0 KB
      Current Block Size 32.0 KB
      Peak Allocated Bytes 0 B
      Overflow Count 0
    [ALLOC_TEMP_Job.worker 6]
      Initial Block Size 256.0 KB
      Current Block Size 256.0 KB
      Peak Allocated Bytes 0 B
      Overflow Count 0
    [ALLOC_TEMP_Job.worker 5]
      Initial Block Size 256.0 KB
      Current Block Size 256.0 KB
      Peak Allocated Bytes 0 B
      Overflow Count 0
    [ALLOC_TEMP_Job.worker 4]
      Initial Block Size 256.0 KB
      Current Block Size 256.0 KB
      Peak Allocated Bytes 0 B
      Overflow Count 0
    [ALLOC_TEMP_Job.worker 3]
      Initial Block Size 256.0 KB
      Current Block Size 256.0 KB
      Peak Allocated Bytes 0 B
      Overflow Count 0
    [ALLOC_TEMP_Job.worker 2]
      Initial Block Size 256.0 KB
      Current Block Size 256.0 KB
      Peak Allocated Bytes 0 B
      Overflow Count 0
    [ALLOC_TEMP_Job.worker 1]
      Initial Block Size 256.0 KB
      Current Block Size 256.0 KB
      Peak Allocated Bytes 0.6 KB
      Overflow Count 0
    [ALLOC_TEMP_Job.worker 0]
      Initial Block Size 256.0 KB
      Current Block Size 256.0 KB
      Peak Allocated Bytes 0 B
      Overflow Count 0
    [ALLOC_TEMP_MAIN]
      Peak usage frame count: [32.0 KB-64.0 KB]: 5 frames, [1.0 MB-2.0 MB]: 153 frames, [8.0 MB-16.0 MB]: 17 frames
      Initial Block Size 16.0 MB
      Current Block Size 16.0 MB
      Peak Allocated Bytes 10.9 MB
      Overflow Count 0
    [ALLOC_TEMP_CoreBusinessMetricsCache]
      Initial Block Size 64.0 KB
      Current Block Size 64.0 KB
      Peak Allocated Bytes 0 B
      Overflow Count 0
    [ALLOC_TEMP_AssetDatabase.IOService]
      Initial Block Size 64.0 KB
      Current Block Size 64.0 KB
      Peak Allocated Bytes 32.6 KB
      Overflow Count 0
    [ALLOC_TEMP_Loading.PreloadManager] x 63
      Initial Block Size 32.0 MB
      Current Block Size 32.0 MB
      Peak Allocated Bytes 0 B
      Overflow Count 0
    [ALLOC_TEMP_Profiler.Dispatcher]
      Initial Block Size 64.0 KB
      Current Block Size 64.0 KB
      Peak Allocated Bytes 0 B
      Overflow Count 0
    [ALLOC_TEMP_AssetGarbageCollectorHelper] x 7
      Initial Block Size 64.0 KB
      Current Block Size 64.0 KB
      Peak Allocated Bytes 0 B
      Overflow Count 0
[ALLOC_MEMORYPROFILER]
  Peak usage frame count: [256.0 KB-0.5 MB]: 160 frames, [0.5 MB-1.0 MB]: 15 frames
  Requested Block Size 1.0 MB
  Peak Block count 1
  Peak Allocated memory 0.6 MB
  Peak Large allocation bytes 0 B
[ALLOC_DEFAULT] Dual Thread Allocator
  Peak main deferred allocation count 254
    [ALLOC_BUCKET]
      Large Block size 32.0 MB
      Used Block count 1
      Peak Allocated bytes 8.2 MB
    [ALLOC_DEFAULT_MAIN]
      Peak usage frame count: [32.0 MB-64.0 MB]: 175 frames
      Requested Block Size 16.0 MB
      Peak Block count 5
      Peak Allocated memory 63.3 MB
      Peak Large allocation bytes 0 B
    [ALLOC_DEFAULT_THREAD]
      Peak usage frame count: [1.0 MB-2.0 MB]: 160 frames, [2.0 MB-4.0 MB]: 15 frames
      Requested Block Size 16.0 MB
      Peak Block count 1
      Peak Allocated memory 3.4 MB
      Peak Large allocation bytes 0 B
[ALLOC_TEMP_JOB_1_FRAME]
  Initial Block Size 2.0 MB
  Used Block Count 0
  Overflow Count (too large) 0
  Overflow Count (full) 0
[ALLOC_TEMP_JOB_2_FRAMES]
  Initial Block Size 2.0 MB
  Used Block Count 0
  Overflow Count (too large) 0
  Overflow Count (full) 0
[ALLOC_TEMP_JOB_4_FRAMES (JobTemp)]
  Initial Block Size 2.0 MB
  Used Block Count 1
  Overflow Count (too large) 0
  Overflow Count (full) 0
[ALLOC_TEMP_JOB_ASYNC (Background)]
  Initial Block Size 1.0 MB
  Used Block Count 1
  Overflow Count (too large) 0
  Overflow Count (full) 0
[ALLOC_GFX] Dual Thread Allocator
  Peak main deferred allocation count 0
    [ALLOC_BUCKET]
      Large Block size 32.0 MB
      Used Block count 1
      Peak Allocated bytes 8.2 MB
    [ALLOC_GFX_MAIN]
      Peak usage frame count: [64.0 KB-128.0 KB]: 3 frames, [128.0 KB-256.0 KB]: 18 frames, [256.0 KB-0.5 MB]: 75 frames, [0.5 MB-1.0 MB]: 9 frames, [4.0 MB-8.0 MB]: 11 frames, [8.0 MB-16.0 MB]: 57 frames, [16.0 MB-32.0 MB]: 2 frames
      Requested Block Size 16.0 MB
      Peak Block count 2
      Peak Allocated memory 16.6 MB
      Peak Large allocation bytes 0 B
    [ALLOC_GFX_THREAD]
      Peak usage frame count: [0-1.0 KB]: 175 frames
      Requested Block Size 16.0 MB
      Peak Block count 0
      Peak Allocated memory 0 B
      Peak Large allocation bytes 0 B
[ALLOC_CACHEOBJECTS] Dual Thread Allocator
  Peak main deferred allocation count 16147
    [ALLOC_BUCKET]
      Large Block size 32.0 MB
      Used Block count 1
      Peak Allocated bytes 8.2 MB
    [ALLOC_CACHEOBJECTS_MAIN]
      Peak usage frame count: [4.0 MB-8.0 MB]: 156 frames, [8.0 MB-16.0 MB]: 4 frames, [32.0 MB-64.0 MB]: 14 frames, [64.0 MB-128.0 MB]: 1 frames
      Requested Block Size 4.0 MB
      Peak Block count 16
      Peak Allocated memory 83.1 MB
      Peak Large allocation bytes 21.9 MB
    [ALLOC_CACHEOBJECTS_THREAD]
      Peak usage frame count: [0-1.0 KB]: 175 frames
      Requested Block Size 4.0 MB
      Peak Block count 0
      Peak Allocated memory 0 B
      Peak Large allocation bytes 0 B
[ALLOC_TYPETREE] Dual Thread Allocator
  Peak main deferred allocation count 25649
    [ALLOC_BUCKET]
      Large Block size 32.0 MB
      Used Block count 1
      Peak Allocated bytes 8.2 MB
    [ALLOC_TYPETREE_MAIN]
      Peak usage frame count: [256.0 KB-0.5 MB]: 136 frames, [0.5 MB-1.0 MB]: 19 frames, [1.0 MB-2.0 MB]: 5 frames, [8.0 MB-16.0 MB]: 14 frames, [16.0 MB-32.0 MB]: 1 frames
      Requested Block Size 2.0 MB
      Peak Block count 10
      Peak Allocated memory 18.5 MB
      Peak Large allocation bytes 0 B
    [ALLOC_TYPETREE_THREAD]
      Peak usage frame count: [0-1.0 KB]: 175 frames
      Requested Block Size 2.0 MB
      Peak Block count 0
      Peak Allocated memory 0 B
      Peak Large allocation bytes 0 B
[ALLOC_PROFILER]
  Peak usage frame count: [32.0 KB-64.0 KB]: 174 frames, [64.0 KB-128.0 KB]: 1 frames
  Requested Block Size 16.0 MB
  Peak Block count 1
  Peak Allocated memory 65.5 KB
  Peak Large allocation bytes 0 B
    [ALLOC_PROFILER_BUCKET]
      Large Block size 32.0 MB
      Used Block count 1
      Peak Allocated bytes 2.9 KB
[ALLOC_PROFILER_EDITOR]
  Peak usage frame count: [0-1.0 KB]: 175 frames
  Requested Block Size 1.0 MB
  Peak Block count 0
  Peak Allocated memory 0 B
  Peak Large allocation bytes 0 B
    [ALLOC_PROFILER_BUCKET]
      Large Block size 32.0 MB
      Used Block count 1
      Peak Allocated bytes 2.9 KB
##utp:{"type":"MemoryLeaks","version":2,"phase":"Immediate","time":1767578732684,"processId":29263,"allocatedMemory":64989182,"memoryLabels":[{"Default":37663},{"Permanent":18109},{"Thread":1086288},{"Manager":3649091},{"VertexData":96908},{"Geometry":408},{"Particles":17856},{"VFX":44},{"Texture":130473},{"Shader":646923},{"Material":8964},{"GfxDevice":253120},{"Animation":15046},{"Audio":4932},{"Font":1792},{"FontEngine":336},{"Physics":286453},{"Physics2D":153264},{"Serialization":6851304},{"Input":59520},{"JobScheduler":12550264},{"GarbageCollector":1049152},{"Mono":92},{"ScriptingNativeRuntime":167128},{"BaseObject":1916225},{"Resource":1260},{"Renderer":8728},{"Transform":48},{"File":12455},{"Network":3356},{"WebCam":40},{"Culling":48},{"Terrain":1073},{"TerrainPhysics":8},{"Wind":24},{"STL":543744},{"String":12541910},{"DynamicArray":5115942},{"HashMap":1428074},{"Utility":4107758},{"PoolAlloc":1488},{"AI":59656},{"TypeTree":4533},{"ScriptManager":1492540},{"MonoScriptCache":534512},{"RuntimeInitializeOnLoadManager":72},{"AncestorCache":32},{"SpriteAtlas":112},{"GI":16312},{"Director":7928},{"WebRequest":720},{"VR":45961},{"SceneManager":600},{"Video":256},{"LazyScriptCache":32},{"ManagedAttributeManager":1},{"TextureStreaming":1416},{"NativeArray":839},{"ScreenCapture":8},{"Camera":25},{"Secure":1},{"CrashReporter":1040},{"SerializationCache":1576},{"APIUpdating":11856},{"Subsystems":384},{"VirtualTexturing":59488},{"StaticSafetyDebugInfo":327680},{"EditorGui":4728292},{"EditorUtility":148841},{"VersionControl":4},{"Undo":736},{"AssetDatabase":4414427},{"AssetImporter":279475},{"RestService":2880},{"EditorGi":24528},{"ProgressiveLightmapper":11144},{"License":3144},{"UnityConnect":25432},{"Collab":25},{"Upm":1232},{"DrivenProperties":80},{"LocalIPC":120},{"ProfilerEditor":10991},{"CoreBusinessMetrics":2876},{"AssetReference":32},{"IPCStream":32}]}
