{"cameraMode":{"drawMode":0,"name":"Shaded","section":"Shading Mode"},"sceneLighting":false,"audioPlay":false,"sceneViewState":{"m_AlwaysRefresh":false,"showFog":true,"showSkybox":false,"showFlares":true,"showImageEffects":true,"showParticleSystems":true,"showVisualEffectGraphs":true,"m_FxEnabled":true},"in2DMode":false,"pivot":{"x":409.5786437988281,"y":416.0003662109375,"z":71.16419982910156},"rotation":{"x":0.046471647918224338,"y":0.022474272176623346,"z":-0.001047578640282154,"w":0.9986732006072998},"size":80.69263458251953,"orthographic":false}